"id","url","page","nama_mobil","listing_id"
1,"https://www.carmudi.co.id/mobil-bekas-dijual/indonesia?page_number=1&page_size=25",1,"indonesia?page_number=1&page_size=25","https://www.carmudi.co.id/mobil-bekas-dijual/indonesia?page_number=1&page_size=25"
2,"https://www.carmudi.co.id/mobil-bekas-dijual/indonesia",1,"indonesia","https://www.carmudi.co.id/mobil-bekas-dijual/indonesia"
3,"https://www.carmudi.co.id/mobil-bekas-dijual/indonesia?page_size=25&page_number=1",1,"indonesia?page_size=25&page_number=1","https://www.carmudi.co.id/mobil-bekas-dijual/indonesia?page_size=25&page_number=1"
4,"https://www.carmudi.co.id/mobil-bekas-dijual/indonesia?transmission=automatic&page_size=25&page_number=1",1,"indonesia?transmission=automatic&page_size=25&page_number=1","https://www.carmudi.co.id/mobil-bekas-dijual/indonesia?transmission=automatic&page_size=25&page_number=1"
5,"https://www.carmudi.co.id/mobil-bekas-dijual/indonesia?transmission=manual&page_size=25&page_number=1",1,"indonesia?transmission=manual&page_size=25&page_number=1","https://www.carmudi.co.id/mobil-bekas-dijual/indonesia?transmission=manual&page_size=25&page_number=1"
6,"https://www.carmudi.co.id/mobil-bekas-dijual/indonesia?page_size=25",1,"indonesia?page_size=25","https://www.carmudi.co.id/mobil-bekas-dijual/indonesia?page_size=25"
7,"https://www.carmudi.co.id/mobil-bekas-dijual/bmw/indonesia?page_size=25",1,"bmw/indonesia?page_size=25","https://www.carmudi.co.id/mobil-bekas-dijual/bmw/indonesia?page_size=25"
8,"https://www.carmudi.co.id/mobil-bekas-dijual/honda/indonesia?page_size=25",1,"honda/indonesia?page_size=25","https://www.carmudi.co.id/mobil-bekas-dijual/honda/indonesia?page_size=25"
9,"https://www.carmudi.co.id/mobil-bekas-dijual/hyundai/indonesia?page_size=25",1,"hyundai/indonesia?page_size=25","https://www.carmudi.co.id/mobil-bekas-dijual/hyundai/indonesia?page_size=25"
10,"https://www.carmudi.co.id/mobil-bekas-dijual/lexus/indonesia?page_size=25",1,"lexus/indonesia?page_size=25","https://www.carmudi.co.id/mobil-bekas-dijual/lexus/indonesia?page_size=25"
11,"https://www.carmudi.co.id/mobil-bekas-dijual/mercedes-benz/indonesia?page_size=25",1,"mercedes-benz/indonesia?page_size=25","https://www.carmudi.co.id/mobil-bekas-dijual/mercedes-benz/indonesia?page_size=25"
12,"https://www.carmudi.co.id/mobil-bekas-dijual/mitsubishi/indonesia?page_size=25",1,"mitsubishi/indonesia?page_size=25","https://www.carmudi.co.id/mobil-bekas-dijual/mitsubishi/indonesia?page_size=25"
13,"https://www.carmudi.co.id/mobil-bekas-dijual/suzuki/indonesia?page_size=25",1,"suzuki/indonesia?page_size=25","https://www.carmudi.co.id/mobil-bekas-dijual/suzuki/indonesia?page_size=25"
14,"https://www.carmudi.co.id/mobil-bekas-dijual/toyota/indonesia?page_size=25",1,"toyota/indonesia?page_size=25","https://www.carmudi.co.id/mobil-bekas-dijual/toyota/indonesia?page_size=25"
15,"https://www.carmudi.co.id/mobil-bekas-dijual/abarth/indonesia?page_size=25",1,"abarth/indonesia?page_size=25","https://www.carmudi.co.id/mobil-bekas-dijual/abarth/indonesia?page_size=25"
16,"https://www.carmudi.co.id/mobil-bekas-dijual/aston-martin/indonesia?page_size=25",1,"aston-martin/indonesia?page_size=25","https://www.carmudi.co.id/mobil-bekas-dijual/aston-martin/indonesia?page_size=25"
17,"https://www.carmudi.co.id/mobil-bekas-dijual/audi/indonesia?page_size=25",1,"audi/indonesia?page_size=25","https://www.carmudi.co.id/mobil-bekas-dijual/audi/indonesia?page_size=25"
18,"https://www.carmudi.co.id/mobil-bekas-dijual/baic/indonesia?page_size=25",1,"baic/indonesia?page_size=25","https://www.carmudi.co.id/mobil-bekas-dijual/baic/indonesia?page_size=25"
19,"https://www.carmudi.co.id/mobil-bekas-dijual/bentley/indonesia?page_size=25",1,"bentley/indonesia?page_size=25","https://www.carmudi.co.id/mobil-bekas-dijual/bentley/indonesia?page_size=25"
20,"https://www.carmudi.co.id/mobil-bekas-dijual/byd/indonesia?page_size=25",1,"byd/indonesia?page_size=25","https://www.carmudi.co.id/mobil-bekas-dijual/byd/indonesia?page_size=25"
21,"https://www.carmudi.co.id/mobil-bekas-dijual/cadillac/indonesia?page_size=25",1,"cadillac/indonesia?page_size=25","https://www.carmudi.co.id/mobil-bekas-dijual/cadillac/indonesia?page_size=25"
22,"https://www.carmudi.co.id/mobil-bekas-dijual/chery/indonesia?page_size=25",1,"chery/indonesia?page_size=25","https://www.carmudi.co.id/mobil-bekas-dijual/chery/indonesia?page_size=25"
23,"https://www.carmudi.co.id/mobil-bekas-dijual/chevrolet/indonesia?page_size=25",1,"chevrolet/indonesia?page_size=25","https://www.carmudi.co.id/mobil-bekas-dijual/chevrolet/indonesia?page_size=25"
24,"https://www.carmudi.co.id/mobil-bekas-dijual/chrysler/indonesia?page_size=25",1,"chrysler/indonesia?page_size=25","https://www.carmudi.co.id/mobil-bekas-dijual/chrysler/indonesia?page_size=25"
25,"https://www.carmudi.co.id/mobil-bekas-dijual/citroen/indonesia?page_size=25",1,"citroen/indonesia?page_size=25","https://www.carmudi.co.id/mobil-bekas-dijual/citroen/indonesia?page_size=25"
26,"https://www.carmudi.co.id/mobil-bekas-dijual/daihatsu/indonesia?page_size=25",1,"daihatsu/indonesia?page_size=25","https://www.carmudi.co.id/mobil-bekas-dijual/daihatsu/indonesia?page_size=25"
27,"https://www.carmudi.co.id/mobil-bekas-dijual/datsun/indonesia?page_size=25",1,"datsun/indonesia?page_size=25","https://www.carmudi.co.id/mobil-bekas-dijual/datsun/indonesia?page_size=25"
28,"https://www.carmudi.co.id/mobil-bekas-dijual/denza/indonesia?page_size=25",1,"denza/indonesia?page_size=25","https://www.carmudi.co.id/mobil-bekas-dijual/denza/indonesia?page_size=25"
29,"https://www.carmudi.co.id/mobil-bekas-dijual/dfsk/indonesia?page_size=25",1,"dfsk/indonesia?page_size=25","https://www.carmudi.co.id/mobil-bekas-dijual/dfsk/indonesia?page_size=25"
30,"https://www.carmudi.co.id/mobil-bekas-dijual/dodge/indonesia?page_size=25",1,"dodge/indonesia?page_size=25","https://www.carmudi.co.id/mobil-bekas-dijual/dodge/indonesia?page_size=25"
31,"https://www.carmudi.co.id/mobil-bekas-dijual/ferrari/indonesia?page_size=25",1,"ferrari/indonesia?page_size=25","https://www.carmudi.co.id/mobil-bekas-dijual/ferrari/indonesia?page_size=25"
32,"https://www.carmudi.co.id/mobil-bekas-dijual/fiat/indonesia?page_size=25",1,"fiat/indonesia?page_size=25","https://www.carmudi.co.id/mobil-bekas-dijual/fiat/indonesia?page_size=25"
33,"https://www.carmudi.co.id/mobil-bekas-dijual/ford/indonesia?page_size=25",1,"ford/indonesia?page_size=25","https://www.carmudi.co.id/mobil-bekas-dijual/ford/indonesia?page_size=25"
34,"https://www.carmudi.co.id/mobil-bekas-dijual/gac/indonesia?page_size=25",1,"gac/indonesia?page_size=25","https://www.carmudi.co.id/mobil-bekas-dijual/gac/indonesia?page_size=25"
35,"https://www.carmudi.co.id/mobil-bekas-dijual/genesis/indonesia?page_size=25",1,"genesis/indonesia?page_size=25","https://www.carmudi.co.id/mobil-bekas-dijual/genesis/indonesia?page_size=25"
36,"https://www.carmudi.co.id/mobil-bekas-dijual/gmc/indonesia?page_size=25",1,"gmc/indonesia?page_size=25","https://www.carmudi.co.id/mobil-bekas-dijual/gmc/indonesia?page_size=25"
37,"https://www.carmudi.co.id/mobil-bekas-dijual/gwm/indonesia?page_size=25",1,"gwm/indonesia?page_size=25","https://www.carmudi.co.id/mobil-bekas-dijual/gwm/indonesia?page_size=25"
38,"https://www.carmudi.co.id/mobil-bekas-dijual/hino/indonesia?page_size=25",1,"hino/indonesia?page_size=25","https://www.carmudi.co.id/mobil-bekas-dijual/hino/indonesia?page_size=25"
39,"https://www.carmudi.co.id/mobil-bekas-dijual/holden/indonesia?page_size=25",1,"holden/indonesia?page_size=25","https://www.carmudi.co.id/mobil-bekas-dijual/holden/indonesia?page_size=25"
40,"https://www.carmudi.co.id/mobil-bekas-dijual/hummer/indonesia?page_size=25",1,"hummer/indonesia?page_size=25","https://www.carmudi.co.id/mobil-bekas-dijual/hummer/indonesia?page_size=25"
41,"https://www.carmudi.co.id/mobil-bekas-dijual/infiniti/indonesia?page_size=25",1,"infiniti/indonesia?page_size=25","https://www.carmudi.co.id/mobil-bekas-dijual/infiniti/indonesia?page_size=25"
42,"https://www.carmudi.co.id/mobil-bekas-dijual/isuzu/indonesia?page_size=25",1,"isuzu/indonesia?page_size=25","https://www.carmudi.co.id/mobil-bekas-dijual/isuzu/indonesia?page_size=25"
43,"https://www.carmudi.co.id/mobil-bekas-dijual/jaecoo/indonesia?page_size=25",1,"jaecoo/indonesia?page_size=25","https://www.carmudi.co.id/mobil-bekas-dijual/jaecoo/indonesia?page_size=25"
44,"https://www.carmudi.co.id/mobil-bekas-dijual/jaguar/indonesia?page_size=25",1,"jaguar/indonesia?page_size=25","https://www.carmudi.co.id/mobil-bekas-dijual/jaguar/indonesia?page_size=25"
45,"https://www.carmudi.co.id/mobil-bekas-dijual/jeep/indonesia?page_size=25",1,"jeep/indonesia?page_size=25","https://www.carmudi.co.id/mobil-bekas-dijual/jeep/indonesia?page_size=25"
46,"https://www.carmudi.co.id/mobil-bekas-dijual/jetour/indonesia?page_size=25",1,"jetour/indonesia?page_size=25","https://www.carmudi.co.id/mobil-bekas-dijual/jetour/indonesia?page_size=25"
47,"https://www.carmudi.co.id/mobil-bekas-dijual/kia/indonesia?page_size=25",1,"kia/indonesia?page_size=25","https://www.carmudi.co.id/mobil-bekas-dijual/kia/indonesia?page_size=25"
48,"https://www.carmudi.co.id/mobil-bekas-dijual/lamborghini/indonesia?page_size=25",1,"lamborghini/indonesia?page_size=25","https://www.carmudi.co.id/mobil-bekas-dijual/lamborghini/indonesia?page_size=25"
49,"https://www.carmudi.co.id/mobil-bekas-dijual/land-rover/indonesia?page_size=25",1,"land-rover/indonesia?page_size=25","https://www.carmudi.co.id/mobil-bekas-dijual/land-rover/indonesia?page_size=25"
50,"https://www.carmudi.co.id/mobil-bekas-dijual/lotus/indonesia?page_size=25",1,"lotus/indonesia?page_size=25","https://www.carmudi.co.id/mobil-bekas-dijual/lotus/indonesia?page_size=25"
51,"https://www.carmudi.co.id/mobil-bekas-dijual/maserati/indonesia?page_size=25",1,"maserati/indonesia?page_size=25","https://www.carmudi.co.id/mobil-bekas-dijual/maserati/indonesia?page_size=25"
52,"https://www.carmudi.co.id/mobil-bekas-dijual/mazda/indonesia?page_size=25",1,"mazda/indonesia?page_size=25","https://www.carmudi.co.id/mobil-bekas-dijual/mazda/indonesia?page_size=25"
53,"https://www.carmudi.co.id/mobil-bekas-dijual/mclaren/indonesia?page_size=25",1,"mclaren/indonesia?page_size=25","https://www.carmudi.co.id/mobil-bekas-dijual/mclaren/indonesia?page_size=25"
54,"https://www.carmudi.co.id/mobil-bekas-dijual/mg/indonesia?page_size=25",1,"mg/indonesia?page_size=25","https://www.carmudi.co.id/mobil-bekas-dijual/mg/indonesia?page_size=25"
55,"https://www.carmudi.co.id/mobil-bekas-dijual/mini/indonesia?page_size=25",1,"mini/indonesia?page_size=25","https://www.carmudi.co.id/mobil-bekas-dijual/mini/indonesia?page_size=25"
56,"https://www.carmudi.co.id/mobil-bekas-dijual/neta/indonesia?page_size=25",1,"neta/indonesia?page_size=25","https://www.carmudi.co.id/mobil-bekas-dijual/neta/indonesia?page_size=25"
57,"https://www.carmudi.co.id/mobil-bekas-dijual/nissan/indonesia?page_size=25",1,"nissan/indonesia?page_size=25","https://www.carmudi.co.id/mobil-bekas-dijual/nissan/indonesia?page_size=25"
58,"https://www.carmudi.co.id/mobil-bekas-dijual/peugeot/indonesia?page_size=25",1,"peugeot/indonesia?page_size=25","https://www.carmudi.co.id/mobil-bekas-dijual/peugeot/indonesia?page_size=25"
59,"https://www.carmudi.co.id/mobil-bekas-dijual/porsche/indonesia?page_size=25",1,"porsche/indonesia?page_size=25","https://www.carmudi.co.id/mobil-bekas-dijual/porsche/indonesia?page_size=25"
60,"https://www.carmudi.co.id/mobil-bekas-dijual/proton/indonesia?page_size=25",1,"proton/indonesia?page_size=25","https://www.carmudi.co.id/mobil-bekas-dijual/proton/indonesia?page_size=25"
61,"https://www.carmudi.co.id/mobil-bekas-dijual/renault/indonesia?page_size=25",1,"renault/indonesia?page_size=25","https://www.carmudi.co.id/mobil-bekas-dijual/renault/indonesia?page_size=25"
62,"https://www.carmudi.co.id/mobil-bekas-dijual/rolls-royce/indonesia?page_size=25",1,"rolls-royce/indonesia?page_size=25","https://www.carmudi.co.id/mobil-bekas-dijual/rolls-royce/indonesia?page_size=25"
63,"https://www.carmudi.co.id/mobil-bekas-dijual/smart/indonesia?page_size=25",1,"smart/indonesia?page_size=25","https://www.carmudi.co.id/mobil-bekas-dijual/smart/indonesia?page_size=25"
64,"https://www.carmudi.co.id/mobil-bekas-dijual/subaru/indonesia?page_size=25",1,"subaru/indonesia?page_size=25","https://www.carmudi.co.id/mobil-bekas-dijual/subaru/indonesia?page_size=25"
65,"https://www.carmudi.co.id/mobil-bekas-dijual/tesla/indonesia?page_size=25",1,"tesla/indonesia?page_size=25","https://www.carmudi.co.id/mobil-bekas-dijual/tesla/indonesia?page_size=25"
66,"https://www.carmudi.co.id/mobil-bekas-dijual/ud-trucks/indonesia?page_size=25",1,"ud-trucks/indonesia?page_size=25","https://www.carmudi.co.id/mobil-bekas-dijual/ud-trucks/indonesia?page_size=25"
67,"https://www.carmudi.co.id/mobil-bekas-dijual/volkswagen/indonesia?page_size=25",1,"volkswagen/indonesia?page_size=25","https://www.carmudi.co.id/mobil-bekas-dijual/volkswagen/indonesia?page_size=25"
68,"https://www.carmudi.co.id/mobil-bekas-dijual/volvo/indonesia?page_size=25",1,"volvo/indonesia?page_size=25","https://www.carmudi.co.id/mobil-bekas-dijual/volvo/indonesia?page_size=25"
69,"https://www.carmudi.co.id/mobil-bekas-dijual/wuling/indonesia?page_size=25",1,"wuling/indonesia?page_size=25","https://www.carmudi.co.id/mobil-bekas-dijual/wuling/indonesia?page_size=25"
70,"https://www.carmudi.co.id/mobil-bekas-dijual/xpeng/indonesia?page_size=25",1,"xpeng/indonesia?page_size=25","https://www.carmudi.co.id/mobil-bekas-dijual/xpeng/indonesia?page_size=25"
71,"https://www.carmudi.co.id/mobil-bekas-dijual/indonesia_jabodetabek?page_size=25",1,"indonesia_jabodetabek?page_size=25","https://www.carmudi.co.id/mobil-bekas-dijual/indonesia_jabodetabek?page_size=25"
72,"https://www.carmudi.co.id/mobil-bekas-dijual/indonesia_dki-jakarta?page_size=25",1,"indonesia_dki-jakarta?page_size=25","https://www.carmudi.co.id/mobil-bekas-dijual/indonesia_dki-jakarta?page_size=25"
73,"https://www.carmudi.co.id/mobil-bekas-dijual/indonesia_banten?page_size=25",1,"indonesia_banten?page_size=25","https://www.carmudi.co.id/mobil-bekas-dijual/indonesia_banten?page_size=25"
74,"https://www.carmudi.co.id/mobil-bekas-dijual/indonesia_jawa-barat?page_size=25",1,"indonesia_jawa-barat?page_size=25","https://www.carmudi.co.id/mobil-bekas-dijual/indonesia_jawa-barat?page_size=25"
75,"https://www.carmudi.co.id/mobil-bekas-dijual/indonesia_jawa-timur?page_size=25",1,"indonesia_jawa-timur?page_size=25","https://www.carmudi.co.id/mobil-bekas-dijual/indonesia_jawa-timur?page_size=25"
76,"https://www.carmudi.co.id/mobil-bekas-dijual/indonesia_jawa-tengah?page_size=25",1,"indonesia_jawa-tengah?page_size=25","https://www.carmudi.co.id/mobil-bekas-dijual/indonesia_jawa-tengah?page_size=25"
77,"https://www.carmudi.co.id/mobil-bekas-dijual/indonesia_yogyakarta?page_size=25",1,"indonesia_yogyakarta?page_size=25","https://www.carmudi.co.id/mobil-bekas-dijual/indonesia_yogyakarta?page_size=25"
78,"https://www.carmudi.co.id/mobil-bekas-dijual/indonesia_sumatera-utara?page_size=25",1,"indonesia_sumatera-utara?page_size=25","https://www.carmudi.co.id/mobil-bekas-dijual/indonesia_sumatera-utara?page_size=25"
79,"https://www.carmudi.co.id/mobil-bekas-dijual/indonesia_bali?page_size=25",1,"indonesia_bali?page_size=25","https://www.carmudi.co.id/mobil-bekas-dijual/indonesia_bali?page_size=25"
80,"https://www.carmudi.co.id/mobil-bekas-dijual/indonesia_lampung?page_size=25",1,"indonesia_lampung?page_size=25","https://www.carmudi.co.id/mobil-bekas-dijual/indonesia_lampung?page_size=25"
81,"https://www.carmudi.co.id/mobil-bekas-dijual/indonesia_gorontalo?page_size=25",1,"indonesia_gorontalo?page_size=25","https://www.carmudi.co.id/mobil-bekas-dijual/indonesia_gorontalo?page_size=25"
82,"https://www.carmudi.co.id/mobil-bekas-dijual/indonesia_riau?page_size=25",1,"indonesia_riau?page_size=25","https://www.carmudi.co.id/mobil-bekas-dijual/indonesia_riau?page_size=25"
83,"https://www.carmudi.co.id/mobil-bekas-dijual/indonesia_sumatera-selatan?page_size=25",1,"indonesia_sumatera-selatan?page_size=25","https://www.carmudi.co.id/mobil-bekas-dijual/indonesia_sumatera-selatan?page_size=25"
84,"https://www.carmudi.co.id/mobil-bekas-dijual/indonesia_sumatera-barat?page_size=25",1,"indonesia_sumatera-barat?page_size=25","https://www.carmudi.co.id/mobil-bekas-dijual/indonesia_sumatera-barat?page_size=25"
85,"https://www.carmudi.co.id/mobil-bekas-dijual/indonesia_jambi?page_size=25",1,"indonesia_jambi?page_size=25","https://www.carmudi.co.id/mobil-bekas-dijual/indonesia_jambi?page_size=25"
86,"https://www.carmudi.co.id/mobil-bekas-dijual/indonesia_sulawesi-selatan?page_size=25",1,"indonesia_sulawesi-selatan?page_size=25","https://www.carmudi.co.id/mobil-bekas-dijual/indonesia_sulawesi-selatan?page_size=25"
87,"https://www.carmudi.co.id/mobil-bekas-dijual/indonesia_nangroe-aceh-darussalam?page_size=25",1,"indonesia_nangroe-aceh-darussalam?page_size=25","https://www.carmudi.co.id/mobil-bekas-dijual/indonesia_nangroe-aceh-darussalam?page_size=25"
88,"https://www.carmudi.co.id/mobil-bekas-dijual/indonesia_sulawesi-utara?page_size=25",1,"indonesia_sulawesi-utara?page_size=25","https://www.carmudi.co.id/mobil-bekas-dijual/indonesia_sulawesi-utara?page_size=25"
89,"https://www.carmudi.co.id/mobil-bekas-dijual/indonesia_kalimantan-timur?page_size=25",1,"indonesia_kalimantan-timur?page_size=25","https://www.carmudi.co.id/mobil-bekas-dijual/indonesia_kalimantan-timur?page_size=25"
90,"https://www.carmudi.co.id/mobil-bekas-dijual/indonesia_nusa-tenggara-barat?page_size=25",1,"indonesia_nusa-tenggara-barat?page_size=25","https://www.carmudi.co.id/mobil-bekas-dijual/indonesia_nusa-tenggara-barat?page_size=25"
91,"https://www.carmudi.co.id/mobil-bekas-dijual/indonesia_sulawesi-tengah?page_size=25",1,"indonesia_sulawesi-tengah?page_size=25","https://www.carmudi.co.id/mobil-bekas-dijual/indonesia_sulawesi-tengah?page_size=25"
92,"https://www.carmudi.co.id/mobil-bekas-dijual/indonesia_kalimantan-barat?page_size=25",1,"indonesia_kalimantan-barat?page_size=25","https://www.carmudi.co.id/mobil-bekas-dijual/indonesia_kalimantan-barat?page_size=25"
93,"https://www.carmudi.co.id/mobil-bekas-dijual/indonesia_maluku?page_size=25",1,"indonesia_maluku?page_size=25","https://www.carmudi.co.id/mobil-bekas-dijual/indonesia_maluku?page_size=25"
94,"https://www.carmudi.co.id/mobil-bekas-dijual/indonesia_maluku-utara?page_size=25",1,"indonesia_maluku-utara?page_size=25","https://www.carmudi.co.id/mobil-bekas-dijual/indonesia_maluku-utara?page_size=25"
95,"https://www.carmudi.co.id/mobil-bekas-dijual/indonesia_sulawesi-barat?page_size=25",1,"indonesia_sulawesi-barat?page_size=25","https://www.carmudi.co.id/mobil-bekas-dijual/indonesia_sulawesi-barat?page_size=25"
96,"https://www.carmudi.co.id/mobil-bekas-dijual/indonesia_sulawesi-tenggara?page_size=25",1,"indonesia_sulawesi-tenggara?page_size=25","https://www.carmudi.co.id/mobil-bekas-dijual/indonesia_sulawesi-tenggara?page_size=25"
97,"https://www.carmudi.co.id/mobil-bekas-dijual/indonesia?transmission=automatic&page_size=25",1,"indonesia?transmission=automatic&page_size=25","https://www.carmudi.co.id/mobil-bekas-dijual/indonesia?transmission=automatic&page_size=25"
98,"https://www.carmudi.co.id/mobil-bekas-dijual/indonesia?transmission=manual&page_size=25",1,"indonesia?transmission=manual&page_size=25","https://www.carmudi.co.id/mobil-bekas-dijual/indonesia?transmission=manual&page_size=25"
99,"https://www.carmudi.co.id/mobil-bekas-dijual/body-SUV/indonesia?page_size=25",1,"body-SUV/indonesia?page_size=25","https://www.carmudi.co.id/mobil-bekas-dijual/body-SUV/indonesia?page_size=25"
100,"https://www.carmudi.co.id/mobil-bekas-dijual/body-MPV/indonesia?page_size=25",1,"body-MPV/indonesia?page_size=25","https://www.carmudi.co.id/mobil-bekas-dijual/body-MPV/indonesia?page_size=25"
101,"https://www.carmudi.co.id/mobil-bekas-dijual/body-Sedan/indonesia?page_size=25",1,"body-Sedan/indonesia?page_size=25","https://www.carmudi.co.id/mobil-bekas-dijual/body-Sedan/indonesia?page_size=25"
102,"https://www.carmudi.co.id/mobil-bekas-dijual/body-Hatchback/indonesia?page_size=25",1,"body-Hatchback/indonesia?page_size=25","https://www.carmudi.co.id/mobil-bekas-dijual/body-Hatchback/indonesia?page_size=25"
103,"https://www.carmudi.co.id/mobil-bekas-dijual/body-Coupe/indonesia?page_size=25",1,"body-Coupe/indonesia?page_size=25","https://www.carmudi.co.id/mobil-bekas-dijual/body-Coupe/indonesia?page_size=25"
104,"https://www.carmudi.co.id/mobil-bekas-dijual/body-Convertible/indonesia?page_size=25",1,"body-Convertible/indonesia?page_size=25","https://www.carmudi.co.id/mobil-bekas-dijual/body-Convertible/indonesia?page_size=25"
105,"https://www.carmudi.co.id/mobil-bekas-dijual/body-Van/indonesia?page_size=25",1,"body-Van/indonesia?page_size=25","https://www.carmudi.co.id/mobil-bekas-dijual/body-Van/indonesia?page_size=25"
106,"https://www.carmudi.co.id/mobil-bekas-dijual/body-Wagon/indonesia?page_size=25",1,"body-Wagon/indonesia?page_size=25","https://www.carmudi.co.id/mobil-bekas-dijual/body-Wagon/indonesia?page_size=25"
107,"https://www.carmudi.co.id/mobil-bekas-dijual/body-Pickup/indonesia?page_size=25",1,"body-Pickup/indonesia?page_size=25","https://www.carmudi.co.id/mobil-bekas-dijual/body-Pickup/indonesia?page_size=25"
108,"https://www.carmudi.co.id/mobil-bekas-dijual/body-Fastback/indonesia?page_size=25",1,"body-Fastback/indonesia?page_size=25","https://www.carmudi.co.id/mobil-bekas-dijual/body-Fastback/indonesia?page_size=25"
109,"https://www.carmudi.co.id/mobil-bekas-dijual/body-Truck/indonesia?page_size=25",1,"body-Truck/indonesia?page_size=25","https://www.carmudi.co.id/mobil-bekas-dijual/body-Truck/indonesia?page_size=25"
110,"https://www.carmudi.co.id/mobil-bekas-dijual/body-Micro+car/indonesia?page_size=25",1,"body-Micro+car/indonesia?page_size=25","https://www.carmudi.co.id/mobil-bekas-dijual/body-Micro+car/indonesia?page_size=25"
111,"https://www.carmudi.co.id/mobil-bekas-dijual/indonesia?color=hitam&page_size=25",1,"indonesia?color=hitam&page_size=25","https://www.carmudi.co.id/mobil-bekas-dijual/indonesia?color=hitam&page_size=25"
112,"https://www.carmudi.co.id/mobil-bekas-dijual/indonesia?color=putih&page_size=25",1,"indonesia?color=putih&page_size=25","https://www.carmudi.co.id/mobil-bekas-dijual/indonesia?color=putih&page_size=25"
113,"https://www.carmudi.co.id/mobil-bekas-dijual/indonesia?color=abu-abu&page_size=25",1,"indonesia?color=abu-abu&page_size=25","https://www.carmudi.co.id/mobil-bekas-dijual/indonesia?color=abu-abu&page_size=25"
114,"https://www.carmudi.co.id/mobil-bekas-dijual/indonesia?color=silver&page_size=25",1,"indonesia?color=silver&page_size=25","https://www.carmudi.co.id/mobil-bekas-dijual/indonesia?color=silver&page_size=25"
115,"https://www.carmudi.co.id/mobil-bekas-dijual/indonesia?color=merah&page_size=25",1,"indonesia?color=merah&page_size=25","https://www.carmudi.co.id/mobil-bekas-dijual/indonesia?color=merah&page_size=25"
116,"https://www.carmudi.co.id/mobil-bekas-dijual/indonesia?color=biru&page_size=25",1,"indonesia?color=biru&page_size=25","https://www.carmudi.co.id/mobil-bekas-dijual/indonesia?color=biru&page_size=25"
117,"https://www.carmudi.co.id/mobil-bekas-dijual/indonesia?color=kuning&page_size=25",1,"indonesia?color=kuning&page_size=25","https://www.carmudi.co.id/mobil-bekas-dijual/indonesia?color=kuning&page_size=25"
118,"https://www.carmudi.co.id/mobil-bekas-dijual/indonesia?color=coklat&page_size=25",1,"indonesia?color=coklat&page_size=25","https://www.carmudi.co.id/mobil-bekas-dijual/indonesia?color=coklat&page_size=25"
119,"https://www.carmudi.co.id/mobil-bekas-dijual/indonesia?color=orange&page_size=25",1,"indonesia?color=orange&page_size=25","https://www.carmudi.co.id/mobil-bekas-dijual/indonesia?color=orange&page_size=25"
120,"https://www.carmudi.co.id/mobil-bekas-dijual/indonesia?color=hijau&page_size=25",1,"indonesia?color=hijau&page_size=25","https://www.carmudi.co.id/mobil-bekas-dijual/indonesia?color=hijau&page_size=25"
121,"https://www.carmudi.co.id/mobil-bekas-dijual/indonesia?color=marun&page_size=25",1,"indonesia?color=marun&page_size=25","https://www.carmudi.co.id/mobil-bekas-dijual/indonesia?color=marun&page_size=25"
122,"https://www.carmudi.co.id/mobil-bekas-dijual/indonesia?color=ungu&page_size=25",1,"indonesia?color=ungu&page_size=25","https://www.carmudi.co.id/mobil-bekas-dijual/indonesia?color=ungu&page_size=25"
123,"https://www.carmudi.co.id/mobil-bekas-dijual/indonesia?color=lainnya&page_size=25",1,"indonesia?color=lainnya&page_size=25","https://www.carmudi.co.id/mobil-bekas-dijual/indonesia?color=lainnya&page_size=25"
124,"https://www.carmudi.co.id/mobil-bekas-dijual/indonesia?color=emas&page_size=25",1,"indonesia?color=emas&page_size=25","https://www.carmudi.co.id/mobil-bekas-dijual/indonesia?color=emas&page_size=25"
125,"https://www.carmudi.co.id/mobil-bekas-dijual/indonesia?profile_type=Private&page_size=25",1,"indonesia?profile_type=Private&page_size=25","https://www.carmudi.co.id/mobil-bekas-dijual/indonesia?profile_type=Private&page_size=25"
126,"https://www.carmudi.co.id/mobil-bekas-dijual/indonesia?profile_type=Dealer&page_size=25",1,"indonesia?profile_type=Dealer&page_size=25","https://www.carmudi.co.id/mobil-bekas-dijual/indonesia?profile_type=Dealer&page_size=25"
127,"https://www.carmudi.co.id/mobil-bekas-dijual/indonesia?fuel_type=Petrol&page_size=25",1,"indonesia?fuel_type=Petrol&page_size=25","https://www.carmudi.co.id/mobil-bekas-dijual/indonesia?fuel_type=Petrol&page_size=25"
128,"https://www.carmudi.co.id/mobil-bekas-dijual/indonesia?fuel_type=Diesel&page_size=25",1,"indonesia?fuel_type=Diesel&page_size=25","https://www.carmudi.co.id/mobil-bekas-dijual/indonesia?fuel_type=Diesel&page_size=25"
129,"https://www.carmudi.co.id/mobil-bekas-dijual/indonesia?fuel_type=Hybrid&page_size=25",1,"indonesia?fuel_type=Hybrid&page_size=25","https://www.carmudi.co.id/mobil-bekas-dijual/indonesia?fuel_type=Hybrid&page_size=25"
130,"https://www.carmudi.co.id/mobil-bekas-dijual/indonesia?fuel_type=Electric&page_size=25",1,"indonesia?fuel_type=Electric&page_size=25","https://www.carmudi.co.id/mobil-bekas-dijual/indonesia?fuel_type=Electric&page_size=25"
131,"https://www.carmudi.co.id/mobil-bekas-dijual/indonesia?driven_wheel=FWD+%28Front+Wheel+Drive%29&page_size=25",1,"indonesia?driven_wheel=FWD+%28Front+Wheel+Drive%29&page_size=25","https://www.carmudi.co.id/mobil-bekas-dijual/indonesia?driven_wheel=FWD+%28Front+Wheel+Drive%29&page_size=25"
132,"https://www.carmudi.co.id/mobil-bekas-dijual/indonesia?driven_wheel=RWD+%28Rear+Wheel+Drive%29&page_size=25",1,"indonesia?driven_wheel=RWD+%28Rear+Wheel+Drive%29&page_size=25","https://www.carmudi.co.id/mobil-bekas-dijual/indonesia?driven_wheel=RWD+%28Rear+Wheel+Drive%29&page_size=25"
133,"https://www.carmudi.co.id/mobil-bekas-dijual/indonesia?driven_wheel=AWD+%28All+Wheel+Drive%29&page_size=25",1,"indonesia?driven_wheel=AWD+%28All+Wheel+Drive%29&page_size=25","https://www.carmudi.co.id/mobil-bekas-dijual/indonesia?driven_wheel=AWD+%28All+Wheel+Drive%29&page_size=25"
134,"https://www.carmudi.co.id/mobil-bekas-dijual/indonesia?driven_wheel=4WD+%284+Wheel+Drive%29&page_size=25",1,"indonesia?driven_wheel=4WD+%284+Wheel+Drive%29&page_size=25","https://www.carmudi.co.id/mobil-bekas-dijual/indonesia?driven_wheel=4WD+%284+Wheel+Drive%29&page_size=25"
135,"https://www.carmudi.co.id/mobil-bekas-dijual/indonesia?page_size=25&page_number=1&sort=best.match",1,"indonesia?page_size=25&page_number=1&sort=best.match","https://www.carmudi.co.id/mobil-bekas-dijual/indonesia?page_size=25&page_number=1&sort=best.match"
136,"https://www.carmudi.co.id/mobil-bekas-dijual/indonesia?page_size=25&page_number=1&sort=modification_date_search.desc",1,"indonesia?page_size=25&page_number=1&sort=modification_date_search.desc","https://www.carmudi.co.id/mobil-bekas-dijual/indonesia?page_size=25&page_number=1&sort=modification_date_search.desc"
137,"https://www.carmudi.co.id/mobil-bekas-dijual/indonesia?page_size=25&page_number=1&sort=price.asc",1,"indonesia?page_size=25&page_number=1&sort=price.asc","https://www.carmudi.co.id/mobil-bekas-dijual/indonesia?page_size=25&page_number=1&sort=price.asc"
138,"https://www.carmudi.co.id/mobil-bekas-dijual/indonesia?page_size=25&page_number=1&sort=price.desc",1,"indonesia?page_size=25&page_number=1&sort=price.desc","https://www.carmudi.co.id/mobil-bekas-dijual/indonesia?page_size=25&page_number=1&sort=price.desc"
139,"https://www.carmudi.co.id/mobil-bekas-dijual/indonesia?page_size=25&page_number=1&sort=year.desc",1,"indonesia?page_size=25&page_number=1&sort=year.desc","https://www.carmudi.co.id/mobil-bekas-dijual/indonesia?page_size=25&page_number=1&sort=year.desc"
140,"https://www.carmudi.co.id/mobil-bekas-dijual/indonesia?page_size=25&page_number=1&sort=year.asc",1,"indonesia?page_size=25&page_number=1&sort=year.asc","https://www.carmudi.co.id/mobil-bekas-dijual/indonesia?page_size=25&page_number=1&sort=year.asc"
141,"https://www.carmudi.co.id/mobil-bekas-dijual/indonesia?page_size=25&page_number=1&sort=mileage.asc",1,"indonesia?page_size=25&page_number=1&sort=mileage.asc","https://www.carmudi.co.id/mobil-bekas-dijual/indonesia?page_size=25&page_number=1&sort=mileage.asc"
142,"https://www.carmudi.co.id/mobil-bekas-dijual/indonesia?page_size=25&page_number=1&sort=mileage.desc",1,"indonesia?page_size=25&page_number=1&sort=mileage.desc","https://www.carmudi.co.id/mobil-bekas-dijual/indonesia?page_size=25&page_number=1&sort=mileage.desc"
143,"https://www.carmudi.co.id/mobil-bekas-dijual/indonesia_jabodetabek?page_size=25&page_number=1",1,"indonesia_jabodetabek?page_size=25&page_number=1","https://www.carmudi.co.id/mobil-bekas-dijual/indonesia_jabodetabek?page_size=25&page_number=1"
144,"https://www.carmudi.co.id/mobil-bekas-dijual/indonesia_dki-jakarta?page_size=25&page_number=1",1,"indonesia_dki-jakarta?page_size=25&page_number=1","https://www.carmudi.co.id/mobil-bekas-dijual/indonesia_dki-jakarta?page_size=25&page_number=1"
145,"https://www.carmudi.co.id/mobil-bekas-dijual/indonesia_banten?page_size=25&page_number=1",1,"indonesia_banten?page_size=25&page_number=1","https://www.carmudi.co.id/mobil-bekas-dijual/indonesia_banten?page_size=25&page_number=1"
146,"https://www.carmudi.co.id/mobil-bekas-dijual/indonesia_jawa-barat?page_size=25&page_number=1",1,"indonesia_jawa-barat?page_size=25&page_number=1","https://www.carmudi.co.id/mobil-bekas-dijual/indonesia_jawa-barat?page_size=25&page_number=1"
147,"https://www.carmudi.co.id/mobil-bekas-dijual/indonesia_jawa-timur?page_size=25&page_number=1",1,"indonesia_jawa-timur?page_size=25&page_number=1","https://www.carmudi.co.id/mobil-bekas-dijual/indonesia_jawa-timur?page_size=25&page_number=1"
148,"https://www.carmudi.co.id/mobil-bekas-dijual/indonesia_jawa-tengah?page_size=25&page_number=1",1,"indonesia_jawa-tengah?page_size=25&page_number=1","https://www.carmudi.co.id/mobil-bekas-dijual/indonesia_jawa-tengah?page_size=25&page_number=1"
149,"https://www.carmudi.co.id/mobil-bekas-dijual/indonesia_yogyakarta?page_size=25&page_number=1",1,"indonesia_yogyakarta?page_size=25&page_number=1","https://www.carmudi.co.id/mobil-bekas-dijual/indonesia_yogyakarta?page_size=25&page_number=1"
150,"https://www.carmudi.co.id/mobil-bekas-dijual/indonesia_sumatera-utara?page_size=25&page_number=1",1,"indonesia_sumatera-utara?page_size=25&page_number=1","https://www.carmudi.co.id/mobil-bekas-dijual/indonesia_sumatera-utara?page_size=25&page_number=1"
151,"https://www.carmudi.co.id/mobil-bekas-dijual/indonesia_bali?page_size=25&page_number=1",1,"indonesia_bali?page_size=25&page_number=1","https://www.carmudi.co.id/mobil-bekas-dijual/indonesia_bali?page_size=25&page_number=1"
152,"https://www.carmudi.co.id/mobil-bekas-dijual/indonesia_lampung?page_size=25&page_number=1",1,"indonesia_lampung?page_size=25&page_number=1","https://www.carmudi.co.id/mobil-bekas-dijual/indonesia_lampung?page_size=25&page_number=1"
153,"https://www.carmudi.co.id/mobil-bekas-dijual/indonesia_gorontalo?page_size=25&page_number=1",1,"indonesia_gorontalo?page_size=25&page_number=1","https://www.carmudi.co.id/mobil-bekas-dijual/indonesia_gorontalo?page_size=25&page_number=1"
154,"https://www.carmudi.co.id/mobil-bekas-dijual/indonesia_riau?page_size=25&page_number=1",1,"indonesia_riau?page_size=25&page_number=1","https://www.carmudi.co.id/mobil-bekas-dijual/indonesia_riau?page_size=25&page_number=1"
155,"https://www.carmudi.co.id/mobil-bekas-dijual/indonesia_sumatera-selatan?page_size=25&page_number=1",1,"indonesia_sumatera-selatan?page_size=25&page_number=1","https://www.carmudi.co.id/mobil-bekas-dijual/indonesia_sumatera-selatan?page_size=25&page_number=1"
156,"https://www.carmudi.co.id/mobil-bekas-dijual/indonesia_sumatera-barat?page_size=25&page_number=1",1,"indonesia_sumatera-barat?page_size=25&page_number=1","https://www.carmudi.co.id/mobil-bekas-dijual/indonesia_sumatera-barat?page_size=25&page_number=1"
157,"https://www.carmudi.co.id/mobil-bekas-dijual/indonesia_jambi?page_size=25&page_number=1",1,"indonesia_jambi?page_size=25&page_number=1","https://www.carmudi.co.id/mobil-bekas-dijual/indonesia_jambi?page_size=25&page_number=1"
158,"https://www.carmudi.co.id/mobil-bekas-dijual/indonesia_sulawesi-selatan?page_size=25&page_number=1",1,"indonesia_sulawesi-selatan?page_size=25&page_number=1","https://www.carmudi.co.id/mobil-bekas-dijual/indonesia_sulawesi-selatan?page_size=25&page_number=1"
159,"https://www.carmudi.co.id/mobil-bekas-dijual/indonesia_nangroe-aceh-darussalam?page_size=25&page_number=1",1,"indonesia_nangroe-aceh-darussalam?page_size=25&page_number=1","https://www.carmudi.co.id/mobil-bekas-dijual/indonesia_nangroe-aceh-darussalam?page_size=25&page_number=1"
160,"https://www.carmudi.co.id/mobil-bekas-dijual/indonesia_sulawesi-utara?page_size=25&page_number=1",1,"indonesia_sulawesi-utara?page_size=25&page_number=1","https://www.carmudi.co.id/mobil-bekas-dijual/indonesia_sulawesi-utara?page_size=25&page_number=1"
161,"https://www.carmudi.co.id/mobil-bekas-dijual/indonesia_kalimantan-timur?page_size=25&page_number=1",1,"indonesia_kalimantan-timur?page_size=25&page_number=1","https://www.carmudi.co.id/mobil-bekas-dijual/indonesia_kalimantan-timur?page_size=25&page_number=1"
162,"https://www.carmudi.co.id/mobil-bekas-dijual/indonesia_nusa-tenggara-barat?page_size=25&page_number=1",1,"indonesia_nusa-tenggara-barat?page_size=25&page_number=1","https://www.carmudi.co.id/mobil-bekas-dijual/indonesia_nusa-tenggara-barat?page_size=25&page_number=1"
163,"https://www.carmudi.co.id/mobil-bekas-dijual/indonesia_sulawesi-tengah?page_size=25&page_number=1",1,"indonesia_sulawesi-tengah?page_size=25&page_number=1","https://www.carmudi.co.id/mobil-bekas-dijual/indonesia_sulawesi-tengah?page_size=25&page_number=1"
164,"https://www.carmudi.co.id/mobil-bekas-dijual/indonesia_kalimantan-barat?page_size=25&page_number=1",1,"indonesia_kalimantan-barat?page_size=25&page_number=1","https://www.carmudi.co.id/mobil-bekas-dijual/indonesia_kalimantan-barat?page_size=25&page_number=1"
165,"https://www.carmudi.co.id/mobil-bekas-dijual/indonesia_maluku?page_size=25&page_number=1",1,"indonesia_maluku?page_size=25&page_number=1","https://www.carmudi.co.id/mobil-bekas-dijual/indonesia_maluku?page_size=25&page_number=1"
166,"https://www.carmudi.co.id/mobil-bekas-dijual/indonesia_maluku-utara?page_size=25&page_number=1",1,"indonesia_maluku-utara?page_size=25&page_number=1","https://www.carmudi.co.id/mobil-bekas-dijual/indonesia_maluku-utara?page_size=25&page_number=1"
167,"https://www.carmudi.co.id/mobil-bekas-dijual/indonesia_sulawesi-barat?page_size=25&page_number=1",1,"indonesia_sulawesi-barat?page_size=25&page_number=1","https://www.carmudi.co.id/mobil-bekas-dijual/indonesia_sulawesi-barat?page_size=25&page_number=1"
168,"https://www.carmudi.co.id/mobil-bekas-dijual/indonesia_sulawesi-tenggara?page_size=25&page_number=1",1,"indonesia_sulawesi-tenggara?page_size=25&page_number=1","https://www.carmudi.co.id/mobil-bekas-dijual/indonesia_sulawesi-tenggara?page_size=25&page_number=1"
169,"https://www.carmudi.co.id/mobil-bekas-dijual/toyota/indonesia?page_size=12&page_number=1",1,"toyota/indonesia?page_size=12&page_number=1","https://www.carmudi.co.id/mobil-bekas-dijual/toyota/indonesia?page_size=12&page_number=1"
170,"https://www.carmudi.co.id/mobil-bekas-dijual/honda/indonesia?page_size=12&page_number=1",1,"honda/indonesia?page_size=12&page_number=1","https://www.carmudi.co.id/mobil-bekas-dijual/honda/indonesia?page_size=12&page_number=1"
171,"https://www.carmudi.co.id/mobil-bekas-dijual/mercedes-benz/indonesia?page_size=12&page_number=1",1,"mercedes-benz/indonesia?page_size=12&page_number=1","https://www.carmudi.co.id/mobil-bekas-dijual/mercedes-benz/indonesia?page_size=12&page_number=1"
172,"https://www.carmudi.co.id/mobil-bekas-dijual/suzuki/indonesia?page_size=12&page_number=1",1,"suzuki/indonesia?page_size=12&page_number=1","https://www.carmudi.co.id/mobil-bekas-dijual/suzuki/indonesia?page_size=12&page_number=1"
173,"https://www.carmudi.co.id/mobil-bekas-dijual/mitsubishi/indonesia?page_size=12&page_number=1",1,"mitsubishi/indonesia?page_size=12&page_number=1","https://www.carmudi.co.id/mobil-bekas-dijual/mitsubishi/indonesia?page_size=12&page_number=1"
174,"https://www.carmudi.co.id/mobil-bekas-dijual/daihatsu/indonesia?page_size=12&page_number=1",1,"daihatsu/indonesia?page_size=12&page_number=1","https://www.carmudi.co.id/mobil-bekas-dijual/daihatsu/indonesia?page_size=12&page_number=1"
175,"https://www.carmudi.co.id/mobil-bekas-dijual/mazda/indonesia?page_size=12&page_number=1",1,"mazda/indonesia?page_size=12&page_number=1","https://www.carmudi.co.id/mobil-bekas-dijual/mazda/indonesia?page_size=12&page_number=1"
176,"https://www.carmudi.co.id/mobil-bekas-dijual/bmw/indonesia?page_size=12&page_number=1",1,"bmw/indonesia?page_size=12&page_number=1","https://www.carmudi.co.id/mobil-bekas-dijual/bmw/indonesia?page_size=12&page_number=1"
177,"https://www.carmudi.co.id/mobil-bekas-dijual/hyundai/indonesia?page_size=12&page_number=1",1,"hyundai/indonesia?page_size=12&page_number=1","https://www.carmudi.co.id/mobil-bekas-dijual/hyundai/indonesia?page_size=12&page_number=1"
178,"https://www.carmudi.co.id/mobil-bekas-dijual/mitsubishi/xpander/indonesia",1,"mitsubishi/xpander/indonesia","https://www.carmudi.co.id/mobil-bekas-dijual/mitsubishi/xpander/indonesia"
179,"https://www.carmudi.co.id/mobil-bekas-dijual/hyundai/santa-fe/indonesia",1,"hyundai/santa-fe/indonesia","https://www.carmudi.co.id/mobil-bekas-dijual/hyundai/santa-fe/indonesia"
180,"https://www.carmudi.co.id/mobil-bekas-dijual/mitsubishi/pajero-sport/indonesia",1,"mitsubishi/pajero-sport/indonesia","https://www.carmudi.co.id/mobil-bekas-dijual/mitsubishi/pajero-sport/indonesia"
181,"https://www.carmudi.co.id/mobil-bekas-dijual/toyota/kijang-innova/indonesia",1,"toyota/kijang-innova/indonesia","https://www.carmudi.co.id/mobil-bekas-dijual/toyota/kijang-innova/indonesia"
182,"https://www.carmudi.co.id/mobil-bekas-dijual/toyota/fortuner/gr-sport/indonesia",1,"toyota/fortuner/gr-sport/indonesia","https://www.carmudi.co.id/mobil-bekas-dijual/toyota/fortuner/gr-sport/indonesia"
183,"https://www.carmudi.co.id/mobil-bekas-dijual/toyota/rush/s-gr-sport/indonesia",1,"toyota/rush/s-gr-sport/indonesia","https://www.carmudi.co.id/mobil-bekas-dijual/toyota/rush/s-gr-sport/indonesia"
184,"https://www.carmudi.co.id/mobil-bekas-dijual/nissan/grand-livina/indonesia",1,"nissan/grand-livina/indonesia","https://www.carmudi.co.id/mobil-bekas-dijual/nissan/grand-livina/indonesia"
185,"https://www.carmudi.co.id/mobil-bekas-dijual/honda/hr-v/prestige/indonesia",1,"honda/hr-v/prestige/indonesia","https://www.carmudi.co.id/mobil-bekas-dijual/honda/hr-v/prestige/indonesia"
186,"https://www.carmudi.co.id/mobil-bekas-dijual/hyundai/palisade/indonesia",1,"hyundai/palisade/indonesia","https://www.carmudi.co.id/mobil-bekas-dijual/hyundai/palisade/indonesia"
187,"https://www.carmudi.co.id/mobil-bekas-dijual/indonesia?page_number=2&page_size=25",2,"indonesia?page_number=2&page_size=25","https://www.carmudi.co.id/mobil-bekas-dijual/indonesia?page_number=2&page_size=25"
188,"https://www.carmudi.co.id/mobil-bekas-dijual/indonesia?page_size=25&page_number=2",2,"indonesia?page_size=25&page_number=2","https://www.carmudi.co.id/mobil-bekas-dijual/indonesia?page_size=25&page_number=2"
189,"https://www.carmudi.co.id/mobil-bekas-dijual/indonesia?transmission=automatic&page_size=25&page_number=2",2,"indonesia?transmission=automatic&page_size=25&page_number=2","https://www.carmudi.co.id/mobil-bekas-dijual/indonesia?transmission=automatic&page_size=25&page_number=2"
190,"https://www.carmudi.co.id/mobil-bekas-dijual/indonesia?transmission=manual&page_size=25&page_number=2",2,"indonesia?transmission=manual&page_size=25&page_number=2","https://www.carmudi.co.id/mobil-bekas-dijual/indonesia?transmission=manual&page_size=25&page_number=2"
191,"https://www.carmudi.co.id/mobil-bekas-dijual/indonesia?page_size=25&page_number=2&sort=best.match",2,"indonesia?page_size=25&page_number=2&sort=best.match","https://www.carmudi.co.id/mobil-bekas-dijual/indonesia?page_size=25&page_number=2&sort=best.match"
192,"https://www.carmudi.co.id/mobil-bekas-dijual/indonesia?page_size=25&page_number=2&sort=modification_date_search.desc",2,"indonesia?page_size=25&page_number=2&sort=modification_date_search.desc","https://www.carmudi.co.id/mobil-bekas-dijual/indonesia?page_size=25&page_number=2&sort=modification_date_search.desc"
193,"https://www.carmudi.co.id/mobil-bekas-dijual/indonesia?page_size=25&page_number=2&sort=price.asc",2,"indonesia?page_size=25&page_number=2&sort=price.asc","https://www.carmudi.co.id/mobil-bekas-dijual/indonesia?page_size=25&page_number=2&sort=price.asc"
194,"https://www.carmudi.co.id/mobil-bekas-dijual/indonesia?page_size=25&page_number=2&sort=price.desc",2,"indonesia?page_size=25&page_number=2&sort=price.desc","https://www.carmudi.co.id/mobil-bekas-dijual/indonesia?page_size=25&page_number=2&sort=price.desc"
195,"https://www.carmudi.co.id/mobil-bekas-dijual/indonesia?page_size=25&page_number=2&sort=year.desc",2,"indonesia?page_size=25&page_number=2&sort=year.desc","https://www.carmudi.co.id/mobil-bekas-dijual/indonesia?page_size=25&page_number=2&sort=year.desc"
196,"https://www.carmudi.co.id/mobil-bekas-dijual/indonesia?page_size=25&page_number=2&sort=year.asc",2,"indonesia?page_size=25&page_number=2&sort=year.asc","https://www.carmudi.co.id/mobil-bekas-dijual/indonesia?page_size=25&page_number=2&sort=year.asc"
197,"https://www.carmudi.co.id/mobil-bekas-dijual/indonesia?page_size=25&page_number=2&sort=mileage.asc",2,"indonesia?page_size=25&page_number=2&sort=mileage.asc","https://www.carmudi.co.id/mobil-bekas-dijual/indonesia?page_size=25&page_number=2&sort=mileage.asc"
198,"https://www.carmudi.co.id/mobil-bekas-dijual/indonesia?page_size=25&page_number=2&sort=mileage.desc",2,"indonesia?page_size=25&page_number=2&sort=mileage.desc","https://www.carmudi.co.id/mobil-bekas-dijual/indonesia?page_size=25&page_number=2&sort=mileage.desc"
199,"https://www.carmudi.co.id/mobil-bekas-dijual/indonesia_jabodetabek?page_size=25&page_number=2",2,"indonesia_jabodetabek?page_size=25&page_number=2","https://www.carmudi.co.id/mobil-bekas-dijual/indonesia_jabodetabek?page_size=25&page_number=2"
200,"https://www.carmudi.co.id/mobil-bekas-dijual/indonesia_dki-jakarta?page_size=25&page_number=2",2,"indonesia_dki-jakarta?page_size=25&page_number=2","https://www.carmudi.co.id/mobil-bekas-dijual/indonesia_dki-jakarta?page_size=25&page_number=2"
201,"https://www.carmudi.co.id/mobil-bekas-dijual/indonesia_banten?page_size=25&page_number=2",2,"indonesia_banten?page_size=25&page_number=2","https://www.carmudi.co.id/mobil-bekas-dijual/indonesia_banten?page_size=25&page_number=2"
202,"https://www.carmudi.co.id/mobil-bekas-dijual/indonesia_jawa-barat?page_size=25&page_number=2",2,"indonesia_jawa-barat?page_size=25&page_number=2","https://www.carmudi.co.id/mobil-bekas-dijual/indonesia_jawa-barat?page_size=25&page_number=2"
203,"https://www.carmudi.co.id/mobil-bekas-dijual/indonesia_jawa-timur?page_size=25&page_number=2",2,"indonesia_jawa-timur?page_size=25&page_number=2","https://www.carmudi.co.id/mobil-bekas-dijual/indonesia_jawa-timur?page_size=25&page_number=2"
204,"https://www.carmudi.co.id/mobil-bekas-dijual/indonesia_jawa-tengah?page_size=25&page_number=2",2,"indonesia_jawa-tengah?page_size=25&page_number=2","https://www.carmudi.co.id/mobil-bekas-dijual/indonesia_jawa-tengah?page_size=25&page_number=2"
205,"https://www.carmudi.co.id/mobil-bekas-dijual/indonesia_yogyakarta?page_size=25&page_number=2",2,"indonesia_yogyakarta?page_size=25&page_number=2","https://www.carmudi.co.id/mobil-bekas-dijual/indonesia_yogyakarta?page_size=25&page_number=2"
206,"https://www.carmudi.co.id/mobil-bekas-dijual/indonesia_sumatera-utara?page_size=25&page_number=2",2,"indonesia_sumatera-utara?page_size=25&page_number=2","https://www.carmudi.co.id/mobil-bekas-dijual/indonesia_sumatera-utara?page_size=25&page_number=2"
207,"https://www.carmudi.co.id/mobil-bekas-dijual/indonesia_bali?page_size=25&page_number=2",2,"indonesia_bali?page_size=25&page_number=2","https://www.carmudi.co.id/mobil-bekas-dijual/indonesia_bali?page_size=25&page_number=2"
208,"https://www.carmudi.co.id/mobil-bekas-dijual/indonesia_lampung?page_size=25&page_number=2",2,"indonesia_lampung?page_size=25&page_number=2","https://www.carmudi.co.id/mobil-bekas-dijual/indonesia_lampung?page_size=25&page_number=2"
209,"https://www.carmudi.co.id/mobil-bekas-dijual/indonesia_gorontalo?page_size=25&page_number=2",2,"indonesia_gorontalo?page_size=25&page_number=2","https://www.carmudi.co.id/mobil-bekas-dijual/indonesia_gorontalo?page_size=25&page_number=2"
210,"https://www.carmudi.co.id/mobil-bekas-dijual/indonesia_riau?page_size=25&page_number=2",2,"indonesia_riau?page_size=25&page_number=2","https://www.carmudi.co.id/mobil-bekas-dijual/indonesia_riau?page_size=25&page_number=2"
211,"https://www.carmudi.co.id/mobil-bekas-dijual/indonesia_sumatera-selatan?page_size=25&page_number=2",2,"indonesia_sumatera-selatan?page_size=25&page_number=2","https://www.carmudi.co.id/mobil-bekas-dijual/indonesia_sumatera-selatan?page_size=25&page_number=2"
212,"https://www.carmudi.co.id/mobil-bekas-dijual/indonesia_sumatera-barat?page_size=25&page_number=2",2,"indonesia_sumatera-barat?page_size=25&page_number=2","https://www.carmudi.co.id/mobil-bekas-dijual/indonesia_sumatera-barat?page_size=25&page_number=2"
213,"https://www.carmudi.co.id/mobil-bekas-dijual/indonesia_jambi?page_size=25&page_number=2",2,"indonesia_jambi?page_size=25&page_number=2","https://www.carmudi.co.id/mobil-bekas-dijual/indonesia_jambi?page_size=25&page_number=2"
214,"https://www.carmudi.co.id/mobil-bekas-dijual/indonesia_sulawesi-selatan?page_size=25&page_number=2",2,"indonesia_sulawesi-selatan?page_size=25&page_number=2","https://www.carmudi.co.id/mobil-bekas-dijual/indonesia_sulawesi-selatan?page_size=25&page_number=2"
215,"https://www.carmudi.co.id/mobil-bekas-dijual/indonesia_nangroe-aceh-darussalam?page_size=25&page_number=2",2,"indonesia_nangroe-aceh-darussalam?page_size=25&page_number=2","https://www.carmudi.co.id/mobil-bekas-dijual/indonesia_nangroe-aceh-darussalam?page_size=25&page_number=2"
216,"https://www.carmudi.co.id/mobil-bekas-dijual/indonesia_sulawesi-utara?page_size=25&page_number=2",2,"indonesia_sulawesi-utara?page_size=25&page_number=2","https://www.carmudi.co.id/mobil-bekas-dijual/indonesia_sulawesi-utara?page_size=25&page_number=2"
217,"https://www.carmudi.co.id/mobil-bekas-dijual/indonesia_kalimantan-timur?page_size=25&page_number=2",2,"indonesia_kalimantan-timur?page_size=25&page_number=2","https://www.carmudi.co.id/mobil-bekas-dijual/indonesia_kalimantan-timur?page_size=25&page_number=2"
218,"https://www.carmudi.co.id/mobil-bekas-dijual/indonesia_nusa-tenggara-barat?page_size=25&page_number=2",2,"indonesia_nusa-tenggara-barat?page_size=25&page_number=2","https://www.carmudi.co.id/mobil-bekas-dijual/indonesia_nusa-tenggara-barat?page_size=25&page_number=2"
219,"https://www.carmudi.co.id/mobil-bekas-dijual/indonesia_sulawesi-tengah?page_size=25&page_number=2",2,"indonesia_sulawesi-tengah?page_size=25&page_number=2","https://www.carmudi.co.id/mobil-bekas-dijual/indonesia_sulawesi-tengah?page_size=25&page_number=2"
220,"https://www.carmudi.co.id/mobil-bekas-dijual/indonesia_kalimantan-barat?page_size=25&page_number=2",2,"indonesia_kalimantan-barat?page_size=25&page_number=2","https://www.carmudi.co.id/mobil-bekas-dijual/indonesia_kalimantan-barat?page_size=25&page_number=2"
221,"https://www.carmudi.co.id/mobil-bekas-dijual/indonesia_maluku?page_size=25&page_number=2",2,"indonesia_maluku?page_size=25&page_number=2","https://www.carmudi.co.id/mobil-bekas-dijual/indonesia_maluku?page_size=25&page_number=2"
222,"https://www.carmudi.co.id/mobil-bekas-dijual/indonesia_maluku-utara?page_size=25&page_number=2",2,"indonesia_maluku-utara?page_size=25&page_number=2","https://www.carmudi.co.id/mobil-bekas-dijual/indonesia_maluku-utara?page_size=25&page_number=2"
223,"https://www.carmudi.co.id/mobil-bekas-dijual/indonesia_sulawesi-barat?page_size=25&page_number=2",2,"indonesia_sulawesi-barat?page_size=25&page_number=2","https://www.carmudi.co.id/mobil-bekas-dijual/indonesia_sulawesi-barat?page_size=25&page_number=2"
224,"https://www.carmudi.co.id/mobil-bekas-dijual/indonesia_sulawesi-tenggara?page_size=25&page_number=2",2,"indonesia_sulawesi-tenggara?page_size=25&page_number=2","https://www.carmudi.co.id/mobil-bekas-dijual/indonesia_sulawesi-tenggara?page_size=25&page_number=2"
225,"https://www.carmudi.co.id/mobil-bekas-dijual/indonesia?page_number=3&page_size=25",3,"indonesia?page_number=3&page_size=25","https://www.carmudi.co.id/mobil-bekas-dijual/indonesia?page_number=3&page_size=25"
226,"https://www.carmudi.co.id/mobil-bekas-dijual/indonesia?page_size=25&page_number=3",3,"indonesia?page_size=25&page_number=3","https://www.carmudi.co.id/mobil-bekas-dijual/indonesia?page_size=25&page_number=3"
227,"https://www.carmudi.co.id/mobil-bekas-dijual/indonesia?transmission=automatic&page_size=25&page_number=3",3,"indonesia?transmission=automatic&page_size=25&page_number=3","https://www.carmudi.co.id/mobil-bekas-dijual/indonesia?transmission=automatic&page_size=25&page_number=3"
228,"https://www.carmudi.co.id/mobil-bekas-dijual/indonesia?transmission=manual&page_size=25&page_number=3",3,"indonesia?transmission=manual&page_size=25&page_number=3","https://www.carmudi.co.id/mobil-bekas-dijual/indonesia?transmission=manual&page_size=25&page_number=3"
229,"https://www.carmudi.co.id/mobil-bekas-dijual/indonesia?page_size=25&page_number=3&sort=best.match",3,"indonesia?page_size=25&page_number=3&sort=best.match","https://www.carmudi.co.id/mobil-bekas-dijual/indonesia?page_size=25&page_number=3&sort=best.match"
230,"https://www.carmudi.co.id/mobil-bekas-dijual/indonesia?page_size=25&page_number=3&sort=modification_date_search.desc",3,"indonesia?page_size=25&page_number=3&sort=modification_date_search.desc","https://www.carmudi.co.id/mobil-bekas-dijual/indonesia?page_size=25&page_number=3&sort=modification_date_search.desc"
231,"https://www.carmudi.co.id/mobil-bekas-dijual/indonesia?page_size=25&page_number=3&sort=price.asc",3,"indonesia?page_size=25&page_number=3&sort=price.asc","https://www.carmudi.co.id/mobil-bekas-dijual/indonesia?page_size=25&page_number=3&sort=price.asc"
232,"https://www.carmudi.co.id/mobil-bekas-dijual/indonesia?page_size=25&page_number=3&sort=price.desc",3,"indonesia?page_size=25&page_number=3&sort=price.desc","https://www.carmudi.co.id/mobil-bekas-dijual/indonesia?page_size=25&page_number=3&sort=price.desc"
233,"https://www.carmudi.co.id/mobil-bekas-dijual/indonesia?page_size=25&page_number=3&sort=year.desc",3,"indonesia?page_size=25&page_number=3&sort=year.desc","https://www.carmudi.co.id/mobil-bekas-dijual/indonesia?page_size=25&page_number=3&sort=year.desc"
234,"https://www.carmudi.co.id/mobil-bekas-dijual/indonesia?page_size=25&page_number=3&sort=year.asc",3,"indonesia?page_size=25&page_number=3&sort=year.asc","https://www.carmudi.co.id/mobil-bekas-dijual/indonesia?page_size=25&page_number=3&sort=year.asc"
235,"https://www.carmudi.co.id/mobil-bekas-dijual/indonesia?page_size=25&page_number=3&sort=mileage.asc",3,"indonesia?page_size=25&page_number=3&sort=mileage.asc","https://www.carmudi.co.id/mobil-bekas-dijual/indonesia?page_size=25&page_number=3&sort=mileage.asc"
236,"https://www.carmudi.co.id/mobil-bekas-dijual/indonesia?page_size=25&page_number=3&sort=mileage.desc",3,"indonesia?page_size=25&page_number=3&sort=mileage.desc","https://www.carmudi.co.id/mobil-bekas-dijual/indonesia?page_size=25&page_number=3&sort=mileage.desc"
237,"https://www.carmudi.co.id/mobil-bekas-dijual/indonesia_jabodetabek?page_size=25&page_number=3",3,"indonesia_jabodetabek?page_size=25&page_number=3","https://www.carmudi.co.id/mobil-bekas-dijual/indonesia_jabodetabek?page_size=25&page_number=3"
238,"https://www.carmudi.co.id/mobil-bekas-dijual/indonesia_dki-jakarta?page_size=25&page_number=3",3,"indonesia_dki-jakarta?page_size=25&page_number=3","https://www.carmudi.co.id/mobil-bekas-dijual/indonesia_dki-jakarta?page_size=25&page_number=3"
239,"https://www.carmudi.co.id/mobil-bekas-dijual/indonesia_banten?page_size=25&page_number=3",3,"indonesia_banten?page_size=25&page_number=3","https://www.carmudi.co.id/mobil-bekas-dijual/indonesia_banten?page_size=25&page_number=3"
240,"https://www.carmudi.co.id/mobil-bekas-dijual/indonesia_jawa-barat?page_size=25&page_number=3",3,"indonesia_jawa-barat?page_size=25&page_number=3","https://www.carmudi.co.id/mobil-bekas-dijual/indonesia_jawa-barat?page_size=25&page_number=3"
241,"https://www.carmudi.co.id/mobil-bekas-dijual/indonesia_jawa-timur?page_size=25&page_number=3",3,"indonesia_jawa-timur?page_size=25&page_number=3","https://www.carmudi.co.id/mobil-bekas-dijual/indonesia_jawa-timur?page_size=25&page_number=3"
242,"https://www.carmudi.co.id/mobil-bekas-dijual/indonesia_jawa-tengah?page_size=25&page_number=3",3,"indonesia_jawa-tengah?page_size=25&page_number=3","https://www.carmudi.co.id/mobil-bekas-dijual/indonesia_jawa-tengah?page_size=25&page_number=3"
243,"https://www.carmudi.co.id/mobil-bekas-dijual/indonesia_yogyakarta?page_size=25&page_number=3",3,"indonesia_yogyakarta?page_size=25&page_number=3","https://www.carmudi.co.id/mobil-bekas-dijual/indonesia_yogyakarta?page_size=25&page_number=3"
244,"https://www.carmudi.co.id/mobil-bekas-dijual/indonesia_sumatera-utara?page_size=25&page_number=3",3,"indonesia_sumatera-utara?page_size=25&page_number=3","https://www.carmudi.co.id/mobil-bekas-dijual/indonesia_sumatera-utara?page_size=25&page_number=3"
245,"https://www.carmudi.co.id/mobil-bekas-dijual/indonesia_bali?page_size=25&page_number=3",3,"indonesia_bali?page_size=25&page_number=3","https://www.carmudi.co.id/mobil-bekas-dijual/indonesia_bali?page_size=25&page_number=3"
246,"https://www.carmudi.co.id/mobil-bekas-dijual/indonesia_lampung?page_size=25&page_number=3",3,"indonesia_lampung?page_size=25&page_number=3","https://www.carmudi.co.id/mobil-bekas-dijual/indonesia_lampung?page_size=25&page_number=3"
247,"https://www.carmudi.co.id/mobil-bekas-dijual/indonesia_gorontalo?page_size=25&page_number=3",3,"indonesia_gorontalo?page_size=25&page_number=3","https://www.carmudi.co.id/mobil-bekas-dijual/indonesia_gorontalo?page_size=25&page_number=3"
248,"https://www.carmudi.co.id/mobil-bekas-dijual/indonesia_riau?page_size=25&page_number=3",3,"indonesia_riau?page_size=25&page_number=3","https://www.carmudi.co.id/mobil-bekas-dijual/indonesia_riau?page_size=25&page_number=3"
249,"https://www.carmudi.co.id/mobil-bekas-dijual/indonesia_sumatera-selatan?page_size=25&page_number=3",3,"indonesia_sumatera-selatan?page_size=25&page_number=3","https://www.carmudi.co.id/mobil-bekas-dijual/indonesia_sumatera-selatan?page_size=25&page_number=3"
250,"https://www.carmudi.co.id/mobil-bekas-dijual/indonesia_sumatera-barat?page_size=25&page_number=3",3,"indonesia_sumatera-barat?page_size=25&page_number=3","https://www.carmudi.co.id/mobil-bekas-dijual/indonesia_sumatera-barat?page_size=25&page_number=3"
251,"https://www.carmudi.co.id/mobil-bekas-dijual/indonesia_jambi?page_size=25&page_number=3",3,"indonesia_jambi?page_size=25&page_number=3","https://www.carmudi.co.id/mobil-bekas-dijual/indonesia_jambi?page_size=25&page_number=3"
252,"https://www.carmudi.co.id/mobil-bekas-dijual/indonesia_sulawesi-selatan?page_size=25&page_number=3",3,"indonesia_sulawesi-selatan?page_size=25&page_number=3","https://www.carmudi.co.id/mobil-bekas-dijual/indonesia_sulawesi-selatan?page_size=25&page_number=3"
253,"https://www.carmudi.co.id/mobil-bekas-dijual/indonesia_nangroe-aceh-darussalam?page_size=25&page_number=3",3,"indonesia_nangroe-aceh-darussalam?page_size=25&page_number=3","https://www.carmudi.co.id/mobil-bekas-dijual/indonesia_nangroe-aceh-darussalam?page_size=25&page_number=3"
254,"https://www.carmudi.co.id/mobil-bekas-dijual/indonesia_sulawesi-utara?page_size=25&page_number=3",3,"indonesia_sulawesi-utara?page_size=25&page_number=3","https://www.carmudi.co.id/mobil-bekas-dijual/indonesia_sulawesi-utara?page_size=25&page_number=3"
255,"https://www.carmudi.co.id/mobil-bekas-dijual/indonesia_kalimantan-timur?page_size=25&page_number=3",3,"indonesia_kalimantan-timur?page_size=25&page_number=3","https://www.carmudi.co.id/mobil-bekas-dijual/indonesia_kalimantan-timur?page_size=25&page_number=3"
256,"https://www.carmudi.co.id/mobil-bekas-dijual/indonesia_nusa-tenggara-barat?page_size=25&page_number=3",3,"indonesia_nusa-tenggara-barat?page_size=25&page_number=3","https://www.carmudi.co.id/mobil-bekas-dijual/indonesia_nusa-tenggara-barat?page_size=25&page_number=3"
257,"https://www.carmudi.co.id/mobil-bekas-dijual/indonesia_sulawesi-tengah?page_size=25&page_number=3",3,"indonesia_sulawesi-tengah?page_size=25&page_number=3","https://www.carmudi.co.id/mobil-bekas-dijual/indonesia_sulawesi-tengah?page_size=25&page_number=3"
258,"https://www.carmudi.co.id/mobil-bekas-dijual/indonesia_kalimantan-barat?page_size=25&page_number=3",3,"indonesia_kalimantan-barat?page_size=25&page_number=3","https://www.carmudi.co.id/mobil-bekas-dijual/indonesia_kalimantan-barat?page_size=25&page_number=3"
259,"https://www.carmudi.co.id/mobil-bekas-dijual/indonesia_maluku?page_size=25&page_number=3",3,"indonesia_maluku?page_size=25&page_number=3","https://www.carmudi.co.id/mobil-bekas-dijual/indonesia_maluku?page_size=25&page_number=3"
260,"https://www.carmudi.co.id/mobil-bekas-dijual/indonesia_maluku-utara?page_size=25&page_number=3",3,"indonesia_maluku-utara?page_size=25&page_number=3","https://www.carmudi.co.id/mobil-bekas-dijual/indonesia_maluku-utara?page_size=25&page_number=3"
261,"https://www.carmudi.co.id/mobil-bekas-dijual/indonesia_sulawesi-barat?page_size=25&page_number=3",3,"indonesia_sulawesi-barat?page_size=25&page_number=3","https://www.carmudi.co.id/mobil-bekas-dijual/indonesia_sulawesi-barat?page_size=25&page_number=3"
262,"https://www.carmudi.co.id/mobil-bekas-dijual/indonesia_sulawesi-tenggara?page_size=25&page_number=3",3,"indonesia_sulawesi-tenggara?page_size=25&page_number=3","https://www.carmudi.co.id/mobil-bekas-dijual/indonesia_sulawesi-tenggara?page_size=25&page_number=3"
263,"https://www.carmudi.co.id/mobil-bekas-dijual/indonesia?page_number=4&page_size=25",4,"indonesia?page_number=4&page_size=25","https://www.carmudi.co.id/mobil-bekas-dijual/indonesia?page_number=4&page_size=25"
264,"https://www.carmudi.co.id/mobil-bekas-dijual/indonesia?page_size=25&page_number=4",4,"indonesia?page_size=25&page_number=4","https://www.carmudi.co.id/mobil-bekas-dijual/indonesia?page_size=25&page_number=4"
265,"https://www.carmudi.co.id/mobil-bekas-dijual/indonesia?transmission=automatic&page_size=25&page_number=4",4,"indonesia?transmission=automatic&page_size=25&page_number=4","https://www.carmudi.co.id/mobil-bekas-dijual/indonesia?transmission=automatic&page_size=25&page_number=4"
266,"https://www.carmudi.co.id/mobil-bekas-dijual/indonesia?transmission=manual&page_size=25&page_number=4",4,"indonesia?transmission=manual&page_size=25&page_number=4","https://www.carmudi.co.id/mobil-bekas-dijual/indonesia?transmission=manual&page_size=25&page_number=4"
267,"https://www.carmudi.co.id/mobil-bekas-dijual/indonesia?page_size=25&page_number=4&sort=best.match",4,"indonesia?page_size=25&page_number=4&sort=best.match","https://www.carmudi.co.id/mobil-bekas-dijual/indonesia?page_size=25&page_number=4&sort=best.match"
268,"https://www.carmudi.co.id/mobil-bekas-dijual/indonesia?page_size=25&page_number=4&sort=modification_date_search.desc",4,"indonesia?page_size=25&page_number=4&sort=modification_date_search.desc","https://www.carmudi.co.id/mobil-bekas-dijual/indonesia?page_size=25&page_number=4&sort=modification_date_search.desc"
269,"https://www.carmudi.co.id/mobil-bekas-dijual/indonesia?page_size=25&page_number=4&sort=price.asc",4,"indonesia?page_size=25&page_number=4&sort=price.asc","https://www.carmudi.co.id/mobil-bekas-dijual/indonesia?page_size=25&page_number=4&sort=price.asc"
270,"https://www.carmudi.co.id/mobil-bekas-dijual/indonesia?page_size=25&page_number=4&sort=price.desc",4,"indonesia?page_size=25&page_number=4&sort=price.desc","https://www.carmudi.co.id/mobil-bekas-dijual/indonesia?page_size=25&page_number=4&sort=price.desc"
271,"https://www.carmudi.co.id/mobil-bekas-dijual/indonesia?page_size=25&page_number=4&sort=year.desc",4,"indonesia?page_size=25&page_number=4&sort=year.desc","https://www.carmudi.co.id/mobil-bekas-dijual/indonesia?page_size=25&page_number=4&sort=year.desc"
272,"https://www.carmudi.co.id/mobil-bekas-dijual/indonesia?page_size=25&page_number=4&sort=year.asc",4,"indonesia?page_size=25&page_number=4&sort=year.asc","https://www.carmudi.co.id/mobil-bekas-dijual/indonesia?page_size=25&page_number=4&sort=year.asc"
273,"https://www.carmudi.co.id/mobil-bekas-dijual/indonesia?page_size=25&page_number=4&sort=mileage.asc",4,"indonesia?page_size=25&page_number=4&sort=mileage.asc","https://www.carmudi.co.id/mobil-bekas-dijual/indonesia?page_size=25&page_number=4&sort=mileage.asc"
274,"https://www.carmudi.co.id/mobil-bekas-dijual/indonesia?page_size=25&page_number=4&sort=mileage.desc",4,"indonesia?page_size=25&page_number=4&sort=mileage.desc","https://www.carmudi.co.id/mobil-bekas-dijual/indonesia?page_size=25&page_number=4&sort=mileage.desc"
275,"https://www.carmudi.co.id/mobil-bekas-dijual/indonesia_jabodetabek?page_size=25&page_number=4",4,"indonesia_jabodetabek?page_size=25&page_number=4","https://www.carmudi.co.id/mobil-bekas-dijual/indonesia_jabodetabek?page_size=25&page_number=4"
276,"https://www.carmudi.co.id/mobil-bekas-dijual/indonesia_dki-jakarta?page_size=25&page_number=4",4,"indonesia_dki-jakarta?page_size=25&page_number=4","https://www.carmudi.co.id/mobil-bekas-dijual/indonesia_dki-jakarta?page_size=25&page_number=4"
277,"https://www.carmudi.co.id/mobil-bekas-dijual/indonesia_banten?page_size=25&page_number=4",4,"indonesia_banten?page_size=25&page_number=4","https://www.carmudi.co.id/mobil-bekas-dijual/indonesia_banten?page_size=25&page_number=4"
278,"https://www.carmudi.co.id/mobil-bekas-dijual/indonesia_jawa-barat?page_size=25&page_number=4",4,"indonesia_jawa-barat?page_size=25&page_number=4","https://www.carmudi.co.id/mobil-bekas-dijual/indonesia_jawa-barat?page_size=25&page_number=4"
279,"https://www.carmudi.co.id/mobil-bekas-dijual/indonesia_jawa-timur?page_size=25&page_number=4",4,"indonesia_jawa-timur?page_size=25&page_number=4","https://www.carmudi.co.id/mobil-bekas-dijual/indonesia_jawa-timur?page_size=25&page_number=4"
280,"https://www.carmudi.co.id/mobil-bekas-dijual/indonesia_jawa-tengah?page_size=25&page_number=4",4,"indonesia_jawa-tengah?page_size=25&page_number=4","https://www.carmudi.co.id/mobil-bekas-dijual/indonesia_jawa-tengah?page_size=25&page_number=4"
281,"https://www.carmudi.co.id/mobil-bekas-dijual/indonesia_yogyakarta?page_size=25&page_number=4",4,"indonesia_yogyakarta?page_size=25&page_number=4","https://www.carmudi.co.id/mobil-bekas-dijual/indonesia_yogyakarta?page_size=25&page_number=4"
282,"https://www.carmudi.co.id/mobil-bekas-dijual/indonesia_sumatera-utara?page_size=25&page_number=4",4,"indonesia_sumatera-utara?page_size=25&page_number=4","https://www.carmudi.co.id/mobil-bekas-dijual/indonesia_sumatera-utara?page_size=25&page_number=4"
283,"https://www.carmudi.co.id/mobil-bekas-dijual/indonesia_bali?page_size=25&page_number=4",4,"indonesia_bali?page_size=25&page_number=4","https://www.carmudi.co.id/mobil-bekas-dijual/indonesia_bali?page_size=25&page_number=4"
284,"https://www.carmudi.co.id/mobil-bekas-dijual/indonesia_lampung?page_size=25&page_number=4",4,"indonesia_lampung?page_size=25&page_number=4","https://www.carmudi.co.id/mobil-bekas-dijual/indonesia_lampung?page_size=25&page_number=4"
285,"https://www.carmudi.co.id/mobil-bekas-dijual/indonesia_gorontalo?page_size=25&page_number=4",4,"indonesia_gorontalo?page_size=25&page_number=4","https://www.carmudi.co.id/mobil-bekas-dijual/indonesia_gorontalo?page_size=25&page_number=4"
286,"https://www.carmudi.co.id/mobil-bekas-dijual/indonesia_riau?page_size=25&page_number=4",4,"indonesia_riau?page_size=25&page_number=4","https://www.carmudi.co.id/mobil-bekas-dijual/indonesia_riau?page_size=25&page_number=4"
287,"https://www.carmudi.co.id/mobil-bekas-dijual/indonesia_sumatera-selatan?page_size=25&page_number=4",4,"indonesia_sumatera-selatan?page_size=25&page_number=4","https://www.carmudi.co.id/mobil-bekas-dijual/indonesia_sumatera-selatan?page_size=25&page_number=4"
288,"https://www.carmudi.co.id/mobil-bekas-dijual/indonesia_sumatera-barat?page_size=25&page_number=4",4,"indonesia_sumatera-barat?page_size=25&page_number=4","https://www.carmudi.co.id/mobil-bekas-dijual/indonesia_sumatera-barat?page_size=25&page_number=4"
289,"https://www.carmudi.co.id/mobil-bekas-dijual/indonesia_jambi?page_size=25&page_number=4",4,"indonesia_jambi?page_size=25&page_number=4","https://www.carmudi.co.id/mobil-bekas-dijual/indonesia_jambi?page_size=25&page_number=4"
290,"https://www.carmudi.co.id/mobil-bekas-dijual/indonesia_sulawesi-selatan?page_size=25&page_number=4",4,"indonesia_sulawesi-selatan?page_size=25&page_number=4","https://www.carmudi.co.id/mobil-bekas-dijual/indonesia_sulawesi-selatan?page_size=25&page_number=4"
291,"https://www.carmudi.co.id/mobil-bekas-dijual/indonesia_nangroe-aceh-darussalam?page_size=25&page_number=4",4,"indonesia_nangroe-aceh-darussalam?page_size=25&page_number=4","https://www.carmudi.co.id/mobil-bekas-dijual/indonesia_nangroe-aceh-darussalam?page_size=25&page_number=4"
292,"https://www.carmudi.co.id/mobil-bekas-dijual/indonesia_sulawesi-utara?page_size=25&page_number=4",4,"indonesia_sulawesi-utara?page_size=25&page_number=4","https://www.carmudi.co.id/mobil-bekas-dijual/indonesia_sulawesi-utara?page_size=25&page_number=4"
293,"https://www.carmudi.co.id/mobil-bekas-dijual/indonesia_kalimantan-timur?page_size=25&page_number=4",4,"indonesia_kalimantan-timur?page_size=25&page_number=4","https://www.carmudi.co.id/mobil-bekas-dijual/indonesia_kalimantan-timur?page_size=25&page_number=4"
294,"https://www.carmudi.co.id/mobil-bekas-dijual/indonesia_nusa-tenggara-barat?page_size=25&page_number=4",4,"indonesia_nusa-tenggara-barat?page_size=25&page_number=4","https://www.carmudi.co.id/mobil-bekas-dijual/indonesia_nusa-tenggara-barat?page_size=25&page_number=4"
295,"https://www.carmudi.co.id/mobil-bekas-dijual/indonesia_sulawesi-tengah?page_size=25&page_number=4",4,"indonesia_sulawesi-tengah?page_size=25&page_number=4","https://www.carmudi.co.id/mobil-bekas-dijual/indonesia_sulawesi-tengah?page_size=25&page_number=4"
296,"https://www.carmudi.co.id/mobil-bekas-dijual/indonesia_kalimantan-barat?page_size=25&page_number=4",4,"indonesia_kalimantan-barat?page_size=25&page_number=4","https://www.carmudi.co.id/mobil-bekas-dijual/indonesia_kalimantan-barat?page_size=25&page_number=4"
297,"https://www.carmudi.co.id/mobil-bekas-dijual/indonesia_maluku?page_size=25&page_number=4",4,"indonesia_maluku?page_size=25&page_number=4","https://www.carmudi.co.id/mobil-bekas-dijual/indonesia_maluku?page_size=25&page_number=4"
298,"https://www.carmudi.co.id/mobil-bekas-dijual/indonesia_maluku-utara?page_size=25&page_number=4",4,"indonesia_maluku-utara?page_size=25&page_number=4","https://www.carmudi.co.id/mobil-bekas-dijual/indonesia_maluku-utara?page_size=25&page_number=4"
299,"https://www.carmudi.co.id/mobil-bekas-dijual/indonesia_sulawesi-barat?page_size=25&page_number=4",4,"indonesia_sulawesi-barat?page_size=25&page_number=4","https://www.carmudi.co.id/mobil-bekas-dijual/indonesia_sulawesi-barat?page_size=25&page_number=4"
300,"https://www.carmudi.co.id/mobil-bekas-dijual/indonesia_sulawesi-tenggara?page_size=25&page_number=4",4,"indonesia_sulawesi-tenggara?page_size=25&page_number=4","https://www.carmudi.co.id/mobil-bekas-dijual/indonesia_sulawesi-tenggara?page_size=25&page_number=4"
301,"https://www.carmudi.co.id/mobil-bekas-dijual/indonesia?page_number=5&page_size=25",5,"indonesia?page_number=5&page_size=25","https://www.carmudi.co.id/mobil-bekas-dijual/indonesia?page_number=5&page_size=25"
302,"https://www.carmudi.co.id/mobil-bekas-dijual/indonesia?page_size=25&page_number=5",5,"indonesia?page_size=25&page_number=5","https://www.carmudi.co.id/mobil-bekas-dijual/indonesia?page_size=25&page_number=5"
303,"https://www.carmudi.co.id/mobil-bekas-dijual/indonesia?transmission=automatic&page_size=25&page_number=5",5,"indonesia?transmission=automatic&page_size=25&page_number=5","https://www.carmudi.co.id/mobil-bekas-dijual/indonesia?transmission=automatic&page_size=25&page_number=5"
304,"https://www.carmudi.co.id/mobil-bekas-dijual/indonesia?transmission=manual&page_size=25&page_number=5",5,"indonesia?transmission=manual&page_size=25&page_number=5","https://www.carmudi.co.id/mobil-bekas-dijual/indonesia?transmission=manual&page_size=25&page_number=5"
305,"https://www.carmudi.co.id/mobil-bekas-dijual/indonesia?page_size=25&page_number=5&sort=best.match",5,"indonesia?page_size=25&page_number=5&sort=best.match","https://www.carmudi.co.id/mobil-bekas-dijual/indonesia?page_size=25&page_number=5&sort=best.match"
306,"https://www.carmudi.co.id/mobil-bekas-dijual/indonesia?page_size=25&page_number=5&sort=modification_date_search.desc",5,"indonesia?page_size=25&page_number=5&sort=modification_date_search.desc","https://www.carmudi.co.id/mobil-bekas-dijual/indonesia?page_size=25&page_number=5&sort=modification_date_search.desc"
307,"https://www.carmudi.co.id/mobil-bekas-dijual/indonesia?page_size=25&page_number=5&sort=price.asc",5,"indonesia?page_size=25&page_number=5&sort=price.asc","https://www.carmudi.co.id/mobil-bekas-dijual/indonesia?page_size=25&page_number=5&sort=price.asc"
308,"https://www.carmudi.co.id/mobil-bekas-dijual/indonesia?page_size=25&page_number=5&sort=price.desc",5,"indonesia?page_size=25&page_number=5&sort=price.desc","https://www.carmudi.co.id/mobil-bekas-dijual/indonesia?page_size=25&page_number=5&sort=price.desc"
309,"https://www.carmudi.co.id/mobil-bekas-dijual/indonesia?page_size=25&page_number=5&sort=year.desc",5,"indonesia?page_size=25&page_number=5&sort=year.desc","https://www.carmudi.co.id/mobil-bekas-dijual/indonesia?page_size=25&page_number=5&sort=year.desc"
310,"https://www.carmudi.co.id/mobil-bekas-dijual/indonesia?page_size=25&page_number=5&sort=year.asc",5,"indonesia?page_size=25&page_number=5&sort=year.asc","https://www.carmudi.co.id/mobil-bekas-dijual/indonesia?page_size=25&page_number=5&sort=year.asc"
311,"https://www.carmudi.co.id/mobil-bekas-dijual/indonesia?page_size=25&page_number=5&sort=mileage.asc",5,"indonesia?page_size=25&page_number=5&sort=mileage.asc","https://www.carmudi.co.id/mobil-bekas-dijual/indonesia?page_size=25&page_number=5&sort=mileage.asc"
312,"https://www.carmudi.co.id/mobil-bekas-dijual/indonesia?page_size=25&page_number=5&sort=mileage.desc",5,"indonesia?page_size=25&page_number=5&sort=mileage.desc","https://www.carmudi.co.id/mobil-bekas-dijual/indonesia?page_size=25&page_number=5&sort=mileage.desc"
313,"https://www.carmudi.co.id/mobil-bekas-dijual/indonesia_jabodetabek?page_size=25&page_number=5",5,"indonesia_jabodetabek?page_size=25&page_number=5","https://www.carmudi.co.id/mobil-bekas-dijual/indonesia_jabodetabek?page_size=25&page_number=5"
314,"https://www.carmudi.co.id/mobil-bekas-dijual/indonesia_dki-jakarta?page_size=25&page_number=5",5,"indonesia_dki-jakarta?page_size=25&page_number=5","https://www.carmudi.co.id/mobil-bekas-dijual/indonesia_dki-jakarta?page_size=25&page_number=5"
315,"https://www.carmudi.co.id/mobil-bekas-dijual/indonesia_banten?page_size=25&page_number=5",5,"indonesia_banten?page_size=25&page_number=5","https://www.carmudi.co.id/mobil-bekas-dijual/indonesia_banten?page_size=25&page_number=5"
316,"https://www.carmudi.co.id/mobil-bekas-dijual/indonesia_jawa-barat?page_size=25&page_number=5",5,"indonesia_jawa-barat?page_size=25&page_number=5","https://www.carmudi.co.id/mobil-bekas-dijual/indonesia_jawa-barat?page_size=25&page_number=5"
317,"https://www.carmudi.co.id/mobil-bekas-dijual/indonesia_jawa-timur?page_size=25&page_number=5",5,"indonesia_jawa-timur?page_size=25&page_number=5","https://www.carmudi.co.id/mobil-bekas-dijual/indonesia_jawa-timur?page_size=25&page_number=5"
318,"https://www.carmudi.co.id/mobil-bekas-dijual/indonesia_jawa-tengah?page_size=25&page_number=5",5,"indonesia_jawa-tengah?page_size=25&page_number=5","https://www.carmudi.co.id/mobil-bekas-dijual/indonesia_jawa-tengah?page_size=25&page_number=5"
319,"https://www.carmudi.co.id/mobil-bekas-dijual/indonesia_yogyakarta?page_size=25&page_number=5",5,"indonesia_yogyakarta?page_size=25&page_number=5","https://www.carmudi.co.id/mobil-bekas-dijual/indonesia_yogyakarta?page_size=25&page_number=5"
320,"https://www.carmudi.co.id/mobil-bekas-dijual/indonesia_sumatera-utara?page_size=25&page_number=5",5,"indonesia_sumatera-utara?page_size=25&page_number=5","https://www.carmudi.co.id/mobil-bekas-dijual/indonesia_sumatera-utara?page_size=25&page_number=5"
321,"https://www.carmudi.co.id/mobil-bekas-dijual/indonesia_bali?page_size=25&page_number=5",5,"indonesia_bali?page_size=25&page_number=5","https://www.carmudi.co.id/mobil-bekas-dijual/indonesia_bali?page_size=25&page_number=5"
322,"https://www.carmudi.co.id/mobil-bekas-dijual/indonesia_lampung?page_size=25&page_number=5",5,"indonesia_lampung?page_size=25&page_number=5","https://www.carmudi.co.id/mobil-bekas-dijual/indonesia_lampung?page_size=25&page_number=5"
323,"https://www.carmudi.co.id/mobil-bekas-dijual/indonesia_gorontalo?page_size=25&page_number=5",5,"indonesia_gorontalo?page_size=25&page_number=5","https://www.carmudi.co.id/mobil-bekas-dijual/indonesia_gorontalo?page_size=25&page_number=5"
324,"https://www.carmudi.co.id/mobil-bekas-dijual/indonesia_riau?page_size=25&page_number=5",5,"indonesia_riau?page_size=25&page_number=5","https://www.carmudi.co.id/mobil-bekas-dijual/indonesia_riau?page_size=25&page_number=5"
325,"https://www.carmudi.co.id/mobil-bekas-dijual/indonesia_sumatera-selatan?page_size=25&page_number=5",5,"indonesia_sumatera-selatan?page_size=25&page_number=5","https://www.carmudi.co.id/mobil-bekas-dijual/indonesia_sumatera-selatan?page_size=25&page_number=5"
326,"https://www.carmudi.co.id/mobil-bekas-dijual/indonesia_sumatera-barat?page_size=25&page_number=5",5,"indonesia_sumatera-barat?page_size=25&page_number=5","https://www.carmudi.co.id/mobil-bekas-dijual/indonesia_sumatera-barat?page_size=25&page_number=5"
327,"https://www.carmudi.co.id/mobil-bekas-dijual/indonesia_jambi?page_size=25&page_number=5",5,"indonesia_jambi?page_size=25&page_number=5","https://www.carmudi.co.id/mobil-bekas-dijual/indonesia_jambi?page_size=25&page_number=5"
328,"https://www.carmudi.co.id/mobil-bekas-dijual/indonesia_sulawesi-selatan?page_size=25&page_number=5",5,"indonesia_sulawesi-selatan?page_size=25&page_number=5","https://www.carmudi.co.id/mobil-bekas-dijual/indonesia_sulawesi-selatan?page_size=25&page_number=5"
329,"https://www.carmudi.co.id/mobil-bekas-dijual/indonesia_nangroe-aceh-darussalam?page_size=25&page_number=5",5,"indonesia_nangroe-aceh-darussalam?page_size=25&page_number=5","https://www.carmudi.co.id/mobil-bekas-dijual/indonesia_nangroe-aceh-darussalam?page_size=25&page_number=5"
330,"https://www.carmudi.co.id/mobil-bekas-dijual/indonesia_sulawesi-utara?page_size=25&page_number=5",5,"indonesia_sulawesi-utara?page_size=25&page_number=5","https://www.carmudi.co.id/mobil-bekas-dijual/indonesia_sulawesi-utara?page_size=25&page_number=5"
331,"https://www.carmudi.co.id/mobil-bekas-dijual/indonesia_kalimantan-timur?page_size=25&page_number=5",5,"indonesia_kalimantan-timur?page_size=25&page_number=5","https://www.carmudi.co.id/mobil-bekas-dijual/indonesia_kalimantan-timur?page_size=25&page_number=5"
332,"https://www.carmudi.co.id/mobil-bekas-dijual/indonesia_nusa-tenggara-barat?page_size=25&page_number=5",5,"indonesia_nusa-tenggara-barat?page_size=25&page_number=5","https://www.carmudi.co.id/mobil-bekas-dijual/indonesia_nusa-tenggara-barat?page_size=25&page_number=5"
333,"https://www.carmudi.co.id/mobil-bekas-dijual/indonesia_sulawesi-tengah?page_size=25&page_number=5",5,"indonesia_sulawesi-tengah?page_size=25&page_number=5","https://www.carmudi.co.id/mobil-bekas-dijual/indonesia_sulawesi-tengah?page_size=25&page_number=5"
334,"https://www.carmudi.co.id/mobil-bekas-dijual/indonesia_kalimantan-barat?page_size=25&page_number=5",5,"indonesia_kalimantan-barat?page_size=25&page_number=5","https://www.carmudi.co.id/mobil-bekas-dijual/indonesia_kalimantan-barat?page_size=25&page_number=5"
335,"https://www.carmudi.co.id/mobil-bekas-dijual/indonesia_maluku?page_size=25&page_number=5",5,"indonesia_maluku?page_size=25&page_number=5","https://www.carmudi.co.id/mobil-bekas-dijual/indonesia_maluku?page_size=25&page_number=5"
336,"https://www.carmudi.co.id/mobil-bekas-dijual/indonesia_maluku-utara?page_size=25&page_number=5",5,"indonesia_maluku-utara?page_size=25&page_number=5","https://www.carmudi.co.id/mobil-bekas-dijual/indonesia_maluku-utara?page_size=25&page_number=5"
337,"https://www.carmudi.co.id/mobil-bekas-dijual/indonesia_sulawesi-barat?page_size=25&page_number=5",5,"indonesia_sulawesi-barat?page_size=25&page_number=5","https://www.carmudi.co.id/mobil-bekas-dijual/indonesia_sulawesi-barat?page_size=25&page_number=5"
338,"https://www.carmudi.co.id/mobil-bekas-dijual/indonesia_sulawesi-tenggara?page_size=25&page_number=5",5,"indonesia_sulawesi-tenggara?page_size=25&page_number=5","https://www.carmudi.co.id/mobil-bekas-dijual/indonesia_sulawesi-tenggara?page_size=25&page_number=5"
339,"https://www.carmudi.co.id/mobil-bekas-dijual/indonesia?page_number=6&page_size=25",6,"indonesia?page_number=6&page_size=25","https://www.carmudi.co.id/mobil-bekas-dijual/indonesia?page_number=6&page_size=25"
340,"https://www.carmudi.co.id/mobil-bekas-dijual/indonesia?page_size=25&page_number=6",6,"indonesia?page_size=25&page_number=6","https://www.carmudi.co.id/mobil-bekas-dijual/indonesia?page_size=25&page_number=6"
341,"https://www.carmudi.co.id/mobil-bekas-dijual/indonesia?transmission=automatic&page_size=25&page_number=6",6,"indonesia?transmission=automatic&page_size=25&page_number=6","https://www.carmudi.co.id/mobil-bekas-dijual/indonesia?transmission=automatic&page_size=25&page_number=6"
342,"https://www.carmudi.co.id/mobil-bekas-dijual/indonesia?transmission=manual&page_size=25&page_number=6",6,"indonesia?transmission=manual&page_size=25&page_number=6","https://www.carmudi.co.id/mobil-bekas-dijual/indonesia?transmission=manual&page_size=25&page_number=6"
343,"https://www.carmudi.co.id/mobil-bekas-dijual/indonesia?page_size=25&page_number=6&sort=best.match",6,"indonesia?page_size=25&page_number=6&sort=best.match","https://www.carmudi.co.id/mobil-bekas-dijual/indonesia?page_size=25&page_number=6&sort=best.match"
344,"https://www.carmudi.co.id/mobil-bekas-dijual/indonesia?page_size=25&page_number=6&sort=modification_date_search.desc",6,"indonesia?page_size=25&page_number=6&sort=modification_date_search.desc","https://www.carmudi.co.id/mobil-bekas-dijual/indonesia?page_size=25&page_number=6&sort=modification_date_search.desc"
345,"https://www.carmudi.co.id/mobil-bekas-dijual/indonesia?page_size=25&page_number=6&sort=price.asc",6,"indonesia?page_size=25&page_number=6&sort=price.asc","https://www.carmudi.co.id/mobil-bekas-dijual/indonesia?page_size=25&page_number=6&sort=price.asc"
346,"https://www.carmudi.co.id/mobil-bekas-dijual/indonesia?page_size=25&page_number=6&sort=price.desc",6,"indonesia?page_size=25&page_number=6&sort=price.desc","https://www.carmudi.co.id/mobil-bekas-dijual/indonesia?page_size=25&page_number=6&sort=price.desc"
347,"https://www.carmudi.co.id/mobil-bekas-dijual/indonesia?page_size=25&page_number=6&sort=year.desc",6,"indonesia?page_size=25&page_number=6&sort=year.desc","https://www.carmudi.co.id/mobil-bekas-dijual/indonesia?page_size=25&page_number=6&sort=year.desc"
348,"https://www.carmudi.co.id/mobil-bekas-dijual/indonesia?page_size=25&page_number=6&sort=year.asc",6,"indonesia?page_size=25&page_number=6&sort=year.asc","https://www.carmudi.co.id/mobil-bekas-dijual/indonesia?page_size=25&page_number=6&sort=year.asc"
349,"https://www.carmudi.co.id/mobil-bekas-dijual/indonesia?page_size=25&page_number=6&sort=mileage.asc",6,"indonesia?page_size=25&page_number=6&sort=mileage.asc","https://www.carmudi.co.id/mobil-bekas-dijual/indonesia?page_size=25&page_number=6&sort=mileage.asc"
350,"https://www.carmudi.co.id/mobil-bekas-dijual/indonesia?page_size=25&page_number=6&sort=mileage.desc",6,"indonesia?page_size=25&page_number=6&sort=mileage.desc","https://www.carmudi.co.id/mobil-bekas-dijual/indonesia?page_size=25&page_number=6&sort=mileage.desc"
351,"https://www.carmudi.co.id/mobil-bekas-dijual/indonesia_jabodetabek?page_size=25&page_number=6",6,"indonesia_jabodetabek?page_size=25&page_number=6","https://www.carmudi.co.id/mobil-bekas-dijual/indonesia_jabodetabek?page_size=25&page_number=6"
352,"https://www.carmudi.co.id/mobil-bekas-dijual/indonesia_dki-jakarta?page_size=25&page_number=6",6,"indonesia_dki-jakarta?page_size=25&page_number=6","https://www.carmudi.co.id/mobil-bekas-dijual/indonesia_dki-jakarta?page_size=25&page_number=6"
353,"https://www.carmudi.co.id/mobil-bekas-dijual/indonesia_banten?page_size=25&page_number=6",6,"indonesia_banten?page_size=25&page_number=6","https://www.carmudi.co.id/mobil-bekas-dijual/indonesia_banten?page_size=25&page_number=6"
354,"https://www.carmudi.co.id/mobil-bekas-dijual/indonesia_jawa-barat?page_size=25&page_number=6",6,"indonesia_jawa-barat?page_size=25&page_number=6","https://www.carmudi.co.id/mobil-bekas-dijual/indonesia_jawa-barat?page_size=25&page_number=6"
355,"https://www.carmudi.co.id/mobil-bekas-dijual/indonesia_jawa-timur?page_size=25&page_number=6",6,"indonesia_jawa-timur?page_size=25&page_number=6","https://www.carmudi.co.id/mobil-bekas-dijual/indonesia_jawa-timur?page_size=25&page_number=6"
356,"https://www.carmudi.co.id/mobil-bekas-dijual/indonesia_jawa-tengah?page_size=25&page_number=6",6,"indonesia_jawa-tengah?page_size=25&page_number=6","https://www.carmudi.co.id/mobil-bekas-dijual/indonesia_jawa-tengah?page_size=25&page_number=6"
357,"https://www.carmudi.co.id/mobil-bekas-dijual/indonesia_yogyakarta?page_size=25&page_number=6",6,"indonesia_yogyakarta?page_size=25&page_number=6","https://www.carmudi.co.id/mobil-bekas-dijual/indonesia_yogyakarta?page_size=25&page_number=6"
358,"https://www.carmudi.co.id/mobil-bekas-dijual/indonesia_sumatera-utara?page_size=25&page_number=6",6,"indonesia_sumatera-utara?page_size=25&page_number=6","https://www.carmudi.co.id/mobil-bekas-dijual/indonesia_sumatera-utara?page_size=25&page_number=6"
359,"https://www.carmudi.co.id/mobil-bekas-dijual/indonesia_bali?page_size=25&page_number=6",6,"indonesia_bali?page_size=25&page_number=6","https://www.carmudi.co.id/mobil-bekas-dijual/indonesia_bali?page_size=25&page_number=6"
360,"https://www.carmudi.co.id/mobil-bekas-dijual/indonesia_lampung?page_size=25&page_number=6",6,"indonesia_lampung?page_size=25&page_number=6","https://www.carmudi.co.id/mobil-bekas-dijual/indonesia_lampung?page_size=25&page_number=6"
361,"https://www.carmudi.co.id/mobil-bekas-dijual/indonesia_gorontalo?page_size=25&page_number=6",6,"indonesia_gorontalo?page_size=25&page_number=6","https://www.carmudi.co.id/mobil-bekas-dijual/indonesia_gorontalo?page_size=25&page_number=6"
362,"https://www.carmudi.co.id/mobil-bekas-dijual/indonesia_riau?page_size=25&page_number=6",6,"indonesia_riau?page_size=25&page_number=6","https://www.carmudi.co.id/mobil-bekas-dijual/indonesia_riau?page_size=25&page_number=6"
363,"https://www.carmudi.co.id/mobil-bekas-dijual/indonesia_sumatera-selatan?page_size=25&page_number=6",6,"indonesia_sumatera-selatan?page_size=25&page_number=6","https://www.carmudi.co.id/mobil-bekas-dijual/indonesia_sumatera-selatan?page_size=25&page_number=6"
364,"https://www.carmudi.co.id/mobil-bekas-dijual/indonesia_sumatera-barat?page_size=25&page_number=6",6,"indonesia_sumatera-barat?page_size=25&page_number=6","https://www.carmudi.co.id/mobil-bekas-dijual/indonesia_sumatera-barat?page_size=25&page_number=6"
365,"https://www.carmudi.co.id/mobil-bekas-dijual/indonesia_jambi?page_size=25&page_number=6",6,"indonesia_jambi?page_size=25&page_number=6","https://www.carmudi.co.id/mobil-bekas-dijual/indonesia_jambi?page_size=25&page_number=6"
366,"https://www.carmudi.co.id/mobil-bekas-dijual/indonesia_sulawesi-selatan?page_size=25&page_number=6",6,"indonesia_sulawesi-selatan?page_size=25&page_number=6","https://www.carmudi.co.id/mobil-bekas-dijual/indonesia_sulawesi-selatan?page_size=25&page_number=6"
367,"https://www.carmudi.co.id/mobil-bekas-dijual/indonesia_nangroe-aceh-darussalam?page_size=25&page_number=6",6,"indonesia_nangroe-aceh-darussalam?page_size=25&page_number=6","https://www.carmudi.co.id/mobil-bekas-dijual/indonesia_nangroe-aceh-darussalam?page_size=25&page_number=6"
368,"https://www.carmudi.co.id/mobil-bekas-dijual/indonesia_sulawesi-utara?page_size=25&page_number=6",6,"indonesia_sulawesi-utara?page_size=25&page_number=6","https://www.carmudi.co.id/mobil-bekas-dijual/indonesia_sulawesi-utara?page_size=25&page_number=6"
369,"https://www.carmudi.co.id/mobil-bekas-dijual/indonesia_kalimantan-timur?page_size=25&page_number=6",6,"indonesia_kalimantan-timur?page_size=25&page_number=6","https://www.carmudi.co.id/mobil-bekas-dijual/indonesia_kalimantan-timur?page_size=25&page_number=6"
370,"https://www.carmudi.co.id/mobil-bekas-dijual/indonesia_nusa-tenggara-barat?page_size=25&page_number=6",6,"indonesia_nusa-tenggara-barat?page_size=25&page_number=6","https://www.carmudi.co.id/mobil-bekas-dijual/indonesia_nusa-tenggara-barat?page_size=25&page_number=6"
371,"https://www.carmudi.co.id/mobil-bekas-dijual/indonesia_sulawesi-tengah?page_size=25&page_number=6",6,"indonesia_sulawesi-tengah?page_size=25&page_number=6","https://www.carmudi.co.id/mobil-bekas-dijual/indonesia_sulawesi-tengah?page_size=25&page_number=6"
372,"https://www.carmudi.co.id/mobil-bekas-dijual/indonesia_kalimantan-barat?page_size=25&page_number=6",6,"indonesia_kalimantan-barat?page_size=25&page_number=6","https://www.carmudi.co.id/mobil-bekas-dijual/indonesia_kalimantan-barat?page_size=25&page_number=6"
373,"https://www.carmudi.co.id/mobil-bekas-dijual/indonesia_maluku?page_size=25&page_number=6",6,"indonesia_maluku?page_size=25&page_number=6","https://www.carmudi.co.id/mobil-bekas-dijual/indonesia_maluku?page_size=25&page_number=6"
374,"https://www.carmudi.co.id/mobil-bekas-dijual/indonesia_maluku-utara?page_size=25&page_number=6",6,"indonesia_maluku-utara?page_size=25&page_number=6","https://www.carmudi.co.id/mobil-bekas-dijual/indonesia_maluku-utara?page_size=25&page_number=6"
375,"https://www.carmudi.co.id/mobil-bekas-dijual/indonesia_sulawesi-barat?page_size=25&page_number=6",6,"indonesia_sulawesi-barat?page_size=25&page_number=6","https://www.carmudi.co.id/mobil-bekas-dijual/indonesia_sulawesi-barat?page_size=25&page_number=6"
376,"https://www.carmudi.co.id/mobil-bekas-dijual/indonesia_sulawesi-tenggara?page_size=25&page_number=6",6,"indonesia_sulawesi-tenggara?page_size=25&page_number=6","https://www.carmudi.co.id/mobil-bekas-dijual/indonesia_sulawesi-tenggara?page_size=25&page_number=6"
377,"https://www.carmudi.co.id/mobil-bekas-dijual/indonesia?page_number=7&page_size=25",7,"indonesia?page_number=7&page_size=25","https://www.carmudi.co.id/mobil-bekas-dijual/indonesia?page_number=7&page_size=25"
378,"https://www.carmudi.co.id/mobil-bekas-dijual/indonesia?page_size=25&page_number=7",7,"indonesia?page_size=25&page_number=7","https://www.carmudi.co.id/mobil-bekas-dijual/indonesia?page_size=25&page_number=7"
379,"https://www.carmudi.co.id/mobil-bekas-dijual/indonesia?transmission=automatic&page_size=25&page_number=7",7,"indonesia?transmission=automatic&page_size=25&page_number=7","https://www.carmudi.co.id/mobil-bekas-dijual/indonesia?transmission=automatic&page_size=25&page_number=7"
380,"https://www.carmudi.co.id/mobil-bekas-dijual/indonesia?transmission=manual&page_size=25&page_number=7",7,"indonesia?transmission=manual&page_size=25&page_number=7","https://www.carmudi.co.id/mobil-bekas-dijual/indonesia?transmission=manual&page_size=25&page_number=7"
381,"https://www.carmudi.co.id/mobil-bekas-dijual/indonesia?page_size=25&page_number=7&sort=best.match",7,"indonesia?page_size=25&page_number=7&sort=best.match","https://www.carmudi.co.id/mobil-bekas-dijual/indonesia?page_size=25&page_number=7&sort=best.match"
382,"https://www.carmudi.co.id/mobil-bekas-dijual/indonesia?page_size=25&page_number=7&sort=modification_date_search.desc",7,"indonesia?page_size=25&page_number=7&sort=modification_date_search.desc","https://www.carmudi.co.id/mobil-bekas-dijual/indonesia?page_size=25&page_number=7&sort=modification_date_search.desc"
383,"https://www.carmudi.co.id/mobil-bekas-dijual/indonesia?page_size=25&page_number=7&sort=price.asc",7,"indonesia?page_size=25&page_number=7&sort=price.asc","https://www.carmudi.co.id/mobil-bekas-dijual/indonesia?page_size=25&page_number=7&sort=price.asc"
384,"https://www.carmudi.co.id/mobil-bekas-dijual/indonesia?page_size=25&page_number=7&sort=price.desc",7,"indonesia?page_size=25&page_number=7&sort=price.desc","https://www.carmudi.co.id/mobil-bekas-dijual/indonesia?page_size=25&page_number=7&sort=price.desc"
385,"https://www.carmudi.co.id/mobil-bekas-dijual/indonesia?page_size=25&page_number=7&sort=year.desc",7,"indonesia?page_size=25&page_number=7&sort=year.desc","https://www.carmudi.co.id/mobil-bekas-dijual/indonesia?page_size=25&page_number=7&sort=year.desc"
386,"https://www.carmudi.co.id/mobil-bekas-dijual/indonesia?page_size=25&page_number=7&sort=year.asc",7,"indonesia?page_size=25&page_number=7&sort=year.asc","https://www.carmudi.co.id/mobil-bekas-dijual/indonesia?page_size=25&page_number=7&sort=year.asc"
387,"https://www.carmudi.co.id/mobil-bekas-dijual/indonesia?page_size=25&page_number=7&sort=mileage.asc",7,"indonesia?page_size=25&page_number=7&sort=mileage.asc","https://www.carmudi.co.id/mobil-bekas-dijual/indonesia?page_size=25&page_number=7&sort=mileage.asc"
388,"https://www.carmudi.co.id/mobil-bekas-dijual/indonesia?page_size=25&page_number=7&sort=mileage.desc",7,"indonesia?page_size=25&page_number=7&sort=mileage.desc","https://www.carmudi.co.id/mobil-bekas-dijual/indonesia?page_size=25&page_number=7&sort=mileage.desc"
389,"https://www.carmudi.co.id/mobil-bekas-dijual/indonesia_jabodetabek?page_size=25&page_number=7",7,"indonesia_jabodetabek?page_size=25&page_number=7","https://www.carmudi.co.id/mobil-bekas-dijual/indonesia_jabodetabek?page_size=25&page_number=7"
390,"https://www.carmudi.co.id/mobil-bekas-dijual/indonesia_dki-jakarta?page_size=25&page_number=7",7,"indonesia_dki-jakarta?page_size=25&page_number=7","https://www.carmudi.co.id/mobil-bekas-dijual/indonesia_dki-jakarta?page_size=25&page_number=7"
391,"https://www.carmudi.co.id/mobil-bekas-dijual/indonesia_banten?page_size=25&page_number=7",7,"indonesia_banten?page_size=25&page_number=7","https://www.carmudi.co.id/mobil-bekas-dijual/indonesia_banten?page_size=25&page_number=7"
392,"https://www.carmudi.co.id/mobil-bekas-dijual/indonesia_jawa-barat?page_size=25&page_number=7",7,"indonesia_jawa-barat?page_size=25&page_number=7","https://www.carmudi.co.id/mobil-bekas-dijual/indonesia_jawa-barat?page_size=25&page_number=7"
393,"https://www.carmudi.co.id/mobil-bekas-dijual/indonesia_jawa-timur?page_size=25&page_number=7",7,"indonesia_jawa-timur?page_size=25&page_number=7","https://www.carmudi.co.id/mobil-bekas-dijual/indonesia_jawa-timur?page_size=25&page_number=7"
394,"https://www.carmudi.co.id/mobil-bekas-dijual/indonesia_jawa-tengah?page_size=25&page_number=7",7,"indonesia_jawa-tengah?page_size=25&page_number=7","https://www.carmudi.co.id/mobil-bekas-dijual/indonesia_jawa-tengah?page_size=25&page_number=7"
395,"https://www.carmudi.co.id/mobil-bekas-dijual/indonesia_yogyakarta?page_size=25&page_number=7",7,"indonesia_yogyakarta?page_size=25&page_number=7","https://www.carmudi.co.id/mobil-bekas-dijual/indonesia_yogyakarta?page_size=25&page_number=7"
396,"https://www.carmudi.co.id/mobil-bekas-dijual/indonesia_sumatera-utara?page_size=25&page_number=7",7,"indonesia_sumatera-utara?page_size=25&page_number=7","https://www.carmudi.co.id/mobil-bekas-dijual/indonesia_sumatera-utara?page_size=25&page_number=7"
397,"https://www.carmudi.co.id/mobil-bekas-dijual/indonesia_bali?page_size=25&page_number=7",7,"indonesia_bali?page_size=25&page_number=7","https://www.carmudi.co.id/mobil-bekas-dijual/indonesia_bali?page_size=25&page_number=7"
398,"https://www.carmudi.co.id/mobil-bekas-dijual/indonesia_lampung?page_size=25&page_number=7",7,"indonesia_lampung?page_size=25&page_number=7","https://www.carmudi.co.id/mobil-bekas-dijual/indonesia_lampung?page_size=25&page_number=7"
399,"https://www.carmudi.co.id/mobil-bekas-dijual/indonesia_gorontalo?page_size=25&page_number=7",7,"indonesia_gorontalo?page_size=25&page_number=7","https://www.carmudi.co.id/mobil-bekas-dijual/indonesia_gorontalo?page_size=25&page_number=7"
400,"https://www.carmudi.co.id/mobil-bekas-dijual/indonesia_riau?page_size=25&page_number=7",7,"indonesia_riau?page_size=25&page_number=7","https://www.carmudi.co.id/mobil-bekas-dijual/indonesia_riau?page_size=25&page_number=7"
401,"https://www.carmudi.co.id/mobil-bekas-dijual/indonesia_sumatera-selatan?page_size=25&page_number=7",7,"indonesia_sumatera-selatan?page_size=25&page_number=7","https://www.carmudi.co.id/mobil-bekas-dijual/indonesia_sumatera-selatan?page_size=25&page_number=7"
402,"https://www.carmudi.co.id/mobil-bekas-dijual/indonesia_sumatera-barat?page_size=25&page_number=7",7,"indonesia_sumatera-barat?page_size=25&page_number=7","https://www.carmudi.co.id/mobil-bekas-dijual/indonesia_sumatera-barat?page_size=25&page_number=7"
403,"https://www.carmudi.co.id/mobil-bekas-dijual/indonesia_jambi?page_size=25&page_number=7",7,"indonesia_jambi?page_size=25&page_number=7","https://www.carmudi.co.id/mobil-bekas-dijual/indonesia_jambi?page_size=25&page_number=7"
404,"https://www.carmudi.co.id/mobil-bekas-dijual/indonesia_sulawesi-selatan?page_size=25&page_number=7",7,"indonesia_sulawesi-selatan?page_size=25&page_number=7","https://www.carmudi.co.id/mobil-bekas-dijual/indonesia_sulawesi-selatan?page_size=25&page_number=7"
405,"https://www.carmudi.co.id/mobil-bekas-dijual/indonesia_nangroe-aceh-darussalam?page_size=25&page_number=7",7,"indonesia_nangroe-aceh-darussalam?page_size=25&page_number=7","https://www.carmudi.co.id/mobil-bekas-dijual/indonesia_nangroe-aceh-darussalam?page_size=25&page_number=7"
406,"https://www.carmudi.co.id/mobil-bekas-dijual/indonesia_sulawesi-utara?page_size=25&page_number=7",7,"indonesia_sulawesi-utara?page_size=25&page_number=7","https://www.carmudi.co.id/mobil-bekas-dijual/indonesia_sulawesi-utara?page_size=25&page_number=7"
407,"https://www.carmudi.co.id/mobil-bekas-dijual/indonesia_kalimantan-timur?page_size=25&page_number=7",7,"indonesia_kalimantan-timur?page_size=25&page_number=7","https://www.carmudi.co.id/mobil-bekas-dijual/indonesia_kalimantan-timur?page_size=25&page_number=7"
408,"https://www.carmudi.co.id/mobil-bekas-dijual/indonesia_nusa-tenggara-barat?page_size=25&page_number=7",7,"indonesia_nusa-tenggara-barat?page_size=25&page_number=7","https://www.carmudi.co.id/mobil-bekas-dijual/indonesia_nusa-tenggara-barat?page_size=25&page_number=7"
409,"https://www.carmudi.co.id/mobil-bekas-dijual/indonesia_sulawesi-tengah?page_size=25&page_number=7",7,"indonesia_sulawesi-tengah?page_size=25&page_number=7","https://www.carmudi.co.id/mobil-bekas-dijual/indonesia_sulawesi-tengah?page_size=25&page_number=7"
410,"https://www.carmudi.co.id/mobil-bekas-dijual/indonesia_kalimantan-barat?page_size=25&page_number=7",7,"indonesia_kalimantan-barat?page_size=25&page_number=7","https://www.carmudi.co.id/mobil-bekas-dijual/indonesia_kalimantan-barat?page_size=25&page_number=7"
411,"https://www.carmudi.co.id/mobil-bekas-dijual/indonesia_maluku?page_size=25&page_number=7",7,"indonesia_maluku?page_size=25&page_number=7","https://www.carmudi.co.id/mobil-bekas-dijual/indonesia_maluku?page_size=25&page_number=7"
412,"https://www.carmudi.co.id/mobil-bekas-dijual/indonesia_maluku-utara?page_size=25&page_number=7",7,"indonesia_maluku-utara?page_size=25&page_number=7","https://www.carmudi.co.id/mobil-bekas-dijual/indonesia_maluku-utara?page_size=25&page_number=7"
413,"https://www.carmudi.co.id/mobil-bekas-dijual/indonesia_sulawesi-barat?page_size=25&page_number=7",7,"indonesia_sulawesi-barat?page_size=25&page_number=7","https://www.carmudi.co.id/mobil-bekas-dijual/indonesia_sulawesi-barat?page_size=25&page_number=7"
414,"https://www.carmudi.co.id/mobil-bekas-dijual/indonesia_sulawesi-tenggara?page_size=25&page_number=7",7,"indonesia_sulawesi-tenggara?page_size=25&page_number=7","https://www.carmudi.co.id/mobil-bekas-dijual/indonesia_sulawesi-tenggara?page_size=25&page_number=7"
415,"https://www.carmudi.co.id/mobil-bekas-dijual/indonesia?page_number=8&page_size=25",8,"indonesia?page_number=8&page_size=25","https://www.carmudi.co.id/mobil-bekas-dijual/indonesia?page_number=8&page_size=25"
416,"https://www.carmudi.co.id/mobil-bekas-dijual/indonesia?page_size=25&page_number=8",8,"indonesia?page_size=25&page_number=8","https://www.carmudi.co.id/mobil-bekas-dijual/indonesia?page_size=25&page_number=8"
417,"https://www.carmudi.co.id/mobil-bekas-dijual/indonesia?transmission=automatic&page_size=25&page_number=8",8,"indonesia?transmission=automatic&page_size=25&page_number=8","https://www.carmudi.co.id/mobil-bekas-dijual/indonesia?transmission=automatic&page_size=25&page_number=8"
418,"https://www.carmudi.co.id/mobil-bekas-dijual/indonesia?transmission=manual&page_size=25&page_number=8",8,"indonesia?transmission=manual&page_size=25&page_number=8","https://www.carmudi.co.id/mobil-bekas-dijual/indonesia?transmission=manual&page_size=25&page_number=8"
419,"https://www.carmudi.co.id/mobil-bekas-dijual/indonesia?page_size=25&page_number=8&sort=best.match",8,"indonesia?page_size=25&page_number=8&sort=best.match","https://www.carmudi.co.id/mobil-bekas-dijual/indonesia?page_size=25&page_number=8&sort=best.match"
420,"https://www.carmudi.co.id/mobil-bekas-dijual/indonesia?page_size=25&page_number=8&sort=modification_date_search.desc",8,"indonesia?page_size=25&page_number=8&sort=modification_date_search.desc","https://www.carmudi.co.id/mobil-bekas-dijual/indonesia?page_size=25&page_number=8&sort=modification_date_search.desc"
421,"https://www.carmudi.co.id/mobil-bekas-dijual/indonesia?page_size=25&page_number=8&sort=price.asc",8,"indonesia?page_size=25&page_number=8&sort=price.asc","https://www.carmudi.co.id/mobil-bekas-dijual/indonesia?page_size=25&page_number=8&sort=price.asc"
422,"https://www.carmudi.co.id/mobil-bekas-dijual/indonesia?page_size=25&page_number=8&sort=price.desc",8,"indonesia?page_size=25&page_number=8&sort=price.desc","https://www.carmudi.co.id/mobil-bekas-dijual/indonesia?page_size=25&page_number=8&sort=price.desc"
423,"https://www.carmudi.co.id/mobil-bekas-dijual/indonesia?page_size=25&page_number=8&sort=year.desc",8,"indonesia?page_size=25&page_number=8&sort=year.desc","https://www.carmudi.co.id/mobil-bekas-dijual/indonesia?page_size=25&page_number=8&sort=year.desc"
424,"https://www.carmudi.co.id/mobil-bekas-dijual/indonesia?page_size=25&page_number=8&sort=year.asc",8,"indonesia?page_size=25&page_number=8&sort=year.asc","https://www.carmudi.co.id/mobil-bekas-dijual/indonesia?page_size=25&page_number=8&sort=year.asc"
425,"https://www.carmudi.co.id/mobil-bekas-dijual/indonesia?page_size=25&page_number=8&sort=mileage.asc",8,"indonesia?page_size=25&page_number=8&sort=mileage.asc","https://www.carmudi.co.id/mobil-bekas-dijual/indonesia?page_size=25&page_number=8&sort=mileage.asc"
426,"https://www.carmudi.co.id/mobil-bekas-dijual/indonesia?page_size=25&page_number=8&sort=mileage.desc",8,"indonesia?page_size=25&page_number=8&sort=mileage.desc","https://www.carmudi.co.id/mobil-bekas-dijual/indonesia?page_size=25&page_number=8&sort=mileage.desc"
427,"https://www.carmudi.co.id/mobil-bekas-dijual/indonesia_jabodetabek?page_size=25&page_number=8",8,"indonesia_jabodetabek?page_size=25&page_number=8","https://www.carmudi.co.id/mobil-bekas-dijual/indonesia_jabodetabek?page_size=25&page_number=8"
428,"https://www.carmudi.co.id/mobil-bekas-dijual/indonesia_dki-jakarta?page_size=25&page_number=8",8,"indonesia_dki-jakarta?page_size=25&page_number=8","https://www.carmudi.co.id/mobil-bekas-dijual/indonesia_dki-jakarta?page_size=25&page_number=8"
429,"https://www.carmudi.co.id/mobil-bekas-dijual/indonesia_banten?page_size=25&page_number=8",8,"indonesia_banten?page_size=25&page_number=8","https://www.carmudi.co.id/mobil-bekas-dijual/indonesia_banten?page_size=25&page_number=8"
430,"https://www.carmudi.co.id/mobil-bekas-dijual/indonesia_jawa-barat?page_size=25&page_number=8",8,"indonesia_jawa-barat?page_size=25&page_number=8","https://www.carmudi.co.id/mobil-bekas-dijual/indonesia_jawa-barat?page_size=25&page_number=8"
431,"https://www.carmudi.co.id/mobil-bekas-dijual/indonesia_jawa-timur?page_size=25&page_number=8",8,"indonesia_jawa-timur?page_size=25&page_number=8","https://www.carmudi.co.id/mobil-bekas-dijual/indonesia_jawa-timur?page_size=25&page_number=8"
432,"https://www.carmudi.co.id/mobil-bekas-dijual/indonesia_jawa-tengah?page_size=25&page_number=8",8,"indonesia_jawa-tengah?page_size=25&page_number=8","https://www.carmudi.co.id/mobil-bekas-dijual/indonesia_jawa-tengah?page_size=25&page_number=8"
433,"https://www.carmudi.co.id/mobil-bekas-dijual/indonesia_yogyakarta?page_size=25&page_number=8",8,"indonesia_yogyakarta?page_size=25&page_number=8","https://www.carmudi.co.id/mobil-bekas-dijual/indonesia_yogyakarta?page_size=25&page_number=8"
434,"https://www.carmudi.co.id/mobil-bekas-dijual/indonesia_sumatera-utara?page_size=25&page_number=8",8,"indonesia_sumatera-utara?page_size=25&page_number=8","https://www.carmudi.co.id/mobil-bekas-dijual/indonesia_sumatera-utara?page_size=25&page_number=8"
435,"https://www.carmudi.co.id/mobil-bekas-dijual/indonesia_bali?page_size=25&page_number=8",8,"indonesia_bali?page_size=25&page_number=8","https://www.carmudi.co.id/mobil-bekas-dijual/indonesia_bali?page_size=25&page_number=8"
436,"https://www.carmudi.co.id/mobil-bekas-dijual/indonesia_lampung?page_size=25&page_number=8",8,"indonesia_lampung?page_size=25&page_number=8","https://www.carmudi.co.id/mobil-bekas-dijual/indonesia_lampung?page_size=25&page_number=8"
437,"https://www.carmudi.co.id/mobil-bekas-dijual/indonesia_gorontalo?page_size=25&page_number=8",8,"indonesia_gorontalo?page_size=25&page_number=8","https://www.carmudi.co.id/mobil-bekas-dijual/indonesia_gorontalo?page_size=25&page_number=8"
438,"https://www.carmudi.co.id/mobil-bekas-dijual/indonesia_riau?page_size=25&page_number=8",8,"indonesia_riau?page_size=25&page_number=8","https://www.carmudi.co.id/mobil-bekas-dijual/indonesia_riau?page_size=25&page_number=8"
439,"https://www.carmudi.co.id/mobil-bekas-dijual/indonesia_sumatera-selatan?page_size=25&page_number=8",8,"indonesia_sumatera-selatan?page_size=25&page_number=8","https://www.carmudi.co.id/mobil-bekas-dijual/indonesia_sumatera-selatan?page_size=25&page_number=8"
440,"https://www.carmudi.co.id/mobil-bekas-dijual/indonesia_sumatera-barat?page_size=25&page_number=8",8,"indonesia_sumatera-barat?page_size=25&page_number=8","https://www.carmudi.co.id/mobil-bekas-dijual/indonesia_sumatera-barat?page_size=25&page_number=8"
441,"https://www.carmudi.co.id/mobil-bekas-dijual/indonesia_jambi?page_size=25&page_number=8",8,"indonesia_jambi?page_size=25&page_number=8","https://www.carmudi.co.id/mobil-bekas-dijual/indonesia_jambi?page_size=25&page_number=8"
442,"https://www.carmudi.co.id/mobil-bekas-dijual/indonesia_sulawesi-selatan?page_size=25&page_number=8",8,"indonesia_sulawesi-selatan?page_size=25&page_number=8","https://www.carmudi.co.id/mobil-bekas-dijual/indonesia_sulawesi-selatan?page_size=25&page_number=8"
443,"https://www.carmudi.co.id/mobil-bekas-dijual/indonesia_nangroe-aceh-darussalam?page_size=25&page_number=8",8,"indonesia_nangroe-aceh-darussalam?page_size=25&page_number=8","https://www.carmudi.co.id/mobil-bekas-dijual/indonesia_nangroe-aceh-darussalam?page_size=25&page_number=8"
444,"https://www.carmudi.co.id/mobil-bekas-dijual/indonesia_sulawesi-utara?page_size=25&page_number=8",8,"indonesia_sulawesi-utara?page_size=25&page_number=8","https://www.carmudi.co.id/mobil-bekas-dijual/indonesia_sulawesi-utara?page_size=25&page_number=8"
445,"https://www.carmudi.co.id/mobil-bekas-dijual/indonesia_kalimantan-timur?page_size=25&page_number=8",8,"indonesia_kalimantan-timur?page_size=25&page_number=8","https://www.carmudi.co.id/mobil-bekas-dijual/indonesia_kalimantan-timur?page_size=25&page_number=8"
446,"https://www.carmudi.co.id/mobil-bekas-dijual/indonesia_nusa-tenggara-barat?page_size=25&page_number=8",8,"indonesia_nusa-tenggara-barat?page_size=25&page_number=8","https://www.carmudi.co.id/mobil-bekas-dijual/indonesia_nusa-tenggara-barat?page_size=25&page_number=8"
447,"https://www.carmudi.co.id/mobil-bekas-dijual/indonesia_sulawesi-tengah?page_size=25&page_number=8",8,"indonesia_sulawesi-tengah?page_size=25&page_number=8","https://www.carmudi.co.id/mobil-bekas-dijual/indonesia_sulawesi-tengah?page_size=25&page_number=8"
448,"https://www.carmudi.co.id/mobil-bekas-dijual/indonesia_kalimantan-barat?page_size=25&page_number=8",8,"indonesia_kalimantan-barat?page_size=25&page_number=8","https://www.carmudi.co.id/mobil-bekas-dijual/indonesia_kalimantan-barat?page_size=25&page_number=8"
449,"https://www.carmudi.co.id/mobil-bekas-dijual/indonesia_maluku?page_size=25&page_number=8",8,"indonesia_maluku?page_size=25&page_number=8","https://www.carmudi.co.id/mobil-bekas-dijual/indonesia_maluku?page_size=25&page_number=8"
450,"https://www.carmudi.co.id/mobil-bekas-dijual/indonesia_maluku-utara?page_size=25&page_number=8",8,"indonesia_maluku-utara?page_size=25&page_number=8","https://www.carmudi.co.id/mobil-bekas-dijual/indonesia_maluku-utara?page_size=25&page_number=8"
451,"https://www.carmudi.co.id/mobil-bekas-dijual/indonesia_sulawesi-barat?page_size=25&page_number=8",8,"indonesia_sulawesi-barat?page_size=25&page_number=8","https://www.carmudi.co.id/mobil-bekas-dijual/indonesia_sulawesi-barat?page_size=25&page_number=8"
452,"https://www.carmudi.co.id/mobil-bekas-dijual/indonesia_sulawesi-tenggara?page_size=25&page_number=8",8,"indonesia_sulawesi-tenggara?page_size=25&page_number=8","https://www.carmudi.co.id/mobil-bekas-dijual/indonesia_sulawesi-tenggara?page_size=25&page_number=8"
453,"https://www.carmudi.co.id/mobil-bekas-dijual/indonesia?page_number=9&page_size=25",9,"indonesia?page_number=9&page_size=25","https://www.carmudi.co.id/mobil-bekas-dijual/indonesia?page_number=9&page_size=25"
454,"https://www.carmudi.co.id/mobil-bekas-dijual/indonesia?page_size=25&page_number=9",9,"indonesia?page_size=25&page_number=9","https://www.carmudi.co.id/mobil-bekas-dijual/indonesia?page_size=25&page_number=9"
455,"https://www.carmudi.co.id/mobil-bekas-dijual/indonesia?transmission=automatic&page_size=25&page_number=9",9,"indonesia?transmission=automatic&page_size=25&page_number=9","https://www.carmudi.co.id/mobil-bekas-dijual/indonesia?transmission=automatic&page_size=25&page_number=9"
456,"https://www.carmudi.co.id/mobil-bekas-dijual/indonesia?transmission=manual&page_size=25&page_number=9",9,"indonesia?transmission=manual&page_size=25&page_number=9","https://www.carmudi.co.id/mobil-bekas-dijual/indonesia?transmission=manual&page_size=25&page_number=9"
457,"https://www.carmudi.co.id/mobil-bekas-dijual/indonesia?page_size=25&page_number=9&sort=best.match",9,"indonesia?page_size=25&page_number=9&sort=best.match","https://www.carmudi.co.id/mobil-bekas-dijual/indonesia?page_size=25&page_number=9&sort=best.match"
458,"https://www.carmudi.co.id/mobil-bekas-dijual/indonesia?page_size=25&page_number=9&sort=modification_date_search.desc",9,"indonesia?page_size=25&page_number=9&sort=modification_date_search.desc","https://www.carmudi.co.id/mobil-bekas-dijual/indonesia?page_size=25&page_number=9&sort=modification_date_search.desc"
459,"https://www.carmudi.co.id/mobil-bekas-dijual/indonesia?page_size=25&page_number=9&sort=price.asc",9,"indonesia?page_size=25&page_number=9&sort=price.asc","https://www.carmudi.co.id/mobil-bekas-dijual/indonesia?page_size=25&page_number=9&sort=price.asc"
460,"https://www.carmudi.co.id/mobil-bekas-dijual/indonesia?page_size=25&page_number=9&sort=price.desc",9,"indonesia?page_size=25&page_number=9&sort=price.desc","https://www.carmudi.co.id/mobil-bekas-dijual/indonesia?page_size=25&page_number=9&sort=price.desc"
461,"https://www.carmudi.co.id/mobil-bekas-dijual/indonesia?page_size=25&page_number=9&sort=year.desc",9,"indonesia?page_size=25&page_number=9&sort=year.desc","https://www.carmudi.co.id/mobil-bekas-dijual/indonesia?page_size=25&page_number=9&sort=year.desc"
462,"https://www.carmudi.co.id/mobil-bekas-dijual/indonesia?page_size=25&page_number=9&sort=year.asc",9,"indonesia?page_size=25&page_number=9&sort=year.asc","https://www.carmudi.co.id/mobil-bekas-dijual/indonesia?page_size=25&page_number=9&sort=year.asc"
463,"https://www.carmudi.co.id/mobil-bekas-dijual/indonesia?page_size=25&page_number=9&sort=mileage.asc",9,"indonesia?page_size=25&page_number=9&sort=mileage.asc","https://www.carmudi.co.id/mobil-bekas-dijual/indonesia?page_size=25&page_number=9&sort=mileage.asc"
464,"https://www.carmudi.co.id/mobil-bekas-dijual/indonesia?page_size=25&page_number=9&sort=mileage.desc",9,"indonesia?page_size=25&page_number=9&sort=mileage.desc","https://www.carmudi.co.id/mobil-bekas-dijual/indonesia?page_size=25&page_number=9&sort=mileage.desc"
465,"https://www.carmudi.co.id/mobil-bekas-dijual/indonesia_jabodetabek?page_size=25&page_number=9",9,"indonesia_jabodetabek?page_size=25&page_number=9","https://www.carmudi.co.id/mobil-bekas-dijual/indonesia_jabodetabek?page_size=25&page_number=9"
466,"https://www.carmudi.co.id/mobil-bekas-dijual/indonesia_dki-jakarta?page_size=25&page_number=9",9,"indonesia_dki-jakarta?page_size=25&page_number=9","https://www.carmudi.co.id/mobil-bekas-dijual/indonesia_dki-jakarta?page_size=25&page_number=9"
467,"https://www.carmudi.co.id/mobil-bekas-dijual/indonesia_banten?page_size=25&page_number=9",9,"indonesia_banten?page_size=25&page_number=9","https://www.carmudi.co.id/mobil-bekas-dijual/indonesia_banten?page_size=25&page_number=9"
468,"https://www.carmudi.co.id/mobil-bekas-dijual/indonesia_jawa-barat?page_size=25&page_number=9",9,"indonesia_jawa-barat?page_size=25&page_number=9","https://www.carmudi.co.id/mobil-bekas-dijual/indonesia_jawa-barat?page_size=25&page_number=9"
469,"https://www.carmudi.co.id/mobil-bekas-dijual/indonesia_jawa-timur?page_size=25&page_number=9",9,"indonesia_jawa-timur?page_size=25&page_number=9","https://www.carmudi.co.id/mobil-bekas-dijual/indonesia_jawa-timur?page_size=25&page_number=9"
470,"https://www.carmudi.co.id/mobil-bekas-dijual/indonesia_jawa-tengah?page_size=25&page_number=9",9,"indonesia_jawa-tengah?page_size=25&page_number=9","https://www.carmudi.co.id/mobil-bekas-dijual/indonesia_jawa-tengah?page_size=25&page_number=9"
471,"https://www.carmudi.co.id/mobil-bekas-dijual/indonesia_yogyakarta?page_size=25&page_number=9",9,"indonesia_yogyakarta?page_size=25&page_number=9","https://www.carmudi.co.id/mobil-bekas-dijual/indonesia_yogyakarta?page_size=25&page_number=9"
472,"https://www.carmudi.co.id/mobil-bekas-dijual/indonesia_sumatera-utara?page_size=25&page_number=9",9,"indonesia_sumatera-utara?page_size=25&page_number=9","https://www.carmudi.co.id/mobil-bekas-dijual/indonesia_sumatera-utara?page_size=25&page_number=9"
473,"https://www.carmudi.co.id/mobil-bekas-dijual/indonesia_bali?page_size=25&page_number=9",9,"indonesia_bali?page_size=25&page_number=9","https://www.carmudi.co.id/mobil-bekas-dijual/indonesia_bali?page_size=25&page_number=9"
474,"https://www.carmudi.co.id/mobil-bekas-dijual/indonesia_lampung?page_size=25&page_number=9",9,"indonesia_lampung?page_size=25&page_number=9","https://www.carmudi.co.id/mobil-bekas-dijual/indonesia_lampung?page_size=25&page_number=9"
475,"https://www.carmudi.co.id/mobil-bekas-dijual/indonesia_gorontalo?page_size=25&page_number=9",9,"indonesia_gorontalo?page_size=25&page_number=9","https://www.carmudi.co.id/mobil-bekas-dijual/indonesia_gorontalo?page_size=25&page_number=9"
476,"https://www.carmudi.co.id/mobil-bekas-dijual/indonesia_riau?page_size=25&page_number=9",9,"indonesia_riau?page_size=25&page_number=9","https://www.carmudi.co.id/mobil-bekas-dijual/indonesia_riau?page_size=25&page_number=9"
477,"https://www.carmudi.co.id/mobil-bekas-dijual/indonesia_sumatera-selatan?page_size=25&page_number=9",9,"indonesia_sumatera-selatan?page_size=25&page_number=9","https://www.carmudi.co.id/mobil-bekas-dijual/indonesia_sumatera-selatan?page_size=25&page_number=9"
478,"https://www.carmudi.co.id/mobil-bekas-dijual/indonesia_sumatera-barat?page_size=25&page_number=9",9,"indonesia_sumatera-barat?page_size=25&page_number=9","https://www.carmudi.co.id/mobil-bekas-dijual/indonesia_sumatera-barat?page_size=25&page_number=9"
479,"https://www.carmudi.co.id/mobil-bekas-dijual/indonesia_jambi?page_size=25&page_number=9",9,"indonesia_jambi?page_size=25&page_number=9","https://www.carmudi.co.id/mobil-bekas-dijual/indonesia_jambi?page_size=25&page_number=9"
480,"https://www.carmudi.co.id/mobil-bekas-dijual/indonesia_sulawesi-selatan?page_size=25&page_number=9",9,"indonesia_sulawesi-selatan?page_size=25&page_number=9","https://www.carmudi.co.id/mobil-bekas-dijual/indonesia_sulawesi-selatan?page_size=25&page_number=9"
481,"https://www.carmudi.co.id/mobil-bekas-dijual/indonesia_nangroe-aceh-darussalam?page_size=25&page_number=9",9,"indonesia_nangroe-aceh-darussalam?page_size=25&page_number=9","https://www.carmudi.co.id/mobil-bekas-dijual/indonesia_nangroe-aceh-darussalam?page_size=25&page_number=9"
482,"https://www.carmudi.co.id/mobil-bekas-dijual/indonesia_sulawesi-utara?page_size=25&page_number=9",9,"indonesia_sulawesi-utara?page_size=25&page_number=9","https://www.carmudi.co.id/mobil-bekas-dijual/indonesia_sulawesi-utara?page_size=25&page_number=9"
483,"https://www.carmudi.co.id/mobil-bekas-dijual/indonesia_kalimantan-timur?page_size=25&page_number=9",9,"indonesia_kalimantan-timur?page_size=25&page_number=9","https://www.carmudi.co.id/mobil-bekas-dijual/indonesia_kalimantan-timur?page_size=25&page_number=9"
484,"https://www.carmudi.co.id/mobil-bekas-dijual/indonesia_nusa-tenggara-barat?page_size=25&page_number=9",9,"indonesia_nusa-tenggara-barat?page_size=25&page_number=9","https://www.carmudi.co.id/mobil-bekas-dijual/indonesia_nusa-tenggara-barat?page_size=25&page_number=9"
485,"https://www.carmudi.co.id/mobil-bekas-dijual/indonesia_sulawesi-tengah?page_size=25&page_number=9",9,"indonesia_sulawesi-tengah?page_size=25&page_number=9","https://www.carmudi.co.id/mobil-bekas-dijual/indonesia_sulawesi-tengah?page_size=25&page_number=9"
486,"https://www.carmudi.co.id/mobil-bekas-dijual/indonesia_kalimantan-barat?page_size=25&page_number=9",9,"indonesia_kalimantan-barat?page_size=25&page_number=9","https://www.carmudi.co.id/mobil-bekas-dijual/indonesia_kalimantan-barat?page_size=25&page_number=9"
487,"https://www.carmudi.co.id/mobil-bekas-dijual/indonesia_maluku?page_size=25&page_number=9",9,"indonesia_maluku?page_size=25&page_number=9","https://www.carmudi.co.id/mobil-bekas-dijual/indonesia_maluku?page_size=25&page_number=9"
488,"https://www.carmudi.co.id/mobil-bekas-dijual/indonesia_maluku-utara?page_size=25&page_number=9",9,"indonesia_maluku-utara?page_size=25&page_number=9","https://www.carmudi.co.id/mobil-bekas-dijual/indonesia_maluku-utara?page_size=25&page_number=9"
489,"https://www.carmudi.co.id/mobil-bekas-dijual/indonesia_sulawesi-barat?page_size=25&page_number=9",9,"indonesia_sulawesi-barat?page_size=25&page_number=9","https://www.carmudi.co.id/mobil-bekas-dijual/indonesia_sulawesi-barat?page_size=25&page_number=9"
490,"https://www.carmudi.co.id/mobil-bekas-dijual/indonesia_sulawesi-tenggara?page_size=25&page_number=9",9,"indonesia_sulawesi-tenggara?page_size=25&page_number=9","https://www.carmudi.co.id/mobil-bekas-dijual/indonesia_sulawesi-tenggara?page_size=25&page_number=9"
491,"https://www.carmudi.co.id/mobil-bekas-dijual/indonesia?page_number=10&page_size=25",10,"indonesia?page_number=10&page_size=25","https://www.carmudi.co.id/mobil-bekas-dijual/indonesia?page_number=10&page_size=25"
492,"https://www.carmudi.co.id/mobil-bekas-dijual/indonesia?page_size=25&page_number=10",10,"indonesia?page_size=25&page_number=10","https://www.carmudi.co.id/mobil-bekas-dijual/indonesia?page_size=25&page_number=10"
493,"https://www.carmudi.co.id/mobil-bekas-dijual/indonesia?transmission=automatic&page_size=25&page_number=10",10,"indonesia?transmission=automatic&page_size=25&page_number=10","https://www.carmudi.co.id/mobil-bekas-dijual/indonesia?transmission=automatic&page_size=25&page_number=10"
494,"https://www.carmudi.co.id/mobil-bekas-dijual/indonesia?transmission=manual&page_size=25&page_number=10",10,"indonesia?transmission=manual&page_size=25&page_number=10","https://www.carmudi.co.id/mobil-bekas-dijual/indonesia?transmission=manual&page_size=25&page_number=10"
495,"https://www.carmudi.co.id/mobil-bekas-dijual/indonesia?page_size=25&page_number=10&sort=best.match",10,"indonesia?page_size=25&page_number=10&sort=best.match","https://www.carmudi.co.id/mobil-bekas-dijual/indonesia?page_size=25&page_number=10&sort=best.match"
496,"https://www.carmudi.co.id/mobil-bekas-dijual/indonesia?page_size=25&page_number=10&sort=modification_date_search.desc",10,"indonesia?page_size=25&page_number=10&sort=modification_date_search.desc","https://www.carmudi.co.id/mobil-bekas-dijual/indonesia?page_size=25&page_number=10&sort=modification_date_search.desc"
497,"https://www.carmudi.co.id/mobil-bekas-dijual/indonesia?page_size=25&page_number=10&sort=price.asc",10,"indonesia?page_size=25&page_number=10&sort=price.asc","https://www.carmudi.co.id/mobil-bekas-dijual/indonesia?page_size=25&page_number=10&sort=price.asc"
498,"https://www.carmudi.co.id/mobil-bekas-dijual/indonesia?page_size=25&page_number=10&sort=price.desc",10,"indonesia?page_size=25&page_number=10&sort=price.desc","https://www.carmudi.co.id/mobil-bekas-dijual/indonesia?page_size=25&page_number=10&sort=price.desc"
499,"https://www.carmudi.co.id/mobil-bekas-dijual/indonesia?page_size=25&page_number=10&sort=year.desc",10,"indonesia?page_size=25&page_number=10&sort=year.desc","https://www.carmudi.co.id/mobil-bekas-dijual/indonesia?page_size=25&page_number=10&sort=year.desc"
500,"https://www.carmudi.co.id/mobil-bekas-dijual/indonesia?page_size=25&page_number=10&sort=year.asc",10,"indonesia?page_size=25&page_number=10&sort=year.asc","https://www.carmudi.co.id/mobil-bekas-dijual/indonesia?page_size=25&page_number=10&sort=year.asc"
501,"https://www.carmudi.co.id/mobil-bekas-dijual/indonesia?page_size=25&page_number=10&sort=mileage.asc",10,"indonesia?page_size=25&page_number=10&sort=mileage.asc","https://www.carmudi.co.id/mobil-bekas-dijual/indonesia?page_size=25&page_number=10&sort=mileage.asc"
502,"https://www.carmudi.co.id/mobil-bekas-dijual/indonesia?page_size=25&page_number=10&sort=mileage.desc",10,"indonesia?page_size=25&page_number=10&sort=mileage.desc","https://www.carmudi.co.id/mobil-bekas-dijual/indonesia?page_size=25&page_number=10&sort=mileage.desc"
503,"https://www.carmudi.co.id/mobil-bekas-dijual/indonesia_jabodetabek?page_size=25&page_number=10",10,"indonesia_jabodetabek?page_size=25&page_number=10","https://www.carmudi.co.id/mobil-bekas-dijual/indonesia_jabodetabek?page_size=25&page_number=10"
504,"https://www.carmudi.co.id/mobil-bekas-dijual/indonesia_dki-jakarta?page_size=25&page_number=10",10,"indonesia_dki-jakarta?page_size=25&page_number=10","https://www.carmudi.co.id/mobil-bekas-dijual/indonesia_dki-jakarta?page_size=25&page_number=10"
505,"https://www.carmudi.co.id/mobil-bekas-dijual/indonesia_banten?page_size=25&page_number=10",10,"indonesia_banten?page_size=25&page_number=10","https://www.carmudi.co.id/mobil-bekas-dijual/indonesia_banten?page_size=25&page_number=10"
506,"https://www.carmudi.co.id/mobil-bekas-dijual/indonesia_jawa-barat?page_size=25&page_number=10",10,"indonesia_jawa-barat?page_size=25&page_number=10","https://www.carmudi.co.id/mobil-bekas-dijual/indonesia_jawa-barat?page_size=25&page_number=10"
507,"https://www.carmudi.co.id/mobil-bekas-dijual/indonesia_jawa-timur?page_size=25&page_number=10",10,"indonesia_jawa-timur?page_size=25&page_number=10","https://www.carmudi.co.id/mobil-bekas-dijual/indonesia_jawa-timur?page_size=25&page_number=10"
508,"https://www.carmudi.co.id/mobil-bekas-dijual/indonesia_jawa-tengah?page_size=25&page_number=10",10,"indonesia_jawa-tengah?page_size=25&page_number=10","https://www.carmudi.co.id/mobil-bekas-dijual/indonesia_jawa-tengah?page_size=25&page_number=10"
509,"https://www.carmudi.co.id/mobil-bekas-dijual/indonesia_yogyakarta?page_size=25&page_number=10",10,"indonesia_yogyakarta?page_size=25&page_number=10","https://www.carmudi.co.id/mobil-bekas-dijual/indonesia_yogyakarta?page_size=25&page_number=10"
510,"https://www.carmudi.co.id/mobil-bekas-dijual/indonesia_sumatera-utara?page_size=25&page_number=10",10,"indonesia_sumatera-utara?page_size=25&page_number=10","https://www.carmudi.co.id/mobil-bekas-dijual/indonesia_sumatera-utara?page_size=25&page_number=10"
511,"https://www.carmudi.co.id/mobil-bekas-dijual/indonesia_bali?page_size=25&page_number=10",10,"indonesia_bali?page_size=25&page_number=10","https://www.carmudi.co.id/mobil-bekas-dijual/indonesia_bali?page_size=25&page_number=10"
512,"https://www.carmudi.co.id/mobil-bekas-dijual/indonesia_lampung?page_size=25&page_number=10",10,"indonesia_lampung?page_size=25&page_number=10","https://www.carmudi.co.id/mobil-bekas-dijual/indonesia_lampung?page_size=25&page_number=10"
513,"https://www.carmudi.co.id/mobil-bekas-dijual/indonesia_gorontalo?page_size=25&page_number=10",10,"indonesia_gorontalo?page_size=25&page_number=10","https://www.carmudi.co.id/mobil-bekas-dijual/indonesia_gorontalo?page_size=25&page_number=10"
514,"https://www.carmudi.co.id/mobil-bekas-dijual/indonesia_riau?page_size=25&page_number=10",10,"indonesia_riau?page_size=25&page_number=10","https://www.carmudi.co.id/mobil-bekas-dijual/indonesia_riau?page_size=25&page_number=10"
515,"https://www.carmudi.co.id/mobil-bekas-dijual/indonesia_sumatera-selatan?page_size=25&page_number=10",10,"indonesia_sumatera-selatan?page_size=25&page_number=10","https://www.carmudi.co.id/mobil-bekas-dijual/indonesia_sumatera-selatan?page_size=25&page_number=10"
516,"https://www.carmudi.co.id/mobil-bekas-dijual/indonesia_sumatera-barat?page_size=25&page_number=10",10,"indonesia_sumatera-barat?page_size=25&page_number=10","https://www.carmudi.co.id/mobil-bekas-dijual/indonesia_sumatera-barat?page_size=25&page_number=10"
517,"https://www.carmudi.co.id/mobil-bekas-dijual/indonesia_jambi?page_size=25&page_number=10",10,"indonesia_jambi?page_size=25&page_number=10","https://www.carmudi.co.id/mobil-bekas-dijual/indonesia_jambi?page_size=25&page_number=10"
518,"https://www.carmudi.co.id/mobil-bekas-dijual/indonesia_sulawesi-selatan?page_size=25&page_number=10",10,"indonesia_sulawesi-selatan?page_size=25&page_number=10","https://www.carmudi.co.id/mobil-bekas-dijual/indonesia_sulawesi-selatan?page_size=25&page_number=10"
519,"https://www.carmudi.co.id/mobil-bekas-dijual/indonesia_nangroe-aceh-darussalam?page_size=25&page_number=10",10,"indonesia_nangroe-aceh-darussalam?page_size=25&page_number=10","https://www.carmudi.co.id/mobil-bekas-dijual/indonesia_nangroe-aceh-darussalam?page_size=25&page_number=10"
520,"https://www.carmudi.co.id/mobil-bekas-dijual/indonesia_sulawesi-utara?page_size=25&page_number=10",10,"indonesia_sulawesi-utara?page_size=25&page_number=10","https://www.carmudi.co.id/mobil-bekas-dijual/indonesia_sulawesi-utara?page_size=25&page_number=10"
521,"https://www.carmudi.co.id/mobil-bekas-dijual/indonesia_kalimantan-timur?page_size=25&page_number=10",10,"indonesia_kalimantan-timur?page_size=25&page_number=10","https://www.carmudi.co.id/mobil-bekas-dijual/indonesia_kalimantan-timur?page_size=25&page_number=10"
522,"https://www.carmudi.co.id/mobil-bekas-dijual/indonesia_nusa-tenggara-barat?page_size=25&page_number=10",10,"indonesia_nusa-tenggara-barat?page_size=25&page_number=10","https://www.carmudi.co.id/mobil-bekas-dijual/indonesia_nusa-tenggara-barat?page_size=25&page_number=10"
523,"https://www.carmudi.co.id/mobil-bekas-dijual/indonesia_sulawesi-tengah?page_size=25&page_number=10",10,"indonesia_sulawesi-tengah?page_size=25&page_number=10","https://www.carmudi.co.id/mobil-bekas-dijual/indonesia_sulawesi-tengah?page_size=25&page_number=10"
524,"https://www.carmudi.co.id/mobil-bekas-dijual/indonesia_kalimantan-barat?page_size=25&page_number=10",10,"indonesia_kalimantan-barat?page_size=25&page_number=10","https://www.carmudi.co.id/mobil-bekas-dijual/indonesia_kalimantan-barat?page_size=25&page_number=10"
525,"https://www.carmudi.co.id/mobil-bekas-dijual/indonesia_maluku?page_size=25&page_number=10",10,"indonesia_maluku?page_size=25&page_number=10","https://www.carmudi.co.id/mobil-bekas-dijual/indonesia_maluku?page_size=25&page_number=10"
526,"https://www.carmudi.co.id/mobil-bekas-dijual/indonesia_maluku-utara?page_size=25&page_number=10",10,"indonesia_maluku-utara?page_size=25&page_number=10","https://www.carmudi.co.id/mobil-bekas-dijual/indonesia_maluku-utara?page_size=25&page_number=10"
527,"https://www.carmudi.co.id/mobil-bekas-dijual/indonesia_sulawesi-barat?page_size=25&page_number=10",10,"indonesia_sulawesi-barat?page_size=25&page_number=10","https://www.carmudi.co.id/mobil-bekas-dijual/indonesia_sulawesi-barat?page_size=25&page_number=10"
528,"https://www.carmudi.co.id/mobil-bekas-dijual/indonesia_sulawesi-tenggara?page_size=25&page_number=10",10,"indonesia_sulawesi-tenggara?page_size=25&page_number=10","https://www.carmudi.co.id/mobil-bekas-dijual/indonesia_sulawesi-tenggara?page_size=25&page_number=10"
529,"https://www.carmudi.co.id/mobil-bekas-dijual/indonesia?page_number=11&page_size=25",11,"indonesia?page_number=11&page_size=25","https://www.carmudi.co.id/mobil-bekas-dijual/indonesia?page_number=11&page_size=25"
530,"https://www.carmudi.co.id/mobil-bekas-dijual/indonesia?page_size=25&page_number=11",11,"indonesia?page_size=25&page_number=11","https://www.carmudi.co.id/mobil-bekas-dijual/indonesia?page_size=25&page_number=11"
531,"https://www.carmudi.co.id/mobil-bekas-dijual/indonesia?transmission=automatic&page_size=25&page_number=11",11,"indonesia?transmission=automatic&page_size=25&page_number=11","https://www.carmudi.co.id/mobil-bekas-dijual/indonesia?transmission=automatic&page_size=25&page_number=11"
532,"https://www.carmudi.co.id/mobil-bekas-dijual/indonesia?transmission=manual&page_size=25&page_number=11",11,"indonesia?transmission=manual&page_size=25&page_number=11","https://www.carmudi.co.id/mobil-bekas-dijual/indonesia?transmission=manual&page_size=25&page_number=11"
533,"https://www.carmudi.co.id/mobil-bekas-dijual/indonesia?page_size=25&page_number=11&sort=best.match",11,"indonesia?page_size=25&page_number=11&sort=best.match","https://www.carmudi.co.id/mobil-bekas-dijual/indonesia?page_size=25&page_number=11&sort=best.match"
534,"https://www.carmudi.co.id/mobil-bekas-dijual/indonesia?page_size=25&page_number=11&sort=modification_date_search.desc",11,"indonesia?page_size=25&page_number=11&sort=modification_date_search.desc","https://www.carmudi.co.id/mobil-bekas-dijual/indonesia?page_size=25&page_number=11&sort=modification_date_search.desc"
535,"https://www.carmudi.co.id/mobil-bekas-dijual/indonesia?page_size=25&page_number=11&sort=price.asc",11,"indonesia?page_size=25&page_number=11&sort=price.asc","https://www.carmudi.co.id/mobil-bekas-dijual/indonesia?page_size=25&page_number=11&sort=price.asc"
536,"https://www.carmudi.co.id/mobil-bekas-dijual/indonesia?page_size=25&page_number=11&sort=price.desc",11,"indonesia?page_size=25&page_number=11&sort=price.desc","https://www.carmudi.co.id/mobil-bekas-dijual/indonesia?page_size=25&page_number=11&sort=price.desc"
537,"https://www.carmudi.co.id/mobil-bekas-dijual/indonesia?page_size=25&page_number=11&sort=year.desc",11,"indonesia?page_size=25&page_number=11&sort=year.desc","https://www.carmudi.co.id/mobil-bekas-dijual/indonesia?page_size=25&page_number=11&sort=year.desc"
538,"https://www.carmudi.co.id/mobil-bekas-dijual/indonesia?page_size=25&page_number=11&sort=year.asc",11,"indonesia?page_size=25&page_number=11&sort=year.asc","https://www.carmudi.co.id/mobil-bekas-dijual/indonesia?page_size=25&page_number=11&sort=year.asc"
539,"https://www.carmudi.co.id/mobil-bekas-dijual/indonesia?page_size=25&page_number=11&sort=mileage.asc",11,"indonesia?page_size=25&page_number=11&sort=mileage.asc","https://www.carmudi.co.id/mobil-bekas-dijual/indonesia?page_size=25&page_number=11&sort=mileage.asc"
540,"https://www.carmudi.co.id/mobil-bekas-dijual/indonesia?page_size=25&page_number=11&sort=mileage.desc",11,"indonesia?page_size=25&page_number=11&sort=mileage.desc","https://www.carmudi.co.id/mobil-bekas-dijual/indonesia?page_size=25&page_number=11&sort=mileage.desc"
541,"https://www.carmudi.co.id/mobil-bekas-dijual/indonesia_jabodetabek?page_size=25&page_number=11",11,"indonesia_jabodetabek?page_size=25&page_number=11","https://www.carmudi.co.id/mobil-bekas-dijual/indonesia_jabodetabek?page_size=25&page_number=11"
542,"https://www.carmudi.co.id/mobil-bekas-dijual/indonesia_dki-jakarta?page_size=25&page_number=11",11,"indonesia_dki-jakarta?page_size=25&page_number=11","https://www.carmudi.co.id/mobil-bekas-dijual/indonesia_dki-jakarta?page_size=25&page_number=11"
543,"https://www.carmudi.co.id/mobil-bekas-dijual/indonesia_banten?page_size=25&page_number=11",11,"indonesia_banten?page_size=25&page_number=11","https://www.carmudi.co.id/mobil-bekas-dijual/indonesia_banten?page_size=25&page_number=11"
544,"https://www.carmudi.co.id/mobil-bekas-dijual/indonesia_jawa-barat?page_size=25&page_number=11",11,"indonesia_jawa-barat?page_size=25&page_number=11","https://www.carmudi.co.id/mobil-bekas-dijual/indonesia_jawa-barat?page_size=25&page_number=11"
545,"https://www.carmudi.co.id/mobil-bekas-dijual/indonesia_jawa-timur?page_size=25&page_number=11",11,"indonesia_jawa-timur?page_size=25&page_number=11","https://www.carmudi.co.id/mobil-bekas-dijual/indonesia_jawa-timur?page_size=25&page_number=11"
546,"https://www.carmudi.co.id/mobil-bekas-dijual/indonesia_jawa-tengah?page_size=25&page_number=11",11,"indonesia_jawa-tengah?page_size=25&page_number=11","https://www.carmudi.co.id/mobil-bekas-dijual/indonesia_jawa-tengah?page_size=25&page_number=11"
547,"https://www.carmudi.co.id/mobil-bekas-dijual/indonesia_yogyakarta?page_size=25&page_number=11",11,"indonesia_yogyakarta?page_size=25&page_number=11","https://www.carmudi.co.id/mobil-bekas-dijual/indonesia_yogyakarta?page_size=25&page_number=11"
548,"https://www.carmudi.co.id/mobil-bekas-dijual/indonesia_sumatera-utara?page_size=25&page_number=11",11,"indonesia_sumatera-utara?page_size=25&page_number=11","https://www.carmudi.co.id/mobil-bekas-dijual/indonesia_sumatera-utara?page_size=25&page_number=11"
549,"https://www.carmudi.co.id/mobil-bekas-dijual/indonesia_bali?page_size=25&page_number=11",11,"indonesia_bali?page_size=25&page_number=11","https://www.carmudi.co.id/mobil-bekas-dijual/indonesia_bali?page_size=25&page_number=11"
550,"https://www.carmudi.co.id/mobil-bekas-dijual/indonesia_lampung?page_size=25&page_number=11",11,"indonesia_lampung?page_size=25&page_number=11","https://www.carmudi.co.id/mobil-bekas-dijual/indonesia_lampung?page_size=25&page_number=11"
551,"https://www.carmudi.co.id/mobil-bekas-dijual/indonesia_gorontalo?page_size=25&page_number=11",11,"indonesia_gorontalo?page_size=25&page_number=11","https://www.carmudi.co.id/mobil-bekas-dijual/indonesia_gorontalo?page_size=25&page_number=11"
552,"https://www.carmudi.co.id/mobil-bekas-dijual/indonesia_riau?page_size=25&page_number=11",11,"indonesia_riau?page_size=25&page_number=11","https://www.carmudi.co.id/mobil-bekas-dijual/indonesia_riau?page_size=25&page_number=11"
553,"https://www.carmudi.co.id/mobil-bekas-dijual/indonesia_sumatera-selatan?page_size=25&page_number=11",11,"indonesia_sumatera-selatan?page_size=25&page_number=11","https://www.carmudi.co.id/mobil-bekas-dijual/indonesia_sumatera-selatan?page_size=25&page_number=11"
554,"https://www.carmudi.co.id/mobil-bekas-dijual/indonesia_sumatera-barat?page_size=25&page_number=11",11,"indonesia_sumatera-barat?page_size=25&page_number=11","https://www.carmudi.co.id/mobil-bekas-dijual/indonesia_sumatera-barat?page_size=25&page_number=11"
555,"https://www.carmudi.co.id/mobil-bekas-dijual/indonesia_jambi?page_size=25&page_number=11",11,"indonesia_jambi?page_size=25&page_number=11","https://www.carmudi.co.id/mobil-bekas-dijual/indonesia_jambi?page_size=25&page_number=11"
556,"https://www.carmudi.co.id/mobil-bekas-dijual/indonesia_sulawesi-selatan?page_size=25&page_number=11",11,"indonesia_sulawesi-selatan?page_size=25&page_number=11","https://www.carmudi.co.id/mobil-bekas-dijual/indonesia_sulawesi-selatan?page_size=25&page_number=11"
557,"https://www.carmudi.co.id/mobil-bekas-dijual/indonesia_nangroe-aceh-darussalam?page_size=25&page_number=11",11,"indonesia_nangroe-aceh-darussalam?page_size=25&page_number=11","https://www.carmudi.co.id/mobil-bekas-dijual/indonesia_nangroe-aceh-darussalam?page_size=25&page_number=11"
558,"https://www.carmudi.co.id/mobil-bekas-dijual/indonesia_sulawesi-utara?page_size=25&page_number=11",11,"indonesia_sulawesi-utara?page_size=25&page_number=11","https://www.carmudi.co.id/mobil-bekas-dijual/indonesia_sulawesi-utara?page_size=25&page_number=11"
559,"https://www.carmudi.co.id/mobil-bekas-dijual/indonesia_kalimantan-timur?page_size=25&page_number=11",11,"indonesia_kalimantan-timur?page_size=25&page_number=11","https://www.carmudi.co.id/mobil-bekas-dijual/indonesia_kalimantan-timur?page_size=25&page_number=11"
560,"https://www.carmudi.co.id/mobil-bekas-dijual/indonesia_nusa-tenggara-barat?page_size=25&page_number=11",11,"indonesia_nusa-tenggara-barat?page_size=25&page_number=11","https://www.carmudi.co.id/mobil-bekas-dijual/indonesia_nusa-tenggara-barat?page_size=25&page_number=11"
561,"https://www.carmudi.co.id/mobil-bekas-dijual/indonesia_sulawesi-tengah?page_size=25&page_number=11",11,"indonesia_sulawesi-tengah?page_size=25&page_number=11","https://www.carmudi.co.id/mobil-bekas-dijual/indonesia_sulawesi-tengah?page_size=25&page_number=11"
562,"https://www.carmudi.co.id/mobil-bekas-dijual/indonesia_kalimantan-barat?page_size=25&page_number=11",11,"indonesia_kalimantan-barat?page_size=25&page_number=11","https://www.carmudi.co.id/mobil-bekas-dijual/indonesia_kalimantan-barat?page_size=25&page_number=11"
563,"https://www.carmudi.co.id/mobil-bekas-dijual/indonesia_maluku?page_size=25&page_number=11",11,"indonesia_maluku?page_size=25&page_number=11","https://www.carmudi.co.id/mobil-bekas-dijual/indonesia_maluku?page_size=25&page_number=11"
564,"https://www.carmudi.co.id/mobil-bekas-dijual/indonesia_maluku-utara?page_size=25&page_number=11",11,"indonesia_maluku-utara?page_size=25&page_number=11","https://www.carmudi.co.id/mobil-bekas-dijual/indonesia_maluku-utara?page_size=25&page_number=11"
565,"https://www.carmudi.co.id/mobil-bekas-dijual/indonesia_sulawesi-barat?page_size=25&page_number=11",11,"indonesia_sulawesi-barat?page_size=25&page_number=11","https://www.carmudi.co.id/mobil-bekas-dijual/indonesia_sulawesi-barat?page_size=25&page_number=11"
566,"https://www.carmudi.co.id/mobil-bekas-dijual/indonesia_sulawesi-tenggara?page_size=25&page_number=11",11,"indonesia_sulawesi-tenggara?page_size=25&page_number=11","https://www.carmudi.co.id/mobil-bekas-dijual/indonesia_sulawesi-tenggara?page_size=25&page_number=11"
567,"https://www.carmudi.co.id/mobil-bekas-dijual/indonesia?page_number=12&page_size=25",12,"indonesia?page_number=12&page_size=25","https://www.carmudi.co.id/mobil-bekas-dijual/indonesia?page_number=12&page_size=25"
568,"https://www.carmudi.co.id/mobil-bekas-dijual/indonesia?page_size=25&page_number=12",12,"indonesia?page_size=25&page_number=12","https://www.carmudi.co.id/mobil-bekas-dijual/indonesia?page_size=25&page_number=12"
569,"https://www.carmudi.co.id/mobil-bekas-dijual/indonesia?transmission=automatic&page_size=25&page_number=12",12,"indonesia?transmission=automatic&page_size=25&page_number=12","https://www.carmudi.co.id/mobil-bekas-dijual/indonesia?transmission=automatic&page_size=25&page_number=12"
570,"https://www.carmudi.co.id/mobil-bekas-dijual/indonesia?transmission=manual&page_size=25&page_number=12",12,"indonesia?transmission=manual&page_size=25&page_number=12","https://www.carmudi.co.id/mobil-bekas-dijual/indonesia?transmission=manual&page_size=25&page_number=12"
571,"https://www.carmudi.co.id/mobil-bekas-dijual/indonesia?page_size=25&page_number=12&sort=best.match",12,"indonesia?page_size=25&page_number=12&sort=best.match","https://www.carmudi.co.id/mobil-bekas-dijual/indonesia?page_size=25&page_number=12&sort=best.match"
572,"https://www.carmudi.co.id/mobil-bekas-dijual/indonesia?page_size=25&page_number=12&sort=modification_date_search.desc",12,"indonesia?page_size=25&page_number=12&sort=modification_date_search.desc","https://www.carmudi.co.id/mobil-bekas-dijual/indonesia?page_size=25&page_number=12&sort=modification_date_search.desc"
573,"https://www.carmudi.co.id/mobil-bekas-dijual/indonesia?page_size=25&page_number=12&sort=price.asc",12,"indonesia?page_size=25&page_number=12&sort=price.asc","https://www.carmudi.co.id/mobil-bekas-dijual/indonesia?page_size=25&page_number=12&sort=price.asc"
574,"https://www.carmudi.co.id/mobil-bekas-dijual/indonesia?page_size=25&page_number=12&sort=price.desc",12,"indonesia?page_size=25&page_number=12&sort=price.desc","https://www.carmudi.co.id/mobil-bekas-dijual/indonesia?page_size=25&page_number=12&sort=price.desc"
575,"https://www.carmudi.co.id/mobil-bekas-dijual/indonesia?page_size=25&page_number=12&sort=year.desc",12,"indonesia?page_size=25&page_number=12&sort=year.desc","https://www.carmudi.co.id/mobil-bekas-dijual/indonesia?page_size=25&page_number=12&sort=year.desc"
576,"https://www.carmudi.co.id/mobil-bekas-dijual/indonesia?page_size=25&page_number=12&sort=year.asc",12,"indonesia?page_size=25&page_number=12&sort=year.asc","https://www.carmudi.co.id/mobil-bekas-dijual/indonesia?page_size=25&page_number=12&sort=year.asc"
577,"https://www.carmudi.co.id/mobil-bekas-dijual/indonesia?page_size=25&page_number=12&sort=mileage.asc",12,"indonesia?page_size=25&page_number=12&sort=mileage.asc","https://www.carmudi.co.id/mobil-bekas-dijual/indonesia?page_size=25&page_number=12&sort=mileage.asc"
578,"https://www.carmudi.co.id/mobil-bekas-dijual/indonesia?page_size=25&page_number=12&sort=mileage.desc",12,"indonesia?page_size=25&page_number=12&sort=mileage.desc","https://www.carmudi.co.id/mobil-bekas-dijual/indonesia?page_size=25&page_number=12&sort=mileage.desc"
579,"https://www.carmudi.co.id/mobil-bekas-dijual/indonesia_jabodetabek?page_size=25&page_number=12",12,"indonesia_jabodetabek?page_size=25&page_number=12","https://www.carmudi.co.id/mobil-bekas-dijual/indonesia_jabodetabek?page_size=25&page_number=12"
580,"https://www.carmudi.co.id/mobil-bekas-dijual/indonesia_dki-jakarta?page_size=25&page_number=12",12,"indonesia_dki-jakarta?page_size=25&page_number=12","https://www.carmudi.co.id/mobil-bekas-dijual/indonesia_dki-jakarta?page_size=25&page_number=12"
581,"https://www.carmudi.co.id/mobil-bekas-dijual/indonesia_banten?page_size=25&page_number=12",12,"indonesia_banten?page_size=25&page_number=12","https://www.carmudi.co.id/mobil-bekas-dijual/indonesia_banten?page_size=25&page_number=12"
582,"https://www.carmudi.co.id/mobil-bekas-dijual/indonesia_jawa-barat?page_size=25&page_number=12",12,"indonesia_jawa-barat?page_size=25&page_number=12","https://www.carmudi.co.id/mobil-bekas-dijual/indonesia_jawa-barat?page_size=25&page_number=12"
583,"https://www.carmudi.co.id/mobil-bekas-dijual/indonesia_jawa-timur?page_size=25&page_number=12",12,"indonesia_jawa-timur?page_size=25&page_number=12","https://www.carmudi.co.id/mobil-bekas-dijual/indonesia_jawa-timur?page_size=25&page_number=12"
584,"https://www.carmudi.co.id/mobil-bekas-dijual/indonesia_jawa-tengah?page_size=25&page_number=12",12,"indonesia_jawa-tengah?page_size=25&page_number=12","https://www.carmudi.co.id/mobil-bekas-dijual/indonesia_jawa-tengah?page_size=25&page_number=12"
585,"https://www.carmudi.co.id/mobil-bekas-dijual/indonesia_yogyakarta?page_size=25&page_number=12",12,"indonesia_yogyakarta?page_size=25&page_number=12","https://www.carmudi.co.id/mobil-bekas-dijual/indonesia_yogyakarta?page_size=25&page_number=12"
586,"https://www.carmudi.co.id/mobil-bekas-dijual/indonesia_sumatera-utara?page_size=25&page_number=12",12,"indonesia_sumatera-utara?page_size=25&page_number=12","https://www.carmudi.co.id/mobil-bekas-dijual/indonesia_sumatera-utara?page_size=25&page_number=12"
587,"https://www.carmudi.co.id/mobil-bekas-dijual/indonesia_bali?page_size=25&page_number=12",12,"indonesia_bali?page_size=25&page_number=12","https://www.carmudi.co.id/mobil-bekas-dijual/indonesia_bali?page_size=25&page_number=12"
588,"https://www.carmudi.co.id/mobil-bekas-dijual/indonesia_lampung?page_size=25&page_number=12",12,"indonesia_lampung?page_size=25&page_number=12","https://www.carmudi.co.id/mobil-bekas-dijual/indonesia_lampung?page_size=25&page_number=12"
589,"https://www.carmudi.co.id/mobil-bekas-dijual/indonesia_gorontalo?page_size=25&page_number=12",12,"indonesia_gorontalo?page_size=25&page_number=12","https://www.carmudi.co.id/mobil-bekas-dijual/indonesia_gorontalo?page_size=25&page_number=12"
590,"https://www.carmudi.co.id/mobil-bekas-dijual/indonesia_riau?page_size=25&page_number=12",12,"indonesia_riau?page_size=25&page_number=12","https://www.carmudi.co.id/mobil-bekas-dijual/indonesia_riau?page_size=25&page_number=12"
591,"https://www.carmudi.co.id/mobil-bekas-dijual/indonesia_sumatera-selatan?page_size=25&page_number=12",12,"indonesia_sumatera-selatan?page_size=25&page_number=12","https://www.carmudi.co.id/mobil-bekas-dijual/indonesia_sumatera-selatan?page_size=25&page_number=12"
592,"https://www.carmudi.co.id/mobil-bekas-dijual/indonesia_sumatera-barat?page_size=25&page_number=12",12,"indonesia_sumatera-barat?page_size=25&page_number=12","https://www.carmudi.co.id/mobil-bekas-dijual/indonesia_sumatera-barat?page_size=25&page_number=12"
593,"https://www.carmudi.co.id/mobil-bekas-dijual/indonesia_jambi?page_size=25&page_number=12",12,"indonesia_jambi?page_size=25&page_number=12","https://www.carmudi.co.id/mobil-bekas-dijual/indonesia_jambi?page_size=25&page_number=12"
594,"https://www.carmudi.co.id/mobil-bekas-dijual/indonesia_sulawesi-selatan?page_size=25&page_number=12",12,"indonesia_sulawesi-selatan?page_size=25&page_number=12","https://www.carmudi.co.id/mobil-bekas-dijual/indonesia_sulawesi-selatan?page_size=25&page_number=12"
595,"https://www.carmudi.co.id/mobil-bekas-dijual/indonesia_nangroe-aceh-darussalam?page_size=25&page_number=12",12,"indonesia_nangroe-aceh-darussalam?page_size=25&page_number=12","https://www.carmudi.co.id/mobil-bekas-dijual/indonesia_nangroe-aceh-darussalam?page_size=25&page_number=12"
596,"https://www.carmudi.co.id/mobil-bekas-dijual/indonesia_sulawesi-utara?page_size=25&page_number=12",12,"indonesia_sulawesi-utara?page_size=25&page_number=12","https://www.carmudi.co.id/mobil-bekas-dijual/indonesia_sulawesi-utara?page_size=25&page_number=12"
597,"https://www.carmudi.co.id/mobil-bekas-dijual/indonesia_kalimantan-timur?page_size=25&page_number=12",12,"indonesia_kalimantan-timur?page_size=25&page_number=12","https://www.carmudi.co.id/mobil-bekas-dijual/indonesia_kalimantan-timur?page_size=25&page_number=12"
598,"https://www.carmudi.co.id/mobil-bekas-dijual/indonesia_nusa-tenggara-barat?page_size=25&page_number=12",12,"indonesia_nusa-tenggara-barat?page_size=25&page_number=12","https://www.carmudi.co.id/mobil-bekas-dijual/indonesia_nusa-tenggara-barat?page_size=25&page_number=12"
599,"https://www.carmudi.co.id/mobil-bekas-dijual/indonesia_sulawesi-tengah?page_size=25&page_number=12",12,"indonesia_sulawesi-tengah?page_size=25&page_number=12","https://www.carmudi.co.id/mobil-bekas-dijual/indonesia_sulawesi-tengah?page_size=25&page_number=12"
600,"https://www.carmudi.co.id/mobil-bekas-dijual/indonesia_kalimantan-barat?page_size=25&page_number=12",12,"indonesia_kalimantan-barat?page_size=25&page_number=12","https://www.carmudi.co.id/mobil-bekas-dijual/indonesia_kalimantan-barat?page_size=25&page_number=12"
601,"https://www.carmudi.co.id/mobil-bekas-dijual/indonesia_maluku?page_size=25&page_number=12",12,"indonesia_maluku?page_size=25&page_number=12","https://www.carmudi.co.id/mobil-bekas-dijual/indonesia_maluku?page_size=25&page_number=12"
602,"https://www.carmudi.co.id/mobil-bekas-dijual/indonesia_maluku-utara?page_size=25&page_number=12",12,"indonesia_maluku-utara?page_size=25&page_number=12","https://www.carmudi.co.id/mobil-bekas-dijual/indonesia_maluku-utara?page_size=25&page_number=12"
603,"https://www.carmudi.co.id/mobil-bekas-dijual/indonesia_sulawesi-barat?page_size=25&page_number=12",12,"indonesia_sulawesi-barat?page_size=25&page_number=12","https://www.carmudi.co.id/mobil-bekas-dijual/indonesia_sulawesi-barat?page_size=25&page_number=12"
604,"https://www.carmudi.co.id/mobil-bekas-dijual/indonesia_sulawesi-tenggara?page_size=25&page_number=12",12,"indonesia_sulawesi-tenggara?page_size=25&page_number=12","https://www.carmudi.co.id/mobil-bekas-dijual/indonesia_sulawesi-tenggara?page_size=25&page_number=12"
605,"https://www.carmudi.co.id/mobil-bekas-dijual/indonesia?page_number=13&page_size=25",13,"indonesia?page_number=13&page_size=25","https://www.carmudi.co.id/mobil-bekas-dijual/indonesia?page_number=13&page_size=25"
606,"https://www.carmudi.co.id/mobil-bekas-dijual/indonesia?page_size=25&page_number=13",13,"indonesia?page_size=25&page_number=13","https://www.carmudi.co.id/mobil-bekas-dijual/indonesia?page_size=25&page_number=13"
607,"https://www.carmudi.co.id/mobil-bekas-dijual/indonesia?transmission=automatic&page_size=25&page_number=13",13,"indonesia?transmission=automatic&page_size=25&page_number=13","https://www.carmudi.co.id/mobil-bekas-dijual/indonesia?transmission=automatic&page_size=25&page_number=13"
608,"https://www.carmudi.co.id/mobil-bekas-dijual/indonesia?transmission=manual&page_size=25&page_number=13",13,"indonesia?transmission=manual&page_size=25&page_number=13","https://www.carmudi.co.id/mobil-bekas-dijual/indonesia?transmission=manual&page_size=25&page_number=13"
609,"https://www.carmudi.co.id/mobil-bekas-dijual/indonesia?page_size=25&page_number=13&sort=best.match",13,"indonesia?page_size=25&page_number=13&sort=best.match","https://www.carmudi.co.id/mobil-bekas-dijual/indonesia?page_size=25&page_number=13&sort=best.match"
610,"https://www.carmudi.co.id/mobil-bekas-dijual/indonesia?page_size=25&page_number=13&sort=modification_date_search.desc",13,"indonesia?page_size=25&page_number=13&sort=modification_date_search.desc","https://www.carmudi.co.id/mobil-bekas-dijual/indonesia?page_size=25&page_number=13&sort=modification_date_search.desc"
611,"https://www.carmudi.co.id/mobil-bekas-dijual/indonesia?page_size=25&page_number=13&sort=price.asc",13,"indonesia?page_size=25&page_number=13&sort=price.asc","https://www.carmudi.co.id/mobil-bekas-dijual/indonesia?page_size=25&page_number=13&sort=price.asc"
612,"https://www.carmudi.co.id/mobil-bekas-dijual/indonesia?page_size=25&page_number=13&sort=price.desc",13,"indonesia?page_size=25&page_number=13&sort=price.desc","https://www.carmudi.co.id/mobil-bekas-dijual/indonesia?page_size=25&page_number=13&sort=price.desc"
613,"https://www.carmudi.co.id/mobil-bekas-dijual/indonesia?page_size=25&page_number=13&sort=year.desc",13,"indonesia?page_size=25&page_number=13&sort=year.desc","https://www.carmudi.co.id/mobil-bekas-dijual/indonesia?page_size=25&page_number=13&sort=year.desc"
614,"https://www.carmudi.co.id/mobil-bekas-dijual/indonesia?page_size=25&page_number=13&sort=year.asc",13,"indonesia?page_size=25&page_number=13&sort=year.asc","https://www.carmudi.co.id/mobil-bekas-dijual/indonesia?page_size=25&page_number=13&sort=year.asc"
615,"https://www.carmudi.co.id/mobil-bekas-dijual/indonesia?page_size=25&page_number=13&sort=mileage.asc",13,"indonesia?page_size=25&page_number=13&sort=mileage.asc","https://www.carmudi.co.id/mobil-bekas-dijual/indonesia?page_size=25&page_number=13&sort=mileage.asc"
616,"https://www.carmudi.co.id/mobil-bekas-dijual/indonesia?page_size=25&page_number=13&sort=mileage.desc",13,"indonesia?page_size=25&page_number=13&sort=mileage.desc","https://www.carmudi.co.id/mobil-bekas-dijual/indonesia?page_size=25&page_number=13&sort=mileage.desc"
617,"https://www.carmudi.co.id/mobil-bekas-dijual/indonesia_jabodetabek?page_size=25&page_number=13",13,"indonesia_jabodetabek?page_size=25&page_number=13","https://www.carmudi.co.id/mobil-bekas-dijual/indonesia_jabodetabek?page_size=25&page_number=13"
618,"https://www.carmudi.co.id/mobil-bekas-dijual/indonesia_dki-jakarta?page_size=25&page_number=13",13,"indonesia_dki-jakarta?page_size=25&page_number=13","https://www.carmudi.co.id/mobil-bekas-dijual/indonesia_dki-jakarta?page_size=25&page_number=13"
619,"https://www.carmudi.co.id/mobil-bekas-dijual/indonesia_banten?page_size=25&page_number=13",13,"indonesia_banten?page_size=25&page_number=13","https://www.carmudi.co.id/mobil-bekas-dijual/indonesia_banten?page_size=25&page_number=13"
620,"https://www.carmudi.co.id/mobil-bekas-dijual/indonesia_jawa-barat?page_size=25&page_number=13",13,"indonesia_jawa-barat?page_size=25&page_number=13","https://www.carmudi.co.id/mobil-bekas-dijual/indonesia_jawa-barat?page_size=25&page_number=13"
621,"https://www.carmudi.co.id/mobil-bekas-dijual/indonesia_jawa-timur?page_size=25&page_number=13",13,"indonesia_jawa-timur?page_size=25&page_number=13","https://www.carmudi.co.id/mobil-bekas-dijual/indonesia_jawa-timur?page_size=25&page_number=13"
622,"https://www.carmudi.co.id/mobil-bekas-dijual/indonesia_jawa-tengah?page_size=25&page_number=13",13,"indonesia_jawa-tengah?page_size=25&page_number=13","https://www.carmudi.co.id/mobil-bekas-dijual/indonesia_jawa-tengah?page_size=25&page_number=13"
623,"https://www.carmudi.co.id/mobil-bekas-dijual/indonesia_yogyakarta?page_size=25&page_number=13",13,"indonesia_yogyakarta?page_size=25&page_number=13","https://www.carmudi.co.id/mobil-bekas-dijual/indonesia_yogyakarta?page_size=25&page_number=13"
624,"https://www.carmudi.co.id/mobil-bekas-dijual/indonesia_sumatera-utara?page_size=25&page_number=13",13,"indonesia_sumatera-utara?page_size=25&page_number=13","https://www.carmudi.co.id/mobil-bekas-dijual/indonesia_sumatera-utara?page_size=25&page_number=13"
625,"https://www.carmudi.co.id/mobil-bekas-dijual/indonesia_bali?page_size=25&page_number=13",13,"indonesia_bali?page_size=25&page_number=13","https://www.carmudi.co.id/mobil-bekas-dijual/indonesia_bali?page_size=25&page_number=13"
626,"https://www.carmudi.co.id/mobil-bekas-dijual/indonesia_lampung?page_size=25&page_number=13",13,"indonesia_lampung?page_size=25&page_number=13","https://www.carmudi.co.id/mobil-bekas-dijual/indonesia_lampung?page_size=25&page_number=13"
627,"https://www.carmudi.co.id/mobil-bekas-dijual/indonesia_gorontalo?page_size=25&page_number=13",13,"indonesia_gorontalo?page_size=25&page_number=13","https://www.carmudi.co.id/mobil-bekas-dijual/indonesia_gorontalo?page_size=25&page_number=13"
628,"https://www.carmudi.co.id/mobil-bekas-dijual/indonesia_riau?page_size=25&page_number=13",13,"indonesia_riau?page_size=25&page_number=13","https://www.carmudi.co.id/mobil-bekas-dijual/indonesia_riau?page_size=25&page_number=13"
629,"https://www.carmudi.co.id/mobil-bekas-dijual/indonesia_sumatera-selatan?page_size=25&page_number=13",13,"indonesia_sumatera-selatan?page_size=25&page_number=13","https://www.carmudi.co.id/mobil-bekas-dijual/indonesia_sumatera-selatan?page_size=25&page_number=13"
630,"https://www.carmudi.co.id/mobil-bekas-dijual/indonesia_sumatera-barat?page_size=25&page_number=13",13,"indonesia_sumatera-barat?page_size=25&page_number=13","https://www.carmudi.co.id/mobil-bekas-dijual/indonesia_sumatera-barat?page_size=25&page_number=13"
631,"https://www.carmudi.co.id/mobil-bekas-dijual/indonesia_jambi?page_size=25&page_number=13",13,"indonesia_jambi?page_size=25&page_number=13","https://www.carmudi.co.id/mobil-bekas-dijual/indonesia_jambi?page_size=25&page_number=13"
632,"https://www.carmudi.co.id/mobil-bekas-dijual/indonesia_sulawesi-selatan?page_size=25&page_number=13",13,"indonesia_sulawesi-selatan?page_size=25&page_number=13","https://www.carmudi.co.id/mobil-bekas-dijual/indonesia_sulawesi-selatan?page_size=25&page_number=13"
633,"https://www.carmudi.co.id/mobil-bekas-dijual/indonesia_nangroe-aceh-darussalam?page_size=25&page_number=13",13,"indonesia_nangroe-aceh-darussalam?page_size=25&page_number=13","https://www.carmudi.co.id/mobil-bekas-dijual/indonesia_nangroe-aceh-darussalam?page_size=25&page_number=13"
634,"https://www.carmudi.co.id/mobil-bekas-dijual/indonesia_sulawesi-utara?page_size=25&page_number=13",13,"indonesia_sulawesi-utara?page_size=25&page_number=13","https://www.carmudi.co.id/mobil-bekas-dijual/indonesia_sulawesi-utara?page_size=25&page_number=13"
635,"https://www.carmudi.co.id/mobil-bekas-dijual/indonesia_kalimantan-timur?page_size=25&page_number=13",13,"indonesia_kalimantan-timur?page_size=25&page_number=13","https://www.carmudi.co.id/mobil-bekas-dijual/indonesia_kalimantan-timur?page_size=25&page_number=13"
636,"https://www.carmudi.co.id/mobil-bekas-dijual/indonesia_nusa-tenggara-barat?page_size=25&page_number=13",13,"indonesia_nusa-tenggara-barat?page_size=25&page_number=13","https://www.carmudi.co.id/mobil-bekas-dijual/indonesia_nusa-tenggara-barat?page_size=25&page_number=13"
637,"https://www.carmudi.co.id/mobil-bekas-dijual/indonesia_sulawesi-tengah?page_size=25&page_number=13",13,"indonesia_sulawesi-tengah?page_size=25&page_number=13","https://www.carmudi.co.id/mobil-bekas-dijual/indonesia_sulawesi-tengah?page_size=25&page_number=13"
638,"https://www.carmudi.co.id/mobil-bekas-dijual/indonesia_kalimantan-barat?page_size=25&page_number=13",13,"indonesia_kalimantan-barat?page_size=25&page_number=13","https://www.carmudi.co.id/mobil-bekas-dijual/indonesia_kalimantan-barat?page_size=25&page_number=13"
639,"https://www.carmudi.co.id/mobil-bekas-dijual/indonesia_maluku?page_size=25&page_number=13",13,"indonesia_maluku?page_size=25&page_number=13","https://www.carmudi.co.id/mobil-bekas-dijual/indonesia_maluku?page_size=25&page_number=13"
640,"https://www.carmudi.co.id/mobil-bekas-dijual/indonesia_maluku-utara?page_size=25&page_number=13",13,"indonesia_maluku-utara?page_size=25&page_number=13","https://www.carmudi.co.id/mobil-bekas-dijual/indonesia_maluku-utara?page_size=25&page_number=13"
641,"https://www.carmudi.co.id/mobil-bekas-dijual/indonesia_sulawesi-barat?page_size=25&page_number=13",13,"indonesia_sulawesi-barat?page_size=25&page_number=13","https://www.carmudi.co.id/mobil-bekas-dijual/indonesia_sulawesi-barat?page_size=25&page_number=13"
642,"https://www.carmudi.co.id/mobil-bekas-dijual/indonesia_sulawesi-tenggara?page_size=25&page_number=13",13,"indonesia_sulawesi-tenggara?page_size=25&page_number=13","https://www.carmudi.co.id/mobil-bekas-dijual/indonesia_sulawesi-tenggara?page_size=25&page_number=13"
643,"https://www.carmudi.co.id/mobil-bekas-dijual/indonesia?page_number=14&page_size=25",14,"indonesia?page_number=14&page_size=25","https://www.carmudi.co.id/mobil-bekas-dijual/indonesia?page_number=14&page_size=25"
644,"https://www.carmudi.co.id/mobil-bekas-dijual/indonesia?page_size=25&page_number=14",14,"indonesia?page_size=25&page_number=14","https://www.carmudi.co.id/mobil-bekas-dijual/indonesia?page_size=25&page_number=14"
645,"https://www.carmudi.co.id/mobil-bekas-dijual/indonesia?transmission=automatic&page_size=25&page_number=14",14,"indonesia?transmission=automatic&page_size=25&page_number=14","https://www.carmudi.co.id/mobil-bekas-dijual/indonesia?transmission=automatic&page_size=25&page_number=14"
646,"https://www.carmudi.co.id/mobil-bekas-dijual/indonesia?transmission=manual&page_size=25&page_number=14",14,"indonesia?transmission=manual&page_size=25&page_number=14","https://www.carmudi.co.id/mobil-bekas-dijual/indonesia?transmission=manual&page_size=25&page_number=14"
647,"https://www.carmudi.co.id/mobil-bekas-dijual/indonesia?page_size=25&page_number=14&sort=best.match",14,"indonesia?page_size=25&page_number=14&sort=best.match","https://www.carmudi.co.id/mobil-bekas-dijual/indonesia?page_size=25&page_number=14&sort=best.match"
648,"https://www.carmudi.co.id/mobil-bekas-dijual/indonesia?page_size=25&page_number=14&sort=modification_date_search.desc",14,"indonesia?page_size=25&page_number=14&sort=modification_date_search.desc","https://www.carmudi.co.id/mobil-bekas-dijual/indonesia?page_size=25&page_number=14&sort=modification_date_search.desc"
649,"https://www.carmudi.co.id/mobil-bekas-dijual/indonesia?page_size=25&page_number=14&sort=price.asc",14,"indonesia?page_size=25&page_number=14&sort=price.asc","https://www.carmudi.co.id/mobil-bekas-dijual/indonesia?page_size=25&page_number=14&sort=price.asc"
650,"https://www.carmudi.co.id/mobil-bekas-dijual/indonesia?page_size=25&page_number=14&sort=price.desc",14,"indonesia?page_size=25&page_number=14&sort=price.desc","https://www.carmudi.co.id/mobil-bekas-dijual/indonesia?page_size=25&page_number=14&sort=price.desc"
651,"https://www.carmudi.co.id/mobil-bekas-dijual/indonesia?page_size=25&page_number=14&sort=year.desc",14,"indonesia?page_size=25&page_number=14&sort=year.desc","https://www.carmudi.co.id/mobil-bekas-dijual/indonesia?page_size=25&page_number=14&sort=year.desc"
652,"https://www.carmudi.co.id/mobil-bekas-dijual/indonesia?page_size=25&page_number=14&sort=year.asc",14,"indonesia?page_size=25&page_number=14&sort=year.asc","https://www.carmudi.co.id/mobil-bekas-dijual/indonesia?page_size=25&page_number=14&sort=year.asc"
653,"https://www.carmudi.co.id/mobil-bekas-dijual/indonesia?page_size=25&page_number=14&sort=mileage.asc",14,"indonesia?page_size=25&page_number=14&sort=mileage.asc","https://www.carmudi.co.id/mobil-bekas-dijual/indonesia?page_size=25&page_number=14&sort=mileage.asc"
654,"https://www.carmudi.co.id/mobil-bekas-dijual/indonesia?page_size=25&page_number=14&sort=mileage.desc",14,"indonesia?page_size=25&page_number=14&sort=mileage.desc","https://www.carmudi.co.id/mobil-bekas-dijual/indonesia?page_size=25&page_number=14&sort=mileage.desc"
655,"https://www.carmudi.co.id/mobil-bekas-dijual/indonesia_jabodetabek?page_size=25&page_number=14",14,"indonesia_jabodetabek?page_size=25&page_number=14","https://www.carmudi.co.id/mobil-bekas-dijual/indonesia_jabodetabek?page_size=25&page_number=14"
656,"https://www.carmudi.co.id/mobil-bekas-dijual/indonesia_dki-jakarta?page_size=25&page_number=14",14,"indonesia_dki-jakarta?page_size=25&page_number=14","https://www.carmudi.co.id/mobil-bekas-dijual/indonesia_dki-jakarta?page_size=25&page_number=14"
657,"https://www.carmudi.co.id/mobil-bekas-dijual/indonesia_banten?page_size=25&page_number=14",14,"indonesia_banten?page_size=25&page_number=14","https://www.carmudi.co.id/mobil-bekas-dijual/indonesia_banten?page_size=25&page_number=14"
658,"https://www.carmudi.co.id/mobil-bekas-dijual/indonesia_jawa-barat?page_size=25&page_number=14",14,"indonesia_jawa-barat?page_size=25&page_number=14","https://www.carmudi.co.id/mobil-bekas-dijual/indonesia_jawa-barat?page_size=25&page_number=14"
659,"https://www.carmudi.co.id/mobil-bekas-dijual/indonesia_jawa-timur?page_size=25&page_number=14",14,"indonesia_jawa-timur?page_size=25&page_number=14","https://www.carmudi.co.id/mobil-bekas-dijual/indonesia_jawa-timur?page_size=25&page_number=14"
660,"https://www.carmudi.co.id/mobil-bekas-dijual/indonesia_jawa-tengah?page_size=25&page_number=14",14,"indonesia_jawa-tengah?page_size=25&page_number=14","https://www.carmudi.co.id/mobil-bekas-dijual/indonesia_jawa-tengah?page_size=25&page_number=14"
661,"https://www.carmudi.co.id/mobil-bekas-dijual/indonesia_yogyakarta?page_size=25&page_number=14",14,"indonesia_yogyakarta?page_size=25&page_number=14","https://www.carmudi.co.id/mobil-bekas-dijual/indonesia_yogyakarta?page_size=25&page_number=14"
662,"https://www.carmudi.co.id/mobil-bekas-dijual/indonesia_sumatera-utara?page_size=25&page_number=14",14,"indonesia_sumatera-utara?page_size=25&page_number=14","https://www.carmudi.co.id/mobil-bekas-dijual/indonesia_sumatera-utara?page_size=25&page_number=14"
663,"https://www.carmudi.co.id/mobil-bekas-dijual/indonesia_bali?page_size=25&page_number=14",14,"indonesia_bali?page_size=25&page_number=14","https://www.carmudi.co.id/mobil-bekas-dijual/indonesia_bali?page_size=25&page_number=14"
664,"https://www.carmudi.co.id/mobil-bekas-dijual/indonesia_lampung?page_size=25&page_number=14",14,"indonesia_lampung?page_size=25&page_number=14","https://www.carmudi.co.id/mobil-bekas-dijual/indonesia_lampung?page_size=25&page_number=14"
665,"https://www.carmudi.co.id/mobil-bekas-dijual/indonesia_gorontalo?page_size=25&page_number=14",14,"indonesia_gorontalo?page_size=25&page_number=14","https://www.carmudi.co.id/mobil-bekas-dijual/indonesia_gorontalo?page_size=25&page_number=14"
666,"https://www.carmudi.co.id/mobil-bekas-dijual/indonesia_riau?page_size=25&page_number=14",14,"indonesia_riau?page_size=25&page_number=14","https://www.carmudi.co.id/mobil-bekas-dijual/indonesia_riau?page_size=25&page_number=14"
667,"https://www.carmudi.co.id/mobil-bekas-dijual/indonesia_sumatera-selatan?page_size=25&page_number=14",14,"indonesia_sumatera-selatan?page_size=25&page_number=14","https://www.carmudi.co.id/mobil-bekas-dijual/indonesia_sumatera-selatan?page_size=25&page_number=14"
668,"https://www.carmudi.co.id/mobil-bekas-dijual/indonesia_sumatera-barat?page_size=25&page_number=14",14,"indonesia_sumatera-barat?page_size=25&page_number=14","https://www.carmudi.co.id/mobil-bekas-dijual/indonesia_sumatera-barat?page_size=25&page_number=14"
669,"https://www.carmudi.co.id/mobil-bekas-dijual/indonesia_jambi?page_size=25&page_number=14",14,"indonesia_jambi?page_size=25&page_number=14","https://www.carmudi.co.id/mobil-bekas-dijual/indonesia_jambi?page_size=25&page_number=14"
670,"https://www.carmudi.co.id/mobil-bekas-dijual/indonesia_sulawesi-selatan?page_size=25&page_number=14",14,"indonesia_sulawesi-selatan?page_size=25&page_number=14","https://www.carmudi.co.id/mobil-bekas-dijual/indonesia_sulawesi-selatan?page_size=25&page_number=14"
671,"https://www.carmudi.co.id/mobil-bekas-dijual/indonesia_nangroe-aceh-darussalam?page_size=25&page_number=14",14,"indonesia_nangroe-aceh-darussalam?page_size=25&page_number=14","https://www.carmudi.co.id/mobil-bekas-dijual/indonesia_nangroe-aceh-darussalam?page_size=25&page_number=14"
672,"https://www.carmudi.co.id/mobil-bekas-dijual/indonesia_sulawesi-utara?page_size=25&page_number=14",14,"indonesia_sulawesi-utara?page_size=25&page_number=14","https://www.carmudi.co.id/mobil-bekas-dijual/indonesia_sulawesi-utara?page_size=25&page_number=14"
673,"https://www.carmudi.co.id/mobil-bekas-dijual/indonesia_kalimantan-timur?page_size=25&page_number=14",14,"indonesia_kalimantan-timur?page_size=25&page_number=14","https://www.carmudi.co.id/mobil-bekas-dijual/indonesia_kalimantan-timur?page_size=25&page_number=14"
674,"https://www.carmudi.co.id/mobil-bekas-dijual/indonesia_nusa-tenggara-barat?page_size=25&page_number=14",14,"indonesia_nusa-tenggara-barat?page_size=25&page_number=14","https://www.carmudi.co.id/mobil-bekas-dijual/indonesia_nusa-tenggara-barat?page_size=25&page_number=14"
675,"https://www.carmudi.co.id/mobil-bekas-dijual/indonesia_sulawesi-tengah?page_size=25&page_number=14",14,"indonesia_sulawesi-tengah?page_size=25&page_number=14","https://www.carmudi.co.id/mobil-bekas-dijual/indonesia_sulawesi-tengah?page_size=25&page_number=14"
676,"https://www.carmudi.co.id/mobil-bekas-dijual/indonesia_kalimantan-barat?page_size=25&page_number=14",14,"indonesia_kalimantan-barat?page_size=25&page_number=14","https://www.carmudi.co.id/mobil-bekas-dijual/indonesia_kalimantan-barat?page_size=25&page_number=14"
677,"https://www.carmudi.co.id/mobil-bekas-dijual/indonesia_maluku?page_size=25&page_number=14",14,"indonesia_maluku?page_size=25&page_number=14","https://www.carmudi.co.id/mobil-bekas-dijual/indonesia_maluku?page_size=25&page_number=14"
678,"https://www.carmudi.co.id/mobil-bekas-dijual/indonesia_maluku-utara?page_size=25&page_number=14",14,"indonesia_maluku-utara?page_size=25&page_number=14","https://www.carmudi.co.id/mobil-bekas-dijual/indonesia_maluku-utara?page_size=25&page_number=14"
679,"https://www.carmudi.co.id/mobil-bekas-dijual/indonesia_sulawesi-barat?page_size=25&page_number=14",14,"indonesia_sulawesi-barat?page_size=25&page_number=14","https://www.carmudi.co.id/mobil-bekas-dijual/indonesia_sulawesi-barat?page_size=25&page_number=14"
680,"https://www.carmudi.co.id/mobil-bekas-dijual/indonesia_sulawesi-tenggara?page_size=25&page_number=14",14,"indonesia_sulawesi-tenggara?page_size=25&page_number=14","https://www.carmudi.co.id/mobil-bekas-dijual/indonesia_sulawesi-tenggara?page_size=25&page_number=14"
681,"https://www.carmudi.co.id/mobil-bekas-dijual/indonesia?page_number=15&page_size=25",15,"indonesia?page_number=15&page_size=25","https://www.carmudi.co.id/mobil-bekas-dijual/indonesia?page_number=15&page_size=25"
682,"https://www.carmudi.co.id/mobil-bekas-dijual/indonesia?page_size=25&page_number=15",15,"indonesia?page_size=25&page_number=15","https://www.carmudi.co.id/mobil-bekas-dijual/indonesia?page_size=25&page_number=15"
683,"https://www.carmudi.co.id/mobil-bekas-dijual/indonesia?transmission=automatic&page_size=25&page_number=15",15,"indonesia?transmission=automatic&page_size=25&page_number=15","https://www.carmudi.co.id/mobil-bekas-dijual/indonesia?transmission=automatic&page_size=25&page_number=15"
684,"https://www.carmudi.co.id/mobil-bekas-dijual/indonesia?transmission=manual&page_size=25&page_number=15",15,"indonesia?transmission=manual&page_size=25&page_number=15","https://www.carmudi.co.id/mobil-bekas-dijual/indonesia?transmission=manual&page_size=25&page_number=15"
685,"https://www.carmudi.co.id/mobil-bekas-dijual/indonesia?page_size=25&page_number=15&sort=best.match",15,"indonesia?page_size=25&page_number=15&sort=best.match","https://www.carmudi.co.id/mobil-bekas-dijual/indonesia?page_size=25&page_number=15&sort=best.match"
686,"https://www.carmudi.co.id/mobil-bekas-dijual/indonesia?page_size=25&page_number=15&sort=modification_date_search.desc",15,"indonesia?page_size=25&page_number=15&sort=modification_date_search.desc","https://www.carmudi.co.id/mobil-bekas-dijual/indonesia?page_size=25&page_number=15&sort=modification_date_search.desc"
687,"https://www.carmudi.co.id/mobil-bekas-dijual/indonesia?page_size=25&page_number=15&sort=price.asc",15,"indonesia?page_size=25&page_number=15&sort=price.asc","https://www.carmudi.co.id/mobil-bekas-dijual/indonesia?page_size=25&page_number=15&sort=price.asc"
688,"https://www.carmudi.co.id/mobil-bekas-dijual/indonesia?page_size=25&page_number=15&sort=price.desc",15,"indonesia?page_size=25&page_number=15&sort=price.desc","https://www.carmudi.co.id/mobil-bekas-dijual/indonesia?page_size=25&page_number=15&sort=price.desc"
689,"https://www.carmudi.co.id/mobil-bekas-dijual/indonesia?page_size=25&page_number=15&sort=year.desc",15,"indonesia?page_size=25&page_number=15&sort=year.desc","https://www.carmudi.co.id/mobil-bekas-dijual/indonesia?page_size=25&page_number=15&sort=year.desc"
690,"https://www.carmudi.co.id/mobil-bekas-dijual/indonesia?page_size=25&page_number=15&sort=year.asc",15,"indonesia?page_size=25&page_number=15&sort=year.asc","https://www.carmudi.co.id/mobil-bekas-dijual/indonesia?page_size=25&page_number=15&sort=year.asc"
691,"https://www.carmudi.co.id/mobil-bekas-dijual/indonesia?page_size=25&page_number=15&sort=mileage.asc",15,"indonesia?page_size=25&page_number=15&sort=mileage.asc","https://www.carmudi.co.id/mobil-bekas-dijual/indonesia?page_size=25&page_number=15&sort=mileage.asc"
692,"https://www.carmudi.co.id/mobil-bekas-dijual/indonesia?page_size=25&page_number=15&sort=mileage.desc",15,"indonesia?page_size=25&page_number=15&sort=mileage.desc","https://www.carmudi.co.id/mobil-bekas-dijual/indonesia?page_size=25&page_number=15&sort=mileage.desc"
693,"https://www.carmudi.co.id/mobil-bekas-dijual/indonesia_jabodetabek?page_size=25&page_number=15",15,"indonesia_jabodetabek?page_size=25&page_number=15","https://www.carmudi.co.id/mobil-bekas-dijual/indonesia_jabodetabek?page_size=25&page_number=15"
694,"https://www.carmudi.co.id/mobil-bekas-dijual/indonesia_dki-jakarta?page_size=25&page_number=15",15,"indonesia_dki-jakarta?page_size=25&page_number=15","https://www.carmudi.co.id/mobil-bekas-dijual/indonesia_dki-jakarta?page_size=25&page_number=15"
695,"https://www.carmudi.co.id/mobil-bekas-dijual/indonesia_banten?page_size=25&page_number=15",15,"indonesia_banten?page_size=25&page_number=15","https://www.carmudi.co.id/mobil-bekas-dijual/indonesia_banten?page_size=25&page_number=15"
696,"https://www.carmudi.co.id/mobil-bekas-dijual/indonesia_jawa-barat?page_size=25&page_number=15",15,"indonesia_jawa-barat?page_size=25&page_number=15","https://www.carmudi.co.id/mobil-bekas-dijual/indonesia_jawa-barat?page_size=25&page_number=15"
697,"https://www.carmudi.co.id/mobil-bekas-dijual/indonesia_jawa-timur?page_size=25&page_number=15",15,"indonesia_jawa-timur?page_size=25&page_number=15","https://www.carmudi.co.id/mobil-bekas-dijual/indonesia_jawa-timur?page_size=25&page_number=15"
698,"https://www.carmudi.co.id/mobil-bekas-dijual/indonesia_jawa-tengah?page_size=25&page_number=15",15,"indonesia_jawa-tengah?page_size=25&page_number=15","https://www.carmudi.co.id/mobil-bekas-dijual/indonesia_jawa-tengah?page_size=25&page_number=15"
699,"https://www.carmudi.co.id/mobil-bekas-dijual/indonesia_yogyakarta?page_size=25&page_number=15",15,"indonesia_yogyakarta?page_size=25&page_number=15","https://www.carmudi.co.id/mobil-bekas-dijual/indonesia_yogyakarta?page_size=25&page_number=15"
700,"https://www.carmudi.co.id/mobil-bekas-dijual/indonesia_sumatera-utara?page_size=25&page_number=15",15,"indonesia_sumatera-utara?page_size=25&page_number=15","https://www.carmudi.co.id/mobil-bekas-dijual/indonesia_sumatera-utara?page_size=25&page_number=15"
701,"https://www.carmudi.co.id/mobil-bekas-dijual/indonesia_bali?page_size=25&page_number=15",15,"indonesia_bali?page_size=25&page_number=15","https://www.carmudi.co.id/mobil-bekas-dijual/indonesia_bali?page_size=25&page_number=15"
702,"https://www.carmudi.co.id/mobil-bekas-dijual/indonesia_lampung?page_size=25&page_number=15",15,"indonesia_lampung?page_size=25&page_number=15","https://www.carmudi.co.id/mobil-bekas-dijual/indonesia_lampung?page_size=25&page_number=15"
703,"https://www.carmudi.co.id/mobil-bekas-dijual/indonesia_gorontalo?page_size=25&page_number=15",15,"indonesia_gorontalo?page_size=25&page_number=15","https://www.carmudi.co.id/mobil-bekas-dijual/indonesia_gorontalo?page_size=25&page_number=15"
704,"https://www.carmudi.co.id/mobil-bekas-dijual/indonesia_riau?page_size=25&page_number=15",15,"indonesia_riau?page_size=25&page_number=15","https://www.carmudi.co.id/mobil-bekas-dijual/indonesia_riau?page_size=25&page_number=15"
705,"https://www.carmudi.co.id/mobil-bekas-dijual/indonesia_sumatera-selatan?page_size=25&page_number=15",15,"indonesia_sumatera-selatan?page_size=25&page_number=15","https://www.carmudi.co.id/mobil-bekas-dijual/indonesia_sumatera-selatan?page_size=25&page_number=15"
706,"https://www.carmudi.co.id/mobil-bekas-dijual/indonesia_sumatera-barat?page_size=25&page_number=15",15,"indonesia_sumatera-barat?page_size=25&page_number=15","https://www.carmudi.co.id/mobil-bekas-dijual/indonesia_sumatera-barat?page_size=25&page_number=15"
707,"https://www.carmudi.co.id/mobil-bekas-dijual/indonesia_jambi?page_size=25&page_number=15",15,"indonesia_jambi?page_size=25&page_number=15","https://www.carmudi.co.id/mobil-bekas-dijual/indonesia_jambi?page_size=25&page_number=15"
708,"https://www.carmudi.co.id/mobil-bekas-dijual/indonesia_sulawesi-selatan?page_size=25&page_number=15",15,"indonesia_sulawesi-selatan?page_size=25&page_number=15","https://www.carmudi.co.id/mobil-bekas-dijual/indonesia_sulawesi-selatan?page_size=25&page_number=15"
709,"https://www.carmudi.co.id/mobil-bekas-dijual/indonesia_nangroe-aceh-darussalam?page_size=25&page_number=15",15,"indonesia_nangroe-aceh-darussalam?page_size=25&page_number=15","https://www.carmudi.co.id/mobil-bekas-dijual/indonesia_nangroe-aceh-darussalam?page_size=25&page_number=15"
710,"https://www.carmudi.co.id/mobil-bekas-dijual/indonesia_sulawesi-utara?page_size=25&page_number=15",15,"indonesia_sulawesi-utara?page_size=25&page_number=15","https://www.carmudi.co.id/mobil-bekas-dijual/indonesia_sulawesi-utara?page_size=25&page_number=15"
711,"https://www.carmudi.co.id/mobil-bekas-dijual/indonesia_kalimantan-timur?page_size=25&page_number=15",15,"indonesia_kalimantan-timur?page_size=25&page_number=15","https://www.carmudi.co.id/mobil-bekas-dijual/indonesia_kalimantan-timur?page_size=25&page_number=15"
712,"https://www.carmudi.co.id/mobil-bekas-dijual/indonesia_nusa-tenggara-barat?page_size=25&page_number=15",15,"indonesia_nusa-tenggara-barat?page_size=25&page_number=15","https://www.carmudi.co.id/mobil-bekas-dijual/indonesia_nusa-tenggara-barat?page_size=25&page_number=15"
713,"https://www.carmudi.co.id/mobil-bekas-dijual/indonesia_sulawesi-tengah?page_size=25&page_number=15",15,"indonesia_sulawesi-tengah?page_size=25&page_number=15","https://www.carmudi.co.id/mobil-bekas-dijual/indonesia_sulawesi-tengah?page_size=25&page_number=15"
714,"https://www.carmudi.co.id/mobil-bekas-dijual/indonesia_kalimantan-barat?page_size=25&page_number=15",15,"indonesia_kalimantan-barat?page_size=25&page_number=15","https://www.carmudi.co.id/mobil-bekas-dijual/indonesia_kalimantan-barat?page_size=25&page_number=15"
715,"https://www.carmudi.co.id/mobil-bekas-dijual/indonesia_maluku?page_size=25&page_number=15",15,"indonesia_maluku?page_size=25&page_number=15","https://www.carmudi.co.id/mobil-bekas-dijual/indonesia_maluku?page_size=25&page_number=15"
716,"https://www.carmudi.co.id/mobil-bekas-dijual/indonesia_maluku-utara?page_size=25&page_number=15",15,"indonesia_maluku-utara?page_size=25&page_number=15","https://www.carmudi.co.id/mobil-bekas-dijual/indonesia_maluku-utara?page_size=25&page_number=15"
717,"https://www.carmudi.co.id/mobil-bekas-dijual/indonesia_sulawesi-barat?page_size=25&page_number=15",15,"indonesia_sulawesi-barat?page_size=25&page_number=15","https://www.carmudi.co.id/mobil-bekas-dijual/indonesia_sulawesi-barat?page_size=25&page_number=15"
718,"https://www.carmudi.co.id/mobil-bekas-dijual/indonesia_sulawesi-tenggara?page_size=25&page_number=15",15,"indonesia_sulawesi-tenggara?page_size=25&page_number=15","https://www.carmudi.co.id/mobil-bekas-dijual/indonesia_sulawesi-tenggara?page_size=25&page_number=15"
719,"https://www.carmudi.co.id/mobil-bekas-dijual/indonesia?page_number=16&page_size=25",16,"indonesia?page_number=16&page_size=25","https://www.carmudi.co.id/mobil-bekas-dijual/indonesia?page_number=16&page_size=25"
720,"https://www.carmudi.co.id/mobil-bekas-dijual/indonesia?page_size=25&page_number=16",16,"indonesia?page_size=25&page_number=16","https://www.carmudi.co.id/mobil-bekas-dijual/indonesia?page_size=25&page_number=16"
721,"https://www.carmudi.co.id/mobil-bekas-dijual/indonesia?transmission=automatic&page_size=25&page_number=16",16,"indonesia?transmission=automatic&page_size=25&page_number=16","https://www.carmudi.co.id/mobil-bekas-dijual/indonesia?transmission=automatic&page_size=25&page_number=16"
722,"https://www.carmudi.co.id/mobil-bekas-dijual/indonesia?transmission=manual&page_size=25&page_number=16",16,"indonesia?transmission=manual&page_size=25&page_number=16","https://www.carmudi.co.id/mobil-bekas-dijual/indonesia?transmission=manual&page_size=25&page_number=16"
723,"https://www.carmudi.co.id/mobil-bekas-dijual/indonesia?page_size=25&page_number=16&sort=best.match",16,"indonesia?page_size=25&page_number=16&sort=best.match","https://www.carmudi.co.id/mobil-bekas-dijual/indonesia?page_size=25&page_number=16&sort=best.match"
724,"https://www.carmudi.co.id/mobil-bekas-dijual/indonesia?page_size=25&page_number=16&sort=modification_date_search.desc",16,"indonesia?page_size=25&page_number=16&sort=modification_date_search.desc","https://www.carmudi.co.id/mobil-bekas-dijual/indonesia?page_size=25&page_number=16&sort=modification_date_search.desc"
725,"https://www.carmudi.co.id/mobil-bekas-dijual/indonesia?page_size=25&page_number=16&sort=price.asc",16,"indonesia?page_size=25&page_number=16&sort=price.asc","https://www.carmudi.co.id/mobil-bekas-dijual/indonesia?page_size=25&page_number=16&sort=price.asc"
726,"https://www.carmudi.co.id/mobil-bekas-dijual/indonesia?page_size=25&page_number=16&sort=price.desc",16,"indonesia?page_size=25&page_number=16&sort=price.desc","https://www.carmudi.co.id/mobil-bekas-dijual/indonesia?page_size=25&page_number=16&sort=price.desc"
727,"https://www.carmudi.co.id/mobil-bekas-dijual/indonesia?page_size=25&page_number=16&sort=year.desc",16,"indonesia?page_size=25&page_number=16&sort=year.desc","https://www.carmudi.co.id/mobil-bekas-dijual/indonesia?page_size=25&page_number=16&sort=year.desc"
728,"https://www.carmudi.co.id/mobil-bekas-dijual/indonesia?page_size=25&page_number=16&sort=year.asc",16,"indonesia?page_size=25&page_number=16&sort=year.asc","https://www.carmudi.co.id/mobil-bekas-dijual/indonesia?page_size=25&page_number=16&sort=year.asc"
729,"https://www.carmudi.co.id/mobil-bekas-dijual/indonesia?page_size=25&page_number=16&sort=mileage.asc",16,"indonesia?page_size=25&page_number=16&sort=mileage.asc","https://www.carmudi.co.id/mobil-bekas-dijual/indonesia?page_size=25&page_number=16&sort=mileage.asc"
730,"https://www.carmudi.co.id/mobil-bekas-dijual/indonesia?page_size=25&page_number=16&sort=mileage.desc",16,"indonesia?page_size=25&page_number=16&sort=mileage.desc","https://www.carmudi.co.id/mobil-bekas-dijual/indonesia?page_size=25&page_number=16&sort=mileage.desc"
731,"https://www.carmudi.co.id/mobil-bekas-dijual/indonesia_jabodetabek?page_size=25&page_number=16",16,"indonesia_jabodetabek?page_size=25&page_number=16","https://www.carmudi.co.id/mobil-bekas-dijual/indonesia_jabodetabek?page_size=25&page_number=16"
732,"https://www.carmudi.co.id/mobil-bekas-dijual/indonesia_dki-jakarta?page_size=25&page_number=16",16,"indonesia_dki-jakarta?page_size=25&page_number=16","https://www.carmudi.co.id/mobil-bekas-dijual/indonesia_dki-jakarta?page_size=25&page_number=16"
733,"https://www.carmudi.co.id/mobil-bekas-dijual/indonesia_banten?page_size=25&page_number=16",16,"indonesia_banten?page_size=25&page_number=16","https://www.carmudi.co.id/mobil-bekas-dijual/indonesia_banten?page_size=25&page_number=16"
734,"https://www.carmudi.co.id/mobil-bekas-dijual/indonesia_jawa-barat?page_size=25&page_number=16",16,"indonesia_jawa-barat?page_size=25&page_number=16","https://www.carmudi.co.id/mobil-bekas-dijual/indonesia_jawa-barat?page_size=25&page_number=16"
735,"https://www.carmudi.co.id/mobil-bekas-dijual/indonesia_jawa-timur?page_size=25&page_number=16",16,"indonesia_jawa-timur?page_size=25&page_number=16","https://www.carmudi.co.id/mobil-bekas-dijual/indonesia_jawa-timur?page_size=25&page_number=16"
736,"https://www.carmudi.co.id/mobil-bekas-dijual/indonesia_jawa-tengah?page_size=25&page_number=16",16,"indonesia_jawa-tengah?page_size=25&page_number=16","https://www.carmudi.co.id/mobil-bekas-dijual/indonesia_jawa-tengah?page_size=25&page_number=16"
737,"https://www.carmudi.co.id/mobil-bekas-dijual/indonesia_yogyakarta?page_size=25&page_number=16",16,"indonesia_yogyakarta?page_size=25&page_number=16","https://www.carmudi.co.id/mobil-bekas-dijual/indonesia_yogyakarta?page_size=25&page_number=16"
738,"https://www.carmudi.co.id/mobil-bekas-dijual/indonesia_sumatera-utara?page_size=25&page_number=16",16,"indonesia_sumatera-utara?page_size=25&page_number=16","https://www.carmudi.co.id/mobil-bekas-dijual/indonesia_sumatera-utara?page_size=25&page_number=16"
739,"https://www.carmudi.co.id/mobil-bekas-dijual/indonesia_bali?page_size=25&page_number=16",16,"indonesia_bali?page_size=25&page_number=16","https://www.carmudi.co.id/mobil-bekas-dijual/indonesia_bali?page_size=25&page_number=16"
740,"https://www.carmudi.co.id/mobil-bekas-dijual/indonesia_lampung?page_size=25&page_number=16",16,"indonesia_lampung?page_size=25&page_number=16","https://www.carmudi.co.id/mobil-bekas-dijual/indonesia_lampung?page_size=25&page_number=16"
741,"https://www.carmudi.co.id/mobil-bekas-dijual/indonesia_gorontalo?page_size=25&page_number=16",16,"indonesia_gorontalo?page_size=25&page_number=16","https://www.carmudi.co.id/mobil-bekas-dijual/indonesia_gorontalo?page_size=25&page_number=16"
742,"https://www.carmudi.co.id/mobil-bekas-dijual/indonesia_riau?page_size=25&page_number=16",16,"indonesia_riau?page_size=25&page_number=16","https://www.carmudi.co.id/mobil-bekas-dijual/indonesia_riau?page_size=25&page_number=16"
743,"https://www.carmudi.co.id/mobil-bekas-dijual/indonesia_sumatera-selatan?page_size=25&page_number=16",16,"indonesia_sumatera-selatan?page_size=25&page_number=16","https://www.carmudi.co.id/mobil-bekas-dijual/indonesia_sumatera-selatan?page_size=25&page_number=16"
744,"https://www.carmudi.co.id/mobil-bekas-dijual/indonesia_sumatera-barat?page_size=25&page_number=16",16,"indonesia_sumatera-barat?page_size=25&page_number=16","https://www.carmudi.co.id/mobil-bekas-dijual/indonesia_sumatera-barat?page_size=25&page_number=16"
745,"https://www.carmudi.co.id/mobil-bekas-dijual/indonesia_jambi?page_size=25&page_number=16",16,"indonesia_jambi?page_size=25&page_number=16","https://www.carmudi.co.id/mobil-bekas-dijual/indonesia_jambi?page_size=25&page_number=16"
746,"https://www.carmudi.co.id/mobil-bekas-dijual/indonesia_sulawesi-selatan?page_size=25&page_number=16",16,"indonesia_sulawesi-selatan?page_size=25&page_number=16","https://www.carmudi.co.id/mobil-bekas-dijual/indonesia_sulawesi-selatan?page_size=25&page_number=16"
747,"https://www.carmudi.co.id/mobil-bekas-dijual/indonesia_nangroe-aceh-darussalam?page_size=25&page_number=16",16,"indonesia_nangroe-aceh-darussalam?page_size=25&page_number=16","https://www.carmudi.co.id/mobil-bekas-dijual/indonesia_nangroe-aceh-darussalam?page_size=25&page_number=16"
748,"https://www.carmudi.co.id/mobil-bekas-dijual/indonesia_sulawesi-utara?page_size=25&page_number=16",16,"indonesia_sulawesi-utara?page_size=25&page_number=16","https://www.carmudi.co.id/mobil-bekas-dijual/indonesia_sulawesi-utara?page_size=25&page_number=16"
749,"https://www.carmudi.co.id/mobil-bekas-dijual/indonesia_kalimantan-timur?page_size=25&page_number=16",16,"indonesia_kalimantan-timur?page_size=25&page_number=16","https://www.carmudi.co.id/mobil-bekas-dijual/indonesia_kalimantan-timur?page_size=25&page_number=16"
750,"https://www.carmudi.co.id/mobil-bekas-dijual/indonesia_nusa-tenggara-barat?page_size=25&page_number=16",16,"indonesia_nusa-tenggara-barat?page_size=25&page_number=16","https://www.carmudi.co.id/mobil-bekas-dijual/indonesia_nusa-tenggara-barat?page_size=25&page_number=16"
751,"https://www.carmudi.co.id/mobil-bekas-dijual/indonesia_sulawesi-tengah?page_size=25&page_number=16",16,"indonesia_sulawesi-tengah?page_size=25&page_number=16","https://www.carmudi.co.id/mobil-bekas-dijual/indonesia_sulawesi-tengah?page_size=25&page_number=16"
752,"https://www.carmudi.co.id/mobil-bekas-dijual/indonesia_kalimantan-barat?page_size=25&page_number=16",16,"indonesia_kalimantan-barat?page_size=25&page_number=16","https://www.carmudi.co.id/mobil-bekas-dijual/indonesia_kalimantan-barat?page_size=25&page_number=16"
753,"https://www.carmudi.co.id/mobil-bekas-dijual/indonesia_maluku?page_size=25&page_number=16",16,"indonesia_maluku?page_size=25&page_number=16","https://www.carmudi.co.id/mobil-bekas-dijual/indonesia_maluku?page_size=25&page_number=16"
754,"https://www.carmudi.co.id/mobil-bekas-dijual/indonesia_maluku-utara?page_size=25&page_number=16",16,"indonesia_maluku-utara?page_size=25&page_number=16","https://www.carmudi.co.id/mobil-bekas-dijual/indonesia_maluku-utara?page_size=25&page_number=16"
755,"https://www.carmudi.co.id/mobil-bekas-dijual/indonesia_sulawesi-barat?page_size=25&page_number=16",16,"indonesia_sulawesi-barat?page_size=25&page_number=16","https://www.carmudi.co.id/mobil-bekas-dijual/indonesia_sulawesi-barat?page_size=25&page_number=16"
756,"https://www.carmudi.co.id/mobil-bekas-dijual/indonesia_sulawesi-tenggara?page_size=25&page_number=16",16,"indonesia_sulawesi-tenggara?page_size=25&page_number=16","https://www.carmudi.co.id/mobil-bekas-dijual/indonesia_sulawesi-tenggara?page_size=25&page_number=16"
757,"https://www.carmudi.co.id/mobil-bekas-dijual/indonesia?page_number=17&page_size=25",17,"indonesia?page_number=17&page_size=25","https://www.carmudi.co.id/mobil-bekas-dijual/indonesia?page_number=17&page_size=25"
758,"https://www.carmudi.co.id/mobil-bekas-dijual/indonesia?page_size=25&page_number=17",17,"indonesia?page_size=25&page_number=17","https://www.carmudi.co.id/mobil-bekas-dijual/indonesia?page_size=25&page_number=17"
759,"https://www.carmudi.co.id/mobil-bekas-dijual/indonesia?transmission=automatic&page_size=25&page_number=17",17,"indonesia?transmission=automatic&page_size=25&page_number=17","https://www.carmudi.co.id/mobil-bekas-dijual/indonesia?transmission=automatic&page_size=25&page_number=17"
760,"https://www.carmudi.co.id/mobil-bekas-dijual/indonesia?transmission=manual&page_size=25&page_number=17",17,"indonesia?transmission=manual&page_size=25&page_number=17","https://www.carmudi.co.id/mobil-bekas-dijual/indonesia?transmission=manual&page_size=25&page_number=17"
761,"https://www.carmudi.co.id/mobil-bekas-dijual/indonesia?page_size=25&page_number=17&sort=best.match",17,"indonesia?page_size=25&page_number=17&sort=best.match","https://www.carmudi.co.id/mobil-bekas-dijual/indonesia?page_size=25&page_number=17&sort=best.match"
762,"https://www.carmudi.co.id/mobil-bekas-dijual/indonesia?page_size=25&page_number=17&sort=modification_date_search.desc",17,"indonesia?page_size=25&page_number=17&sort=modification_date_search.desc","https://www.carmudi.co.id/mobil-bekas-dijual/indonesia?page_size=25&page_number=17&sort=modification_date_search.desc"
763,"https://www.carmudi.co.id/mobil-bekas-dijual/indonesia?page_size=25&page_number=17&sort=price.asc",17,"indonesia?page_size=25&page_number=17&sort=price.asc","https://www.carmudi.co.id/mobil-bekas-dijual/indonesia?page_size=25&page_number=17&sort=price.asc"
764,"https://www.carmudi.co.id/mobil-bekas-dijual/indonesia?page_size=25&page_number=17&sort=price.desc",17,"indonesia?page_size=25&page_number=17&sort=price.desc","https://www.carmudi.co.id/mobil-bekas-dijual/indonesia?page_size=25&page_number=17&sort=price.desc"
765,"https://www.carmudi.co.id/mobil-bekas-dijual/indonesia?page_size=25&page_number=17&sort=year.desc",17,"indonesia?page_size=25&page_number=17&sort=year.desc","https://www.carmudi.co.id/mobil-bekas-dijual/indonesia?page_size=25&page_number=17&sort=year.desc"
766,"https://www.carmudi.co.id/mobil-bekas-dijual/indonesia?page_size=25&page_number=17&sort=year.asc",17,"indonesia?page_size=25&page_number=17&sort=year.asc","https://www.carmudi.co.id/mobil-bekas-dijual/indonesia?page_size=25&page_number=17&sort=year.asc"
767,"https://www.carmudi.co.id/mobil-bekas-dijual/indonesia?page_size=25&page_number=17&sort=mileage.asc",17,"indonesia?page_size=25&page_number=17&sort=mileage.asc","https://www.carmudi.co.id/mobil-bekas-dijual/indonesia?page_size=25&page_number=17&sort=mileage.asc"
768,"https://www.carmudi.co.id/mobil-bekas-dijual/indonesia?page_size=25&page_number=17&sort=mileage.desc",17,"indonesia?page_size=25&page_number=17&sort=mileage.desc","https://www.carmudi.co.id/mobil-bekas-dijual/indonesia?page_size=25&page_number=17&sort=mileage.desc"
769,"https://www.carmudi.co.id/mobil-bekas-dijual/indonesia_jabodetabek?page_size=25&page_number=17",17,"indonesia_jabodetabek?page_size=25&page_number=17","https://www.carmudi.co.id/mobil-bekas-dijual/indonesia_jabodetabek?page_size=25&page_number=17"
770,"https://www.carmudi.co.id/mobil-bekas-dijual/indonesia_dki-jakarta?page_size=25&page_number=17",17,"indonesia_dki-jakarta?page_size=25&page_number=17","https://www.carmudi.co.id/mobil-bekas-dijual/indonesia_dki-jakarta?page_size=25&page_number=17"
771,"https://www.carmudi.co.id/mobil-bekas-dijual/indonesia_banten?page_size=25&page_number=17",17,"indonesia_banten?page_size=25&page_number=17","https://www.carmudi.co.id/mobil-bekas-dijual/indonesia_banten?page_size=25&page_number=17"
772,"https://www.carmudi.co.id/mobil-bekas-dijual/indonesia_jawa-barat?page_size=25&page_number=17",17,"indonesia_jawa-barat?page_size=25&page_number=17","https://www.carmudi.co.id/mobil-bekas-dijual/indonesia_jawa-barat?page_size=25&page_number=17"
773,"https://www.carmudi.co.id/mobil-bekas-dijual/indonesia_jawa-timur?page_size=25&page_number=17",17,"indonesia_jawa-timur?page_size=25&page_number=17","https://www.carmudi.co.id/mobil-bekas-dijual/indonesia_jawa-timur?page_size=25&page_number=17"
774,"https://www.carmudi.co.id/mobil-bekas-dijual/indonesia_jawa-tengah?page_size=25&page_number=17",17,"indonesia_jawa-tengah?page_size=25&page_number=17","https://www.carmudi.co.id/mobil-bekas-dijual/indonesia_jawa-tengah?page_size=25&page_number=17"
775,"https://www.carmudi.co.id/mobil-bekas-dijual/indonesia_yogyakarta?page_size=25&page_number=17",17,"indonesia_yogyakarta?page_size=25&page_number=17","https://www.carmudi.co.id/mobil-bekas-dijual/indonesia_yogyakarta?page_size=25&page_number=17"
776,"https://www.carmudi.co.id/mobil-bekas-dijual/indonesia_sumatera-utara?page_size=25&page_number=17",17,"indonesia_sumatera-utara?page_size=25&page_number=17","https://www.carmudi.co.id/mobil-bekas-dijual/indonesia_sumatera-utara?page_size=25&page_number=17"
777,"https://www.carmudi.co.id/mobil-bekas-dijual/indonesia_bali?page_size=25&page_number=17",17,"indonesia_bali?page_size=25&page_number=17","https://www.carmudi.co.id/mobil-bekas-dijual/indonesia_bali?page_size=25&page_number=17"
778,"https://www.carmudi.co.id/mobil-bekas-dijual/indonesia_lampung?page_size=25&page_number=17",17,"indonesia_lampung?page_size=25&page_number=17","https://www.carmudi.co.id/mobil-bekas-dijual/indonesia_lampung?page_size=25&page_number=17"
779,"https://www.carmudi.co.id/mobil-bekas-dijual/indonesia_gorontalo?page_size=25&page_number=17",17,"indonesia_gorontalo?page_size=25&page_number=17","https://www.carmudi.co.id/mobil-bekas-dijual/indonesia_gorontalo?page_size=25&page_number=17"
780,"https://www.carmudi.co.id/mobil-bekas-dijual/indonesia_riau?page_size=25&page_number=17",17,"indonesia_riau?page_size=25&page_number=17","https://www.carmudi.co.id/mobil-bekas-dijual/indonesia_riau?page_size=25&page_number=17"
781,"https://www.carmudi.co.id/mobil-bekas-dijual/indonesia_sumatera-selatan?page_size=25&page_number=17",17,"indonesia_sumatera-selatan?page_size=25&page_number=17","https://www.carmudi.co.id/mobil-bekas-dijual/indonesia_sumatera-selatan?page_size=25&page_number=17"
782,"https://www.carmudi.co.id/mobil-bekas-dijual/indonesia_sumatera-barat?page_size=25&page_number=17",17,"indonesia_sumatera-barat?page_size=25&page_number=17","https://www.carmudi.co.id/mobil-bekas-dijual/indonesia_sumatera-barat?page_size=25&page_number=17"
783,"https://www.carmudi.co.id/mobil-bekas-dijual/indonesia_jambi?page_size=25&page_number=17",17,"indonesia_jambi?page_size=25&page_number=17","https://www.carmudi.co.id/mobil-bekas-dijual/indonesia_jambi?page_size=25&page_number=17"
784,"https://www.carmudi.co.id/mobil-bekas-dijual/indonesia_sulawesi-selatan?page_size=25&page_number=17",17,"indonesia_sulawesi-selatan?page_size=25&page_number=17","https://www.carmudi.co.id/mobil-bekas-dijual/indonesia_sulawesi-selatan?page_size=25&page_number=17"
785,"https://www.carmudi.co.id/mobil-bekas-dijual/indonesia_nangroe-aceh-darussalam?page_size=25&page_number=17",17,"indonesia_nangroe-aceh-darussalam?page_size=25&page_number=17","https://www.carmudi.co.id/mobil-bekas-dijual/indonesia_nangroe-aceh-darussalam?page_size=25&page_number=17"
786,"https://www.carmudi.co.id/mobil-bekas-dijual/indonesia_sulawesi-utara?page_size=25&page_number=17",17,"indonesia_sulawesi-utara?page_size=25&page_number=17","https://www.carmudi.co.id/mobil-bekas-dijual/indonesia_sulawesi-utara?page_size=25&page_number=17"
787,"https://www.carmudi.co.id/mobil-bekas-dijual/indonesia_kalimantan-timur?page_size=25&page_number=17",17,"indonesia_kalimantan-timur?page_size=25&page_number=17","https://www.carmudi.co.id/mobil-bekas-dijual/indonesia_kalimantan-timur?page_size=25&page_number=17"
788,"https://www.carmudi.co.id/mobil-bekas-dijual/indonesia_nusa-tenggara-barat?page_size=25&page_number=17",17,"indonesia_nusa-tenggara-barat?page_size=25&page_number=17","https://www.carmudi.co.id/mobil-bekas-dijual/indonesia_nusa-tenggara-barat?page_size=25&page_number=17"
789,"https://www.carmudi.co.id/mobil-bekas-dijual/indonesia_sulawesi-tengah?page_size=25&page_number=17",17,"indonesia_sulawesi-tengah?page_size=25&page_number=17","https://www.carmudi.co.id/mobil-bekas-dijual/indonesia_sulawesi-tengah?page_size=25&page_number=17"
790,"https://www.carmudi.co.id/mobil-bekas-dijual/indonesia_kalimantan-barat?page_size=25&page_number=17",17,"indonesia_kalimantan-barat?page_size=25&page_number=17","https://www.carmudi.co.id/mobil-bekas-dijual/indonesia_kalimantan-barat?page_size=25&page_number=17"
791,"https://www.carmudi.co.id/mobil-bekas-dijual/indonesia_maluku?page_size=25&page_number=17",17,"indonesia_maluku?page_size=25&page_number=17","https://www.carmudi.co.id/mobil-bekas-dijual/indonesia_maluku?page_size=25&page_number=17"
792,"https://www.carmudi.co.id/mobil-bekas-dijual/indonesia_maluku-utara?page_size=25&page_number=17",17,"indonesia_maluku-utara?page_size=25&page_number=17","https://www.carmudi.co.id/mobil-bekas-dijual/indonesia_maluku-utara?page_size=25&page_number=17"
793,"https://www.carmudi.co.id/mobil-bekas-dijual/indonesia_sulawesi-barat?page_size=25&page_number=17",17,"indonesia_sulawesi-barat?page_size=25&page_number=17","https://www.carmudi.co.id/mobil-bekas-dijual/indonesia_sulawesi-barat?page_size=25&page_number=17"
794,"https://www.carmudi.co.id/mobil-bekas-dijual/indonesia_sulawesi-tenggara?page_size=25&page_number=17",17,"indonesia_sulawesi-tenggara?page_size=25&page_number=17","https://www.carmudi.co.id/mobil-bekas-dijual/indonesia_sulawesi-tenggara?page_size=25&page_number=17"
795,"https://www.carmudi.co.id/mobil-bekas-dijual/indonesia?page_number=18&page_size=25",18,"indonesia?page_number=18&page_size=25","https://www.carmudi.co.id/mobil-bekas-dijual/indonesia?page_number=18&page_size=25"
796,"https://www.carmudi.co.id/mobil-bekas-dijual/indonesia?page_size=25&page_number=18",18,"indonesia?page_size=25&page_number=18","https://www.carmudi.co.id/mobil-bekas-dijual/indonesia?page_size=25&page_number=18"
797,"https://www.carmudi.co.id/mobil-bekas-dijual/indonesia?transmission=automatic&page_size=25&page_number=18",18,"indonesia?transmission=automatic&page_size=25&page_number=18","https://www.carmudi.co.id/mobil-bekas-dijual/indonesia?transmission=automatic&page_size=25&page_number=18"
798,"https://www.carmudi.co.id/mobil-bekas-dijual/indonesia?transmission=manual&page_size=25&page_number=18",18,"indonesia?transmission=manual&page_size=25&page_number=18","https://www.carmudi.co.id/mobil-bekas-dijual/indonesia?transmission=manual&page_size=25&page_number=18"
799,"https://www.carmudi.co.id/mobil-bekas-dijual/indonesia?page_size=25&page_number=18&sort=best.match",18,"indonesia?page_size=25&page_number=18&sort=best.match","https://www.carmudi.co.id/mobil-bekas-dijual/indonesia?page_size=25&page_number=18&sort=best.match"
800,"https://www.carmudi.co.id/mobil-bekas-dijual/indonesia?page_size=25&page_number=18&sort=modification_date_search.desc",18,"indonesia?page_size=25&page_number=18&sort=modification_date_search.desc","https://www.carmudi.co.id/mobil-bekas-dijual/indonesia?page_size=25&page_number=18&sort=modification_date_search.desc"
801,"https://www.carmudi.co.id/mobil-bekas-dijual/indonesia?page_size=25&page_number=18&sort=price.asc",18,"indonesia?page_size=25&page_number=18&sort=price.asc","https://www.carmudi.co.id/mobil-bekas-dijual/indonesia?page_size=25&page_number=18&sort=price.asc"
802,"https://www.carmudi.co.id/mobil-bekas-dijual/indonesia?page_size=25&page_number=18&sort=price.desc",18,"indonesia?page_size=25&page_number=18&sort=price.desc","https://www.carmudi.co.id/mobil-bekas-dijual/indonesia?page_size=25&page_number=18&sort=price.desc"
803,"https://www.carmudi.co.id/mobil-bekas-dijual/indonesia?page_size=25&page_number=18&sort=year.desc",18,"indonesia?page_size=25&page_number=18&sort=year.desc","https://www.carmudi.co.id/mobil-bekas-dijual/indonesia?page_size=25&page_number=18&sort=year.desc"
804,"https://www.carmudi.co.id/mobil-bekas-dijual/indonesia?page_size=25&page_number=18&sort=year.asc",18,"indonesia?page_size=25&page_number=18&sort=year.asc","https://www.carmudi.co.id/mobil-bekas-dijual/indonesia?page_size=25&page_number=18&sort=year.asc"
805,"https://www.carmudi.co.id/mobil-bekas-dijual/indonesia?page_size=25&page_number=18&sort=mileage.asc",18,"indonesia?page_size=25&page_number=18&sort=mileage.asc","https://www.carmudi.co.id/mobil-bekas-dijual/indonesia?page_size=25&page_number=18&sort=mileage.asc"
806,"https://www.carmudi.co.id/mobil-bekas-dijual/indonesia?page_size=25&page_number=18&sort=mileage.desc",18,"indonesia?page_size=25&page_number=18&sort=mileage.desc","https://www.carmudi.co.id/mobil-bekas-dijual/indonesia?page_size=25&page_number=18&sort=mileage.desc"
807,"https://www.carmudi.co.id/mobil-bekas-dijual/indonesia_jabodetabek?page_size=25&page_number=18",18,"indonesia_jabodetabek?page_size=25&page_number=18","https://www.carmudi.co.id/mobil-bekas-dijual/indonesia_jabodetabek?page_size=25&page_number=18"
808,"https://www.carmudi.co.id/mobil-bekas-dijual/indonesia_dki-jakarta?page_size=25&page_number=18",18,"indonesia_dki-jakarta?page_size=25&page_number=18","https://www.carmudi.co.id/mobil-bekas-dijual/indonesia_dki-jakarta?page_size=25&page_number=18"
809,"https://www.carmudi.co.id/mobil-bekas-dijual/indonesia_banten?page_size=25&page_number=18",18,"indonesia_banten?page_size=25&page_number=18","https://www.carmudi.co.id/mobil-bekas-dijual/indonesia_banten?page_size=25&page_number=18"
810,"https://www.carmudi.co.id/mobil-bekas-dijual/indonesia_jawa-barat?page_size=25&page_number=18",18,"indonesia_jawa-barat?page_size=25&page_number=18","https://www.carmudi.co.id/mobil-bekas-dijual/indonesia_jawa-barat?page_size=25&page_number=18"
811,"https://www.carmudi.co.id/mobil-bekas-dijual/indonesia_jawa-timur?page_size=25&page_number=18",18,"indonesia_jawa-timur?page_size=25&page_number=18","https://www.carmudi.co.id/mobil-bekas-dijual/indonesia_jawa-timur?page_size=25&page_number=18"
812,"https://www.carmudi.co.id/mobil-bekas-dijual/indonesia_jawa-tengah?page_size=25&page_number=18",18,"indonesia_jawa-tengah?page_size=25&page_number=18","https://www.carmudi.co.id/mobil-bekas-dijual/indonesia_jawa-tengah?page_size=25&page_number=18"
813,"https://www.carmudi.co.id/mobil-bekas-dijual/indonesia_yogyakarta?page_size=25&page_number=18",18,"indonesia_yogyakarta?page_size=25&page_number=18","https://www.carmudi.co.id/mobil-bekas-dijual/indonesia_yogyakarta?page_size=25&page_number=18"
814,"https://www.carmudi.co.id/mobil-bekas-dijual/indonesia_sumatera-utara?page_size=25&page_number=18",18,"indonesia_sumatera-utara?page_size=25&page_number=18","https://www.carmudi.co.id/mobil-bekas-dijual/indonesia_sumatera-utara?page_size=25&page_number=18"
815,"https://www.carmudi.co.id/mobil-bekas-dijual/indonesia_bali?page_size=25&page_number=18",18,"indonesia_bali?page_size=25&page_number=18","https://www.carmudi.co.id/mobil-bekas-dijual/indonesia_bali?page_size=25&page_number=18"
816,"https://www.carmudi.co.id/mobil-bekas-dijual/indonesia_lampung?page_size=25&page_number=18",18,"indonesia_lampung?page_size=25&page_number=18","https://www.carmudi.co.id/mobil-bekas-dijual/indonesia_lampung?page_size=25&page_number=18"
817,"https://www.carmudi.co.id/mobil-bekas-dijual/indonesia_gorontalo?page_size=25&page_number=18",18,"indonesia_gorontalo?page_size=25&page_number=18","https://www.carmudi.co.id/mobil-bekas-dijual/indonesia_gorontalo?page_size=25&page_number=18"
818,"https://www.carmudi.co.id/mobil-bekas-dijual/indonesia_riau?page_size=25&page_number=18",18,"indonesia_riau?page_size=25&page_number=18","https://www.carmudi.co.id/mobil-bekas-dijual/indonesia_riau?page_size=25&page_number=18"
819,"https://www.carmudi.co.id/mobil-bekas-dijual/indonesia_sumatera-selatan?page_size=25&page_number=18",18,"indonesia_sumatera-selatan?page_size=25&page_number=18","https://www.carmudi.co.id/mobil-bekas-dijual/indonesia_sumatera-selatan?page_size=25&page_number=18"
820,"https://www.carmudi.co.id/mobil-bekas-dijual/indonesia_sumatera-barat?page_size=25&page_number=18",18,"indonesia_sumatera-barat?page_size=25&page_number=18","https://www.carmudi.co.id/mobil-bekas-dijual/indonesia_sumatera-barat?page_size=25&page_number=18"
821,"https://www.carmudi.co.id/mobil-bekas-dijual/indonesia_jambi?page_size=25&page_number=18",18,"indonesia_jambi?page_size=25&page_number=18","https://www.carmudi.co.id/mobil-bekas-dijual/indonesia_jambi?page_size=25&page_number=18"
822,"https://www.carmudi.co.id/mobil-bekas-dijual/indonesia_sulawesi-selatan?page_size=25&page_number=18",18,"indonesia_sulawesi-selatan?page_size=25&page_number=18","https://www.carmudi.co.id/mobil-bekas-dijual/indonesia_sulawesi-selatan?page_size=25&page_number=18"
823,"https://www.carmudi.co.id/mobil-bekas-dijual/indonesia_nangroe-aceh-darussalam?page_size=25&page_number=18",18,"indonesia_nangroe-aceh-darussalam?page_size=25&page_number=18","https://www.carmudi.co.id/mobil-bekas-dijual/indonesia_nangroe-aceh-darussalam?page_size=25&page_number=18"
824,"https://www.carmudi.co.id/mobil-bekas-dijual/indonesia_sulawesi-utara?page_size=25&page_number=18",18,"indonesia_sulawesi-utara?page_size=25&page_number=18","https://www.carmudi.co.id/mobil-bekas-dijual/indonesia_sulawesi-utara?page_size=25&page_number=18"
825,"https://www.carmudi.co.id/mobil-bekas-dijual/indonesia_kalimantan-timur?page_size=25&page_number=18",18,"indonesia_kalimantan-timur?page_size=25&page_number=18","https://www.carmudi.co.id/mobil-bekas-dijual/indonesia_kalimantan-timur?page_size=25&page_number=18"
826,"https://www.carmudi.co.id/mobil-bekas-dijual/indonesia_nusa-tenggara-barat?page_size=25&page_number=18",18,"indonesia_nusa-tenggara-barat?page_size=25&page_number=18","https://www.carmudi.co.id/mobil-bekas-dijual/indonesia_nusa-tenggara-barat?page_size=25&page_number=18"
827,"https://www.carmudi.co.id/mobil-bekas-dijual/indonesia_sulawesi-tengah?page_size=25&page_number=18",18,"indonesia_sulawesi-tengah?page_size=25&page_number=18","https://www.carmudi.co.id/mobil-bekas-dijual/indonesia_sulawesi-tengah?page_size=25&page_number=18"
828,"https://www.carmudi.co.id/mobil-bekas-dijual/indonesia_kalimantan-barat?page_size=25&page_number=18",18,"indonesia_kalimantan-barat?page_size=25&page_number=18","https://www.carmudi.co.id/mobil-bekas-dijual/indonesia_kalimantan-barat?page_size=25&page_number=18"
829,"https://www.carmudi.co.id/mobil-bekas-dijual/indonesia_maluku?page_size=25&page_number=18",18,"indonesia_maluku?page_size=25&page_number=18","https://www.carmudi.co.id/mobil-bekas-dijual/indonesia_maluku?page_size=25&page_number=18"
830,"https://www.carmudi.co.id/mobil-bekas-dijual/indonesia_maluku-utara?page_size=25&page_number=18",18,"indonesia_maluku-utara?page_size=25&page_number=18","https://www.carmudi.co.id/mobil-bekas-dijual/indonesia_maluku-utara?page_size=25&page_number=18"
831,"https://www.carmudi.co.id/mobil-bekas-dijual/indonesia_sulawesi-barat?page_size=25&page_number=18",18,"indonesia_sulawesi-barat?page_size=25&page_number=18","https://www.carmudi.co.id/mobil-bekas-dijual/indonesia_sulawesi-barat?page_size=25&page_number=18"
832,"https://www.carmudi.co.id/mobil-bekas-dijual/indonesia_sulawesi-tenggara?page_size=25&page_number=18",18,"indonesia_sulawesi-tenggara?page_size=25&page_number=18","https://www.carmudi.co.id/mobil-bekas-dijual/indonesia_sulawesi-tenggara?page_size=25&page_number=18"
833,"https://www.carmudi.co.id/mobil-bekas-dijual/indonesia?page_number=19&page_size=25",19,"indonesia?page_number=19&page_size=25","https://www.carmudi.co.id/mobil-bekas-dijual/indonesia?page_number=19&page_size=25"
834,"https://www.carmudi.co.id/mobil-bekas-dijual/indonesia?page_size=25&page_number=19",19,"indonesia?page_size=25&page_number=19","https://www.carmudi.co.id/mobil-bekas-dijual/indonesia?page_size=25&page_number=19"
835,"https://www.carmudi.co.id/mobil-bekas-dijual/indonesia?transmission=automatic&page_size=25&page_number=19",19,"indonesia?transmission=automatic&page_size=25&page_number=19","https://www.carmudi.co.id/mobil-bekas-dijual/indonesia?transmission=automatic&page_size=25&page_number=19"
836,"https://www.carmudi.co.id/mobil-bekas-dijual/indonesia?transmission=manual&page_size=25&page_number=19",19,"indonesia?transmission=manual&page_size=25&page_number=19","https://www.carmudi.co.id/mobil-bekas-dijual/indonesia?transmission=manual&page_size=25&page_number=19"
837,"https://www.carmudi.co.id/mobil-bekas-dijual/indonesia?page_size=25&page_number=19&sort=best.match",19,"indonesia?page_size=25&page_number=19&sort=best.match","https://www.carmudi.co.id/mobil-bekas-dijual/indonesia?page_size=25&page_number=19&sort=best.match"
838,"https://www.carmudi.co.id/mobil-bekas-dijual/indonesia?page_size=25&page_number=19&sort=modification_date_search.desc",19,"indonesia?page_size=25&page_number=19&sort=modification_date_search.desc","https://www.carmudi.co.id/mobil-bekas-dijual/indonesia?page_size=25&page_number=19&sort=modification_date_search.desc"
839,"https://www.carmudi.co.id/mobil-bekas-dijual/indonesia?page_size=25&page_number=19&sort=price.asc",19,"indonesia?page_size=25&page_number=19&sort=price.asc","https://www.carmudi.co.id/mobil-bekas-dijual/indonesia?page_size=25&page_number=19&sort=price.asc"
840,"https://www.carmudi.co.id/mobil-bekas-dijual/indonesia?page_size=25&page_number=19&sort=price.desc",19,"indonesia?page_size=25&page_number=19&sort=price.desc","https://www.carmudi.co.id/mobil-bekas-dijual/indonesia?page_size=25&page_number=19&sort=price.desc"
841,"https://www.carmudi.co.id/mobil-bekas-dijual/indonesia?page_size=25&page_number=19&sort=year.desc",19,"indonesia?page_size=25&page_number=19&sort=year.desc","https://www.carmudi.co.id/mobil-bekas-dijual/indonesia?page_size=25&page_number=19&sort=year.desc"
842,"https://www.carmudi.co.id/mobil-bekas-dijual/indonesia?page_size=25&page_number=19&sort=year.asc",19,"indonesia?page_size=25&page_number=19&sort=year.asc","https://www.carmudi.co.id/mobil-bekas-dijual/indonesia?page_size=25&page_number=19&sort=year.asc"
843,"https://www.carmudi.co.id/mobil-bekas-dijual/indonesia?page_size=25&page_number=19&sort=mileage.asc",19,"indonesia?page_size=25&page_number=19&sort=mileage.asc","https://www.carmudi.co.id/mobil-bekas-dijual/indonesia?page_size=25&page_number=19&sort=mileage.asc"
844,"https://www.carmudi.co.id/mobil-bekas-dijual/indonesia?page_size=25&page_number=19&sort=mileage.desc",19,"indonesia?page_size=25&page_number=19&sort=mileage.desc","https://www.carmudi.co.id/mobil-bekas-dijual/indonesia?page_size=25&page_number=19&sort=mileage.desc"
845,"https://www.carmudi.co.id/mobil-bekas-dijual/indonesia_jabodetabek?page_size=25&page_number=19",19,"indonesia_jabodetabek?page_size=25&page_number=19","https://www.carmudi.co.id/mobil-bekas-dijual/indonesia_jabodetabek?page_size=25&page_number=19"
846,"https://www.carmudi.co.id/mobil-bekas-dijual/indonesia_dki-jakarta?page_size=25&page_number=19",19,"indonesia_dki-jakarta?page_size=25&page_number=19","https://www.carmudi.co.id/mobil-bekas-dijual/indonesia_dki-jakarta?page_size=25&page_number=19"
847,"https://www.carmudi.co.id/mobil-bekas-dijual/indonesia_banten?page_size=25&page_number=19",19,"indonesia_banten?page_size=25&page_number=19","https://www.carmudi.co.id/mobil-bekas-dijual/indonesia_banten?page_size=25&page_number=19"
848,"https://www.carmudi.co.id/mobil-bekas-dijual/indonesia_jawa-barat?page_size=25&page_number=19",19,"indonesia_jawa-barat?page_size=25&page_number=19","https://www.carmudi.co.id/mobil-bekas-dijual/indonesia_jawa-barat?page_size=25&page_number=19"
849,"https://www.carmudi.co.id/mobil-bekas-dijual/indonesia_jawa-timur?page_size=25&page_number=19",19,"indonesia_jawa-timur?page_size=25&page_number=19","https://www.carmudi.co.id/mobil-bekas-dijual/indonesia_jawa-timur?page_size=25&page_number=19"
850,"https://www.carmudi.co.id/mobil-bekas-dijual/indonesia_jawa-tengah?page_size=25&page_number=19",19,"indonesia_jawa-tengah?page_size=25&page_number=19","https://www.carmudi.co.id/mobil-bekas-dijual/indonesia_jawa-tengah?page_size=25&page_number=19"
851,"https://www.carmudi.co.id/mobil-bekas-dijual/indonesia_yogyakarta?page_size=25&page_number=19",19,"indonesia_yogyakarta?page_size=25&page_number=19","https://www.carmudi.co.id/mobil-bekas-dijual/indonesia_yogyakarta?page_size=25&page_number=19"
852,"https://www.carmudi.co.id/mobil-bekas-dijual/indonesia_sumatera-utara?page_size=25&page_number=19",19,"indonesia_sumatera-utara?page_size=25&page_number=19","https://www.carmudi.co.id/mobil-bekas-dijual/indonesia_sumatera-utara?page_size=25&page_number=19"
853,"https://www.carmudi.co.id/mobil-bekas-dijual/indonesia_bali?page_size=25&page_number=19",19,"indonesia_bali?page_size=25&page_number=19","https://www.carmudi.co.id/mobil-bekas-dijual/indonesia_bali?page_size=25&page_number=19"
854,"https://www.carmudi.co.id/mobil-bekas-dijual/indonesia_lampung?page_size=25&page_number=19",19,"indonesia_lampung?page_size=25&page_number=19","https://www.carmudi.co.id/mobil-bekas-dijual/indonesia_lampung?page_size=25&page_number=19"
855,"https://www.carmudi.co.id/mobil-bekas-dijual/indonesia_gorontalo?page_size=25&page_number=19",19,"indonesia_gorontalo?page_size=25&page_number=19","https://www.carmudi.co.id/mobil-bekas-dijual/indonesia_gorontalo?page_size=25&page_number=19"
856,"https://www.carmudi.co.id/mobil-bekas-dijual/indonesia_riau?page_size=25&page_number=19",19,"indonesia_riau?page_size=25&page_number=19","https://www.carmudi.co.id/mobil-bekas-dijual/indonesia_riau?page_size=25&page_number=19"
857,"https://www.carmudi.co.id/mobil-bekas-dijual/indonesia_sumatera-selatan?page_size=25&page_number=19",19,"indonesia_sumatera-selatan?page_size=25&page_number=19","https://www.carmudi.co.id/mobil-bekas-dijual/indonesia_sumatera-selatan?page_size=25&page_number=19"
858,"https://www.carmudi.co.id/mobil-bekas-dijual/indonesia_sumatera-barat?page_size=25&page_number=19",19,"indonesia_sumatera-barat?page_size=25&page_number=19","https://www.carmudi.co.id/mobil-bekas-dijual/indonesia_sumatera-barat?page_size=25&page_number=19"
859,"https://www.carmudi.co.id/mobil-bekas-dijual/indonesia_jambi?page_size=25&page_number=19",19,"indonesia_jambi?page_size=25&page_number=19","https://www.carmudi.co.id/mobil-bekas-dijual/indonesia_jambi?page_size=25&page_number=19"
860,"https://www.carmudi.co.id/mobil-bekas-dijual/indonesia_sulawesi-selatan?page_size=25&page_number=19",19,"indonesia_sulawesi-selatan?page_size=25&page_number=19","https://www.carmudi.co.id/mobil-bekas-dijual/indonesia_sulawesi-selatan?page_size=25&page_number=19"
861,"https://www.carmudi.co.id/mobil-bekas-dijual/indonesia_nangroe-aceh-darussalam?page_size=25&page_number=19",19,"indonesia_nangroe-aceh-darussalam?page_size=25&page_number=19","https://www.carmudi.co.id/mobil-bekas-dijual/indonesia_nangroe-aceh-darussalam?page_size=25&page_number=19"
862,"https://www.carmudi.co.id/mobil-bekas-dijual/indonesia_sulawesi-utara?page_size=25&page_number=19",19,"indonesia_sulawesi-utara?page_size=25&page_number=19","https://www.carmudi.co.id/mobil-bekas-dijual/indonesia_sulawesi-utara?page_size=25&page_number=19"
863,"https://www.carmudi.co.id/mobil-bekas-dijual/indonesia_kalimantan-timur?page_size=25&page_number=19",19,"indonesia_kalimantan-timur?page_size=25&page_number=19","https://www.carmudi.co.id/mobil-bekas-dijual/indonesia_kalimantan-timur?page_size=25&page_number=19"
864,"https://www.carmudi.co.id/mobil-bekas-dijual/indonesia_nusa-tenggara-barat?page_size=25&page_number=19",19,"indonesia_nusa-tenggara-barat?page_size=25&page_number=19","https://www.carmudi.co.id/mobil-bekas-dijual/indonesia_nusa-tenggara-barat?page_size=25&page_number=19"
865,"https://www.carmudi.co.id/mobil-bekas-dijual/indonesia_sulawesi-tengah?page_size=25&page_number=19",19,"indonesia_sulawesi-tengah?page_size=25&page_number=19","https://www.carmudi.co.id/mobil-bekas-dijual/indonesia_sulawesi-tengah?page_size=25&page_number=19"
866,"https://www.carmudi.co.id/mobil-bekas-dijual/indonesia_kalimantan-barat?page_size=25&page_number=19",19,"indonesia_kalimantan-barat?page_size=25&page_number=19","https://www.carmudi.co.id/mobil-bekas-dijual/indonesia_kalimantan-barat?page_size=25&page_number=19"
867,"https://www.carmudi.co.id/mobil-bekas-dijual/indonesia_maluku?page_size=25&page_number=19",19,"indonesia_maluku?page_size=25&page_number=19","https://www.carmudi.co.id/mobil-bekas-dijual/indonesia_maluku?page_size=25&page_number=19"
868,"https://www.carmudi.co.id/mobil-bekas-dijual/indonesia_maluku-utara?page_size=25&page_number=19",19,"indonesia_maluku-utara?page_size=25&page_number=19","https://www.carmudi.co.id/mobil-bekas-dijual/indonesia_maluku-utara?page_size=25&page_number=19"
869,"https://www.carmudi.co.id/mobil-bekas-dijual/indonesia_sulawesi-barat?page_size=25&page_number=19",19,"indonesia_sulawesi-barat?page_size=25&page_number=19","https://www.carmudi.co.id/mobil-bekas-dijual/indonesia_sulawesi-barat?page_size=25&page_number=19"
870,"https://www.carmudi.co.id/mobil-bekas-dijual/indonesia_sulawesi-tenggara?page_size=25&page_number=19",19,"indonesia_sulawesi-tenggara?page_size=25&page_number=19","https://www.carmudi.co.id/mobil-bekas-dijual/indonesia_sulawesi-tenggara?page_size=25&page_number=19"
871,"https://www.carmudi.co.id/mobil-bekas-dijual/indonesia?page_number=20&page_size=25",20,"indonesia?page_number=20&page_size=25","https://www.carmudi.co.id/mobil-bekas-dijual/indonesia?page_number=20&page_size=25"
872,"https://www.carmudi.co.id/mobil-bekas-dijual/indonesia?page_size=25&page_number=20",20,"indonesia?page_size=25&page_number=20","https://www.carmudi.co.id/mobil-bekas-dijual/indonesia?page_size=25&page_number=20"
873,"https://www.carmudi.co.id/mobil-bekas-dijual/indonesia?transmission=automatic&page_size=25&page_number=20",20,"indonesia?transmission=automatic&page_size=25&page_number=20","https://www.carmudi.co.id/mobil-bekas-dijual/indonesia?transmission=automatic&page_size=25&page_number=20"
874,"https://www.carmudi.co.id/mobil-bekas-dijual/indonesia?transmission=manual&page_size=25&page_number=20",20,"indonesia?transmission=manual&page_size=25&page_number=20","https://www.carmudi.co.id/mobil-bekas-dijual/indonesia?transmission=manual&page_size=25&page_number=20"
875,"https://www.carmudi.co.id/mobil-bekas-dijual/indonesia?page_size=25&page_number=20&sort=best.match",20,"indonesia?page_size=25&page_number=20&sort=best.match","https://www.carmudi.co.id/mobil-bekas-dijual/indonesia?page_size=25&page_number=20&sort=best.match"
876,"https://www.carmudi.co.id/mobil-bekas-dijual/indonesia?page_size=25&page_number=20&sort=modification_date_search.desc",20,"indonesia?page_size=25&page_number=20&sort=modification_date_search.desc","https://www.carmudi.co.id/mobil-bekas-dijual/indonesia?page_size=25&page_number=20&sort=modification_date_search.desc"
877,"https://www.carmudi.co.id/mobil-bekas-dijual/indonesia?page_size=25&page_number=20&sort=price.asc",20,"indonesia?page_size=25&page_number=20&sort=price.asc","https://www.carmudi.co.id/mobil-bekas-dijual/indonesia?page_size=25&page_number=20&sort=price.asc"
878,"https://www.carmudi.co.id/mobil-bekas-dijual/indonesia?page_size=25&page_number=20&sort=price.desc",20,"indonesia?page_size=25&page_number=20&sort=price.desc","https://www.carmudi.co.id/mobil-bekas-dijual/indonesia?page_size=25&page_number=20&sort=price.desc"
879,"https://www.carmudi.co.id/mobil-bekas-dijual/indonesia?page_size=25&page_number=20&sort=year.desc",20,"indonesia?page_size=25&page_number=20&sort=year.desc","https://www.carmudi.co.id/mobil-bekas-dijual/indonesia?page_size=25&page_number=20&sort=year.desc"
880,"https://www.carmudi.co.id/mobil-bekas-dijual/indonesia?page_size=25&page_number=20&sort=year.asc",20,"indonesia?page_size=25&page_number=20&sort=year.asc","https://www.carmudi.co.id/mobil-bekas-dijual/indonesia?page_size=25&page_number=20&sort=year.asc"
881,"https://www.carmudi.co.id/mobil-bekas-dijual/indonesia?page_size=25&page_number=20&sort=mileage.asc",20,"indonesia?page_size=25&page_number=20&sort=mileage.asc","https://www.carmudi.co.id/mobil-bekas-dijual/indonesia?page_size=25&page_number=20&sort=mileage.asc"
882,"https://www.carmudi.co.id/mobil-bekas-dijual/indonesia?page_size=25&page_number=20&sort=mileage.desc",20,"indonesia?page_size=25&page_number=20&sort=mileage.desc","https://www.carmudi.co.id/mobil-bekas-dijual/indonesia?page_size=25&page_number=20&sort=mileage.desc"
883,"https://www.carmudi.co.id/mobil-bekas-dijual/indonesia_jabodetabek?page_size=25&page_number=20",20,"indonesia_jabodetabek?page_size=25&page_number=20","https://www.carmudi.co.id/mobil-bekas-dijual/indonesia_jabodetabek?page_size=25&page_number=20"
884,"https://www.carmudi.co.id/mobil-bekas-dijual/indonesia_dki-jakarta?page_size=25&page_number=20",20,"indonesia_dki-jakarta?page_size=25&page_number=20","https://www.carmudi.co.id/mobil-bekas-dijual/indonesia_dki-jakarta?page_size=25&page_number=20"
885,"https://www.carmudi.co.id/mobil-bekas-dijual/indonesia_banten?page_size=25&page_number=20",20,"indonesia_banten?page_size=25&page_number=20","https://www.carmudi.co.id/mobil-bekas-dijual/indonesia_banten?page_size=25&page_number=20"
886,"https://www.carmudi.co.id/mobil-bekas-dijual/indonesia_jawa-barat?page_size=25&page_number=20",20,"indonesia_jawa-barat?page_size=25&page_number=20","https://www.carmudi.co.id/mobil-bekas-dijual/indonesia_jawa-barat?page_size=25&page_number=20"
887,"https://www.carmudi.co.id/mobil-bekas-dijual/indonesia_jawa-timur?page_size=25&page_number=20",20,"indonesia_jawa-timur?page_size=25&page_number=20","https://www.carmudi.co.id/mobil-bekas-dijual/indonesia_jawa-timur?page_size=25&page_number=20"
888,"https://www.carmudi.co.id/mobil-bekas-dijual/indonesia_jawa-tengah?page_size=25&page_number=20",20,"indonesia_jawa-tengah?page_size=25&page_number=20","https://www.carmudi.co.id/mobil-bekas-dijual/indonesia_jawa-tengah?page_size=25&page_number=20"
889,"https://www.carmudi.co.id/mobil-bekas-dijual/indonesia_yogyakarta?page_size=25&page_number=20",20,"indonesia_yogyakarta?page_size=25&page_number=20","https://www.carmudi.co.id/mobil-bekas-dijual/indonesia_yogyakarta?page_size=25&page_number=20"
890,"https://www.carmudi.co.id/mobil-bekas-dijual/indonesia_sumatera-utara?page_size=25&page_number=20",20,"indonesia_sumatera-utara?page_size=25&page_number=20","https://www.carmudi.co.id/mobil-bekas-dijual/indonesia_sumatera-utara?page_size=25&page_number=20"
891,"https://www.carmudi.co.id/mobil-bekas-dijual/indonesia_bali?page_size=25&page_number=20",20,"indonesia_bali?page_size=25&page_number=20","https://www.carmudi.co.id/mobil-bekas-dijual/indonesia_bali?page_size=25&page_number=20"
892,"https://www.carmudi.co.id/mobil-bekas-dijual/indonesia_lampung?page_size=25&page_number=20",20,"indonesia_lampung?page_size=25&page_number=20","https://www.carmudi.co.id/mobil-bekas-dijual/indonesia_lampung?page_size=25&page_number=20"
893,"https://www.carmudi.co.id/mobil-bekas-dijual/indonesia_gorontalo?page_size=25&page_number=20",20,"indonesia_gorontalo?page_size=25&page_number=20","https://www.carmudi.co.id/mobil-bekas-dijual/indonesia_gorontalo?page_size=25&page_number=20"
894,"https://www.carmudi.co.id/mobil-bekas-dijual/indonesia_riau?page_size=25&page_number=20",20,"indonesia_riau?page_size=25&page_number=20","https://www.carmudi.co.id/mobil-bekas-dijual/indonesia_riau?page_size=25&page_number=20"
895,"https://www.carmudi.co.id/mobil-bekas-dijual/indonesia_sumatera-selatan?page_size=25&page_number=20",20,"indonesia_sumatera-selatan?page_size=25&page_number=20","https://www.carmudi.co.id/mobil-bekas-dijual/indonesia_sumatera-selatan?page_size=25&page_number=20"
896,"https://www.carmudi.co.id/mobil-bekas-dijual/indonesia_sumatera-barat?page_size=25&page_number=20",20,"indonesia_sumatera-barat?page_size=25&page_number=20","https://www.carmudi.co.id/mobil-bekas-dijual/indonesia_sumatera-barat?page_size=25&page_number=20"
897,"https://www.carmudi.co.id/mobil-bekas-dijual/indonesia_jambi?page_size=25&page_number=20",20,"indonesia_jambi?page_size=25&page_number=20","https://www.carmudi.co.id/mobil-bekas-dijual/indonesia_jambi?page_size=25&page_number=20"
898,"https://www.carmudi.co.id/mobil-bekas-dijual/indonesia_sulawesi-selatan?page_size=25&page_number=20",20,"indonesia_sulawesi-selatan?page_size=25&page_number=20","https://www.carmudi.co.id/mobil-bekas-dijual/indonesia_sulawesi-selatan?page_size=25&page_number=20"
899,"https://www.carmudi.co.id/mobil-bekas-dijual/indonesia_nangroe-aceh-darussalam?page_size=25&page_number=20",20,"indonesia_nangroe-aceh-darussalam?page_size=25&page_number=20","https://www.carmudi.co.id/mobil-bekas-dijual/indonesia_nangroe-aceh-darussalam?page_size=25&page_number=20"
900,"https://www.carmudi.co.id/mobil-bekas-dijual/indonesia_sulawesi-utara?page_size=25&page_number=20",20,"indonesia_sulawesi-utara?page_size=25&page_number=20","https://www.carmudi.co.id/mobil-bekas-dijual/indonesia_sulawesi-utara?page_size=25&page_number=20"
901,"https://www.carmudi.co.id/mobil-bekas-dijual/indonesia_kalimantan-timur?page_size=25&page_number=20",20,"indonesia_kalimantan-timur?page_size=25&page_number=20","https://www.carmudi.co.id/mobil-bekas-dijual/indonesia_kalimantan-timur?page_size=25&page_number=20"
902,"https://www.carmudi.co.id/mobil-bekas-dijual/indonesia_nusa-tenggara-barat?page_size=25&page_number=20",20,"indonesia_nusa-tenggara-barat?page_size=25&page_number=20","https://www.carmudi.co.id/mobil-bekas-dijual/indonesia_nusa-tenggara-barat?page_size=25&page_number=20"
903,"https://www.carmudi.co.id/mobil-bekas-dijual/indonesia_sulawesi-tengah?page_size=25&page_number=20",20,"indonesia_sulawesi-tengah?page_size=25&page_number=20","https://www.carmudi.co.id/mobil-bekas-dijual/indonesia_sulawesi-tengah?page_size=25&page_number=20"
904,"https://www.carmudi.co.id/mobil-bekas-dijual/indonesia_kalimantan-barat?page_size=25&page_number=20",20,"indonesia_kalimantan-barat?page_size=25&page_number=20","https://www.carmudi.co.id/mobil-bekas-dijual/indonesia_kalimantan-barat?page_size=25&page_number=20"
905,"https://www.carmudi.co.id/mobil-bekas-dijual/indonesia_maluku?page_size=25&page_number=20",20,"indonesia_maluku?page_size=25&page_number=20","https://www.carmudi.co.id/mobil-bekas-dijual/indonesia_maluku?page_size=25&page_number=20"
906,"https://www.carmudi.co.id/mobil-bekas-dijual/indonesia_maluku-utara?page_size=25&page_number=20",20,"indonesia_maluku-utara?page_size=25&page_number=20","https://www.carmudi.co.id/mobil-bekas-dijual/indonesia_maluku-utara?page_size=25&page_number=20"
907,"https://www.carmudi.co.id/mobil-bekas-dijual/indonesia_sulawesi-barat?page_size=25&page_number=20",20,"indonesia_sulawesi-barat?page_size=25&page_number=20","https://www.carmudi.co.id/mobil-bekas-dijual/indonesia_sulawesi-barat?page_size=25&page_number=20"
908,"https://www.carmudi.co.id/mobil-bekas-dijual/indonesia_sulawesi-tenggara?page_size=25&page_number=20",20,"indonesia_sulawesi-tenggara?page_size=25&page_number=20","https://www.carmudi.co.id/mobil-bekas-dijual/indonesia_sulawesi-tenggara?page_size=25&page_number=20"
909,"https://www.carmudi.co.id/mobil-bekas-dijual/indonesia?page_number=21&page_size=25",21,"indonesia?page_number=21&page_size=25","https://www.carmudi.co.id/mobil-bekas-dijual/indonesia?page_number=21&page_size=25"
910,"https://www.carmudi.co.id/mobil-bekas-dijual/indonesia?page_size=25&page_number=21",21,"indonesia?page_size=25&page_number=21","https://www.carmudi.co.id/mobil-bekas-dijual/indonesia?page_size=25&page_number=21"
911,"https://www.carmudi.co.id/mobil-bekas-dijual/indonesia?transmission=automatic&page_size=25&page_number=21",21,"indonesia?transmission=automatic&page_size=25&page_number=21","https://www.carmudi.co.id/mobil-bekas-dijual/indonesia?transmission=automatic&page_size=25&page_number=21"
912,"https://www.carmudi.co.id/mobil-bekas-dijual/indonesia?transmission=manual&page_size=25&page_number=21",21,"indonesia?transmission=manual&page_size=25&page_number=21","https://www.carmudi.co.id/mobil-bekas-dijual/indonesia?transmission=manual&page_size=25&page_number=21"
913,"https://www.carmudi.co.id/mobil-bekas-dijual/indonesia?page_size=25&page_number=21&sort=best.match",21,"indonesia?page_size=25&page_number=21&sort=best.match","https://www.carmudi.co.id/mobil-bekas-dijual/indonesia?page_size=25&page_number=21&sort=best.match"
914,"https://www.carmudi.co.id/mobil-bekas-dijual/indonesia?page_size=25&page_number=21&sort=modification_date_search.desc",21,"indonesia?page_size=25&page_number=21&sort=modification_date_search.desc","https://www.carmudi.co.id/mobil-bekas-dijual/indonesia?page_size=25&page_number=21&sort=modification_date_search.desc"
915,"https://www.carmudi.co.id/mobil-bekas-dijual/indonesia?page_size=25&page_number=21&sort=price.asc",21,"indonesia?page_size=25&page_number=21&sort=price.asc","https://www.carmudi.co.id/mobil-bekas-dijual/indonesia?page_size=25&page_number=21&sort=price.asc"
916,"https://www.carmudi.co.id/mobil-bekas-dijual/indonesia?page_size=25&page_number=21&sort=price.desc",21,"indonesia?page_size=25&page_number=21&sort=price.desc","https://www.carmudi.co.id/mobil-bekas-dijual/indonesia?page_size=25&page_number=21&sort=price.desc"
917,"https://www.carmudi.co.id/mobil-bekas-dijual/indonesia?page_size=25&page_number=21&sort=year.desc",21,"indonesia?page_size=25&page_number=21&sort=year.desc","https://www.carmudi.co.id/mobil-bekas-dijual/indonesia?page_size=25&page_number=21&sort=year.desc"
918,"https://www.carmudi.co.id/mobil-bekas-dijual/indonesia?page_size=25&page_number=21&sort=year.asc",21,"indonesia?page_size=25&page_number=21&sort=year.asc","https://www.carmudi.co.id/mobil-bekas-dijual/indonesia?page_size=25&page_number=21&sort=year.asc"
919,"https://www.carmudi.co.id/mobil-bekas-dijual/indonesia?page_size=25&page_number=21&sort=mileage.asc",21,"indonesia?page_size=25&page_number=21&sort=mileage.asc","https://www.carmudi.co.id/mobil-bekas-dijual/indonesia?page_size=25&page_number=21&sort=mileage.asc"
920,"https://www.carmudi.co.id/mobil-bekas-dijual/indonesia?page_size=25&page_number=21&sort=mileage.desc",21,"indonesia?page_size=25&page_number=21&sort=mileage.desc","https://www.carmudi.co.id/mobil-bekas-dijual/indonesia?page_size=25&page_number=21&sort=mileage.desc"
921,"https://www.carmudi.co.id/mobil-bekas-dijual/indonesia_jabodetabek?page_size=25&page_number=21",21,"indonesia_jabodetabek?page_size=25&page_number=21","https://www.carmudi.co.id/mobil-bekas-dijual/indonesia_jabodetabek?page_size=25&page_number=21"
922,"https://www.carmudi.co.id/mobil-bekas-dijual/indonesia_dki-jakarta?page_size=25&page_number=21",21,"indonesia_dki-jakarta?page_size=25&page_number=21","https://www.carmudi.co.id/mobil-bekas-dijual/indonesia_dki-jakarta?page_size=25&page_number=21"
923,"https://www.carmudi.co.id/mobil-bekas-dijual/indonesia_banten?page_size=25&page_number=21",21,"indonesia_banten?page_size=25&page_number=21","https://www.carmudi.co.id/mobil-bekas-dijual/indonesia_banten?page_size=25&page_number=21"
924,"https://www.carmudi.co.id/mobil-bekas-dijual/indonesia_jawa-barat?page_size=25&page_number=21",21,"indonesia_jawa-barat?page_size=25&page_number=21","https://www.carmudi.co.id/mobil-bekas-dijual/indonesia_jawa-barat?page_size=25&page_number=21"
925,"https://www.carmudi.co.id/mobil-bekas-dijual/indonesia_jawa-timur?page_size=25&page_number=21",21,"indonesia_jawa-timur?page_size=25&page_number=21","https://www.carmudi.co.id/mobil-bekas-dijual/indonesia_jawa-timur?page_size=25&page_number=21"
926,"https://www.carmudi.co.id/mobil-bekas-dijual/indonesia_jawa-tengah?page_size=25&page_number=21",21,"indonesia_jawa-tengah?page_size=25&page_number=21","https://www.carmudi.co.id/mobil-bekas-dijual/indonesia_jawa-tengah?page_size=25&page_number=21"
927,"https://www.carmudi.co.id/mobil-bekas-dijual/indonesia_yogyakarta?page_size=25&page_number=21",21,"indonesia_yogyakarta?page_size=25&page_number=21","https://www.carmudi.co.id/mobil-bekas-dijual/indonesia_yogyakarta?page_size=25&page_number=21"
928,"https://www.carmudi.co.id/mobil-bekas-dijual/indonesia_sumatera-utara?page_size=25&page_number=21",21,"indonesia_sumatera-utara?page_size=25&page_number=21","https://www.carmudi.co.id/mobil-bekas-dijual/indonesia_sumatera-utara?page_size=25&page_number=21"
929,"https://www.carmudi.co.id/mobil-bekas-dijual/indonesia_bali?page_size=25&page_number=21",21,"indonesia_bali?page_size=25&page_number=21","https://www.carmudi.co.id/mobil-bekas-dijual/indonesia_bali?page_size=25&page_number=21"
930,"https://www.carmudi.co.id/mobil-bekas-dijual/indonesia_lampung?page_size=25&page_number=21",21,"indonesia_lampung?page_size=25&page_number=21","https://www.carmudi.co.id/mobil-bekas-dijual/indonesia_lampung?page_size=25&page_number=21"
931,"https://www.carmudi.co.id/mobil-bekas-dijual/indonesia_gorontalo?page_size=25&page_number=21",21,"indonesia_gorontalo?page_size=25&page_number=21","https://www.carmudi.co.id/mobil-bekas-dijual/indonesia_gorontalo?page_size=25&page_number=21"
932,"https://www.carmudi.co.id/mobil-bekas-dijual/indonesia_riau?page_size=25&page_number=21",21,"indonesia_riau?page_size=25&page_number=21","https://www.carmudi.co.id/mobil-bekas-dijual/indonesia_riau?page_size=25&page_number=21"
933,"https://www.carmudi.co.id/mobil-bekas-dijual/indonesia_sumatera-selatan?page_size=25&page_number=21",21,"indonesia_sumatera-selatan?page_size=25&page_number=21","https://www.carmudi.co.id/mobil-bekas-dijual/indonesia_sumatera-selatan?page_size=25&page_number=21"
934,"https://www.carmudi.co.id/mobil-bekas-dijual/indonesia_sumatera-barat?page_size=25&page_number=21",21,"indonesia_sumatera-barat?page_size=25&page_number=21","https://www.carmudi.co.id/mobil-bekas-dijual/indonesia_sumatera-barat?page_size=25&page_number=21"
935,"https://www.carmudi.co.id/mobil-bekas-dijual/indonesia_jambi?page_size=25&page_number=21",21,"indonesia_jambi?page_size=25&page_number=21","https://www.carmudi.co.id/mobil-bekas-dijual/indonesia_jambi?page_size=25&page_number=21"
936,"https://www.carmudi.co.id/mobil-bekas-dijual/indonesia_sulawesi-selatan?page_size=25&page_number=21",21,"indonesia_sulawesi-selatan?page_size=25&page_number=21","https://www.carmudi.co.id/mobil-bekas-dijual/indonesia_sulawesi-selatan?page_size=25&page_number=21"
937,"https://www.carmudi.co.id/mobil-bekas-dijual/indonesia_nangroe-aceh-darussalam?page_size=25&page_number=21",21,"indonesia_nangroe-aceh-darussalam?page_size=25&page_number=21","https://www.carmudi.co.id/mobil-bekas-dijual/indonesia_nangroe-aceh-darussalam?page_size=25&page_number=21"
938,"https://www.carmudi.co.id/mobil-bekas-dijual/indonesia_sulawesi-utara?page_size=25&page_number=21",21,"indonesia_sulawesi-utara?page_size=25&page_number=21","https://www.carmudi.co.id/mobil-bekas-dijual/indonesia_sulawesi-utara?page_size=25&page_number=21"
939,"https://www.carmudi.co.id/mobil-bekas-dijual/indonesia_kalimantan-timur?page_size=25&page_number=21",21,"indonesia_kalimantan-timur?page_size=25&page_number=21","https://www.carmudi.co.id/mobil-bekas-dijual/indonesia_kalimantan-timur?page_size=25&page_number=21"
940,"https://www.carmudi.co.id/mobil-bekas-dijual/indonesia_nusa-tenggara-barat?page_size=25&page_number=21",21,"indonesia_nusa-tenggara-barat?page_size=25&page_number=21","https://www.carmudi.co.id/mobil-bekas-dijual/indonesia_nusa-tenggara-barat?page_size=25&page_number=21"
941,"https://www.carmudi.co.id/mobil-bekas-dijual/indonesia_sulawesi-tengah?page_size=25&page_number=21",21,"indonesia_sulawesi-tengah?page_size=25&page_number=21","https://www.carmudi.co.id/mobil-bekas-dijual/indonesia_sulawesi-tengah?page_size=25&page_number=21"
942,"https://www.carmudi.co.id/mobil-bekas-dijual/indonesia_kalimantan-barat?page_size=25&page_number=21",21,"indonesia_kalimantan-barat?page_size=25&page_number=21","https://www.carmudi.co.id/mobil-bekas-dijual/indonesia_kalimantan-barat?page_size=25&page_number=21"
943,"https://www.carmudi.co.id/mobil-bekas-dijual/indonesia_maluku?page_size=25&page_number=21",21,"indonesia_maluku?page_size=25&page_number=21","https://www.carmudi.co.id/mobil-bekas-dijual/indonesia_maluku?page_size=25&page_number=21"
944,"https://www.carmudi.co.id/mobil-bekas-dijual/indonesia_maluku-utara?page_size=25&page_number=21",21,"indonesia_maluku-utara?page_size=25&page_number=21","https://www.carmudi.co.id/mobil-bekas-dijual/indonesia_maluku-utara?page_size=25&page_number=21"
945,"https://www.carmudi.co.id/mobil-bekas-dijual/indonesia_sulawesi-barat?page_size=25&page_number=21",21,"indonesia_sulawesi-barat?page_size=25&page_number=21","https://www.carmudi.co.id/mobil-bekas-dijual/indonesia_sulawesi-barat?page_size=25&page_number=21"
946,"https://www.carmudi.co.id/mobil-bekas-dijual/indonesia_sulawesi-tenggara?page_size=25&page_number=21",21,"indonesia_sulawesi-tenggara?page_size=25&page_number=21","https://www.carmudi.co.id/mobil-bekas-dijual/indonesia_sulawesi-tenggara?page_size=25&page_number=21"
947,"https://www.carmudi.co.id/mobil-bekas-dijual/indonesia?page_number=22&page_size=25",22,"indonesia?page_number=22&page_size=25","https://www.carmudi.co.id/mobil-bekas-dijual/indonesia?page_number=22&page_size=25"
948,"https://www.carmudi.co.id/mobil-bekas-dijual/indonesia?page_size=25&page_number=22",22,"indonesia?page_size=25&page_number=22","https://www.carmudi.co.id/mobil-bekas-dijual/indonesia?page_size=25&page_number=22"
949,"https://www.carmudi.co.id/mobil-bekas-dijual/indonesia?transmission=automatic&page_size=25&page_number=22",22,"indonesia?transmission=automatic&page_size=25&page_number=22","https://www.carmudi.co.id/mobil-bekas-dijual/indonesia?transmission=automatic&page_size=25&page_number=22"
950,"https://www.carmudi.co.id/mobil-bekas-dijual/indonesia?transmission=manual&page_size=25&page_number=22",22,"indonesia?transmission=manual&page_size=25&page_number=22","https://www.carmudi.co.id/mobil-bekas-dijual/indonesia?transmission=manual&page_size=25&page_number=22"
951,"https://www.carmudi.co.id/mobil-bekas-dijual/indonesia?page_size=25&page_number=22&sort=best.match",22,"indonesia?page_size=25&page_number=22&sort=best.match","https://www.carmudi.co.id/mobil-bekas-dijual/indonesia?page_size=25&page_number=22&sort=best.match"
952,"https://www.carmudi.co.id/mobil-bekas-dijual/indonesia?page_size=25&page_number=22&sort=modification_date_search.desc",22,"indonesia?page_size=25&page_number=22&sort=modification_date_search.desc","https://www.carmudi.co.id/mobil-bekas-dijual/indonesia?page_size=25&page_number=22&sort=modification_date_search.desc"
953,"https://www.carmudi.co.id/mobil-bekas-dijual/indonesia?page_size=25&page_number=22&sort=price.asc",22,"indonesia?page_size=25&page_number=22&sort=price.asc","https://www.carmudi.co.id/mobil-bekas-dijual/indonesia?page_size=25&page_number=22&sort=price.asc"
954,"https://www.carmudi.co.id/mobil-bekas-dijual/indonesia?page_size=25&page_number=22&sort=price.desc",22,"indonesia?page_size=25&page_number=22&sort=price.desc","https://www.carmudi.co.id/mobil-bekas-dijual/indonesia?page_size=25&page_number=22&sort=price.desc"
955,"https://www.carmudi.co.id/mobil-bekas-dijual/indonesia?page_size=25&page_number=22&sort=year.desc",22,"indonesia?page_size=25&page_number=22&sort=year.desc","https://www.carmudi.co.id/mobil-bekas-dijual/indonesia?page_size=25&page_number=22&sort=year.desc"
956,"https://www.carmudi.co.id/mobil-bekas-dijual/indonesia?page_size=25&page_number=22&sort=year.asc",22,"indonesia?page_size=25&page_number=22&sort=year.asc","https://www.carmudi.co.id/mobil-bekas-dijual/indonesia?page_size=25&page_number=22&sort=year.asc"
957,"https://www.carmudi.co.id/mobil-bekas-dijual/indonesia?page_size=25&page_number=22&sort=mileage.asc",22,"indonesia?page_size=25&page_number=22&sort=mileage.asc","https://www.carmudi.co.id/mobil-bekas-dijual/indonesia?page_size=25&page_number=22&sort=mileage.asc"
958,"https://www.carmudi.co.id/mobil-bekas-dijual/indonesia?page_size=25&page_number=22&sort=mileage.desc",22,"indonesia?page_size=25&page_number=22&sort=mileage.desc","https://www.carmudi.co.id/mobil-bekas-dijual/indonesia?page_size=25&page_number=22&sort=mileage.desc"
959,"https://www.carmudi.co.id/mobil-bekas-dijual/indonesia_jabodetabek?page_size=25&page_number=22",22,"indonesia_jabodetabek?page_size=25&page_number=22","https://www.carmudi.co.id/mobil-bekas-dijual/indonesia_jabodetabek?page_size=25&page_number=22"
960,"https://www.carmudi.co.id/mobil-bekas-dijual/indonesia_dki-jakarta?page_size=25&page_number=22",22,"indonesia_dki-jakarta?page_size=25&page_number=22","https://www.carmudi.co.id/mobil-bekas-dijual/indonesia_dki-jakarta?page_size=25&page_number=22"
961,"https://www.carmudi.co.id/mobil-bekas-dijual/indonesia_banten?page_size=25&page_number=22",22,"indonesia_banten?page_size=25&page_number=22","https://www.carmudi.co.id/mobil-bekas-dijual/indonesia_banten?page_size=25&page_number=22"
962,"https://www.carmudi.co.id/mobil-bekas-dijual/indonesia_jawa-barat?page_size=25&page_number=22",22,"indonesia_jawa-barat?page_size=25&page_number=22","https://www.carmudi.co.id/mobil-bekas-dijual/indonesia_jawa-barat?page_size=25&page_number=22"
963,"https://www.carmudi.co.id/mobil-bekas-dijual/indonesia_jawa-timur?page_size=25&page_number=22",22,"indonesia_jawa-timur?page_size=25&page_number=22","https://www.carmudi.co.id/mobil-bekas-dijual/indonesia_jawa-timur?page_size=25&page_number=22"
964,"https://www.carmudi.co.id/mobil-bekas-dijual/indonesia_jawa-tengah?page_size=25&page_number=22",22,"indonesia_jawa-tengah?page_size=25&page_number=22","https://www.carmudi.co.id/mobil-bekas-dijual/indonesia_jawa-tengah?page_size=25&page_number=22"
965,"https://www.carmudi.co.id/mobil-bekas-dijual/indonesia_yogyakarta?page_size=25&page_number=22",22,"indonesia_yogyakarta?page_size=25&page_number=22","https://www.carmudi.co.id/mobil-bekas-dijual/indonesia_yogyakarta?page_size=25&page_number=22"
966,"https://www.carmudi.co.id/mobil-bekas-dijual/indonesia_sumatera-utara?page_size=25&page_number=22",22,"indonesia_sumatera-utara?page_size=25&page_number=22","https://www.carmudi.co.id/mobil-bekas-dijual/indonesia_sumatera-utara?page_size=25&page_number=22"
967,"https://www.carmudi.co.id/mobil-bekas-dijual/indonesia_bali?page_size=25&page_number=22",22,"indonesia_bali?page_size=25&page_number=22","https://www.carmudi.co.id/mobil-bekas-dijual/indonesia_bali?page_size=25&page_number=22"
968,"https://www.carmudi.co.id/mobil-bekas-dijual/indonesia_lampung?page_size=25&page_number=22",22,"indonesia_lampung?page_size=25&page_number=22","https://www.carmudi.co.id/mobil-bekas-dijual/indonesia_lampung?page_size=25&page_number=22"
969,"https://www.carmudi.co.id/mobil-bekas-dijual/indonesia_gorontalo?page_size=25&page_number=22",22,"indonesia_gorontalo?page_size=25&page_number=22","https://www.carmudi.co.id/mobil-bekas-dijual/indonesia_gorontalo?page_size=25&page_number=22"
970,"https://www.carmudi.co.id/mobil-bekas-dijual/indonesia_riau?page_size=25&page_number=22",22,"indonesia_riau?page_size=25&page_number=22","https://www.carmudi.co.id/mobil-bekas-dijual/indonesia_riau?page_size=25&page_number=22"
971,"https://www.carmudi.co.id/mobil-bekas-dijual/indonesia_sumatera-selatan?page_size=25&page_number=22",22,"indonesia_sumatera-selatan?page_size=25&page_number=22","https://www.carmudi.co.id/mobil-bekas-dijual/indonesia_sumatera-selatan?page_size=25&page_number=22"
972,"https://www.carmudi.co.id/mobil-bekas-dijual/indonesia_sumatera-barat?page_size=25&page_number=22",22,"indonesia_sumatera-barat?page_size=25&page_number=22","https://www.carmudi.co.id/mobil-bekas-dijual/indonesia_sumatera-barat?page_size=25&page_number=22"
973,"https://www.carmudi.co.id/mobil-bekas-dijual/indonesia_jambi?page_size=25&page_number=22",22,"indonesia_jambi?page_size=25&page_number=22","https://www.carmudi.co.id/mobil-bekas-dijual/indonesia_jambi?page_size=25&page_number=22"
974,"https://www.carmudi.co.id/mobil-bekas-dijual/indonesia_sulawesi-selatan?page_size=25&page_number=22",22,"indonesia_sulawesi-selatan?page_size=25&page_number=22","https://www.carmudi.co.id/mobil-bekas-dijual/indonesia_sulawesi-selatan?page_size=25&page_number=22"
975,"https://www.carmudi.co.id/mobil-bekas-dijual/indonesia_nangroe-aceh-darussalam?page_size=25&page_number=22",22,"indonesia_nangroe-aceh-darussalam?page_size=25&page_number=22","https://www.carmudi.co.id/mobil-bekas-dijual/indonesia_nangroe-aceh-darussalam?page_size=25&page_number=22"
976,"https://www.carmudi.co.id/mobil-bekas-dijual/indonesia_sulawesi-utara?page_size=25&page_number=22",22,"indonesia_sulawesi-utara?page_size=25&page_number=22","https://www.carmudi.co.id/mobil-bekas-dijual/indonesia_sulawesi-utara?page_size=25&page_number=22"
977,"https://www.carmudi.co.id/mobil-bekas-dijual/indonesia_kalimantan-timur?page_size=25&page_number=22",22,"indonesia_kalimantan-timur?page_size=25&page_number=22","https://www.carmudi.co.id/mobil-bekas-dijual/indonesia_kalimantan-timur?page_size=25&page_number=22"
978,"https://www.carmudi.co.id/mobil-bekas-dijual/indonesia_nusa-tenggara-barat?page_size=25&page_number=22",22,"indonesia_nusa-tenggara-barat?page_size=25&page_number=22","https://www.carmudi.co.id/mobil-bekas-dijual/indonesia_nusa-tenggara-barat?page_size=25&page_number=22"
979,"https://www.carmudi.co.id/mobil-bekas-dijual/indonesia_sulawesi-tengah?page_size=25&page_number=22",22,"indonesia_sulawesi-tengah?page_size=25&page_number=22","https://www.carmudi.co.id/mobil-bekas-dijual/indonesia_sulawesi-tengah?page_size=25&page_number=22"
980,"https://www.carmudi.co.id/mobil-bekas-dijual/indonesia_kalimantan-barat?page_size=25&page_number=22",22,"indonesia_kalimantan-barat?page_size=25&page_number=22","https://www.carmudi.co.id/mobil-bekas-dijual/indonesia_kalimantan-barat?page_size=25&page_number=22"
981,"https://www.carmudi.co.id/mobil-bekas-dijual/indonesia_maluku?page_size=25&page_number=22",22,"indonesia_maluku?page_size=25&page_number=22","https://www.carmudi.co.id/mobil-bekas-dijual/indonesia_maluku?page_size=25&page_number=22"
982,"https://www.carmudi.co.id/mobil-bekas-dijual/indonesia_maluku-utara?page_size=25&page_number=22",22,"indonesia_maluku-utara?page_size=25&page_number=22","https://www.carmudi.co.id/mobil-bekas-dijual/indonesia_maluku-utara?page_size=25&page_number=22"
983,"https://www.carmudi.co.id/mobil-bekas-dijual/indonesia_sulawesi-barat?page_size=25&page_number=22",22,"indonesia_sulawesi-barat?page_size=25&page_number=22","https://www.carmudi.co.id/mobil-bekas-dijual/indonesia_sulawesi-barat?page_size=25&page_number=22"
984,"https://www.carmudi.co.id/mobil-bekas-dijual/indonesia_sulawesi-tenggara?page_size=25&page_number=22",22,"indonesia_sulawesi-tenggara?page_size=25&page_number=22","https://www.carmudi.co.id/mobil-bekas-dijual/indonesia_sulawesi-tenggara?page_size=25&page_number=22"
985,"https://www.carmudi.co.id/mobil-bekas-dijual/indonesia?page_number=23&page_size=25",23,"indonesia?page_number=23&page_size=25","https://www.carmudi.co.id/mobil-bekas-dijual/indonesia?page_number=23&page_size=25"
986,"https://www.carmudi.co.id/mobil-bekas-dijual/indonesia?page_size=25&page_number=23",23,"indonesia?page_size=25&page_number=23","https://www.carmudi.co.id/mobil-bekas-dijual/indonesia?page_size=25&page_number=23"
987,"https://www.carmudi.co.id/mobil-bekas-dijual/indonesia?transmission=automatic&page_size=25&page_number=23",23,"indonesia?transmission=automatic&page_size=25&page_number=23","https://www.carmudi.co.id/mobil-bekas-dijual/indonesia?transmission=automatic&page_size=25&page_number=23"
988,"https://www.carmudi.co.id/mobil-bekas-dijual/indonesia?transmission=manual&page_size=25&page_number=23",23,"indonesia?transmission=manual&page_size=25&page_number=23","https://www.carmudi.co.id/mobil-bekas-dijual/indonesia?transmission=manual&page_size=25&page_number=23"
989,"https://www.carmudi.co.id/mobil-bekas-dijual/indonesia?page_size=25&page_number=23&sort=best.match",23,"indonesia?page_size=25&page_number=23&sort=best.match","https://www.carmudi.co.id/mobil-bekas-dijual/indonesia?page_size=25&page_number=23&sort=best.match"
990,"https://www.carmudi.co.id/mobil-bekas-dijual/indonesia?page_size=25&page_number=23&sort=modification_date_search.desc",23,"indonesia?page_size=25&page_number=23&sort=modification_date_search.desc","https://www.carmudi.co.id/mobil-bekas-dijual/indonesia?page_size=25&page_number=23&sort=modification_date_search.desc"
991,"https://www.carmudi.co.id/mobil-bekas-dijual/indonesia?page_size=25&page_number=23&sort=price.asc",23,"indonesia?page_size=25&page_number=23&sort=price.asc","https://www.carmudi.co.id/mobil-bekas-dijual/indonesia?page_size=25&page_number=23&sort=price.asc"
992,"https://www.carmudi.co.id/mobil-bekas-dijual/indonesia?page_size=25&page_number=23&sort=price.desc",23,"indonesia?page_size=25&page_number=23&sort=price.desc","https://www.carmudi.co.id/mobil-bekas-dijual/indonesia?page_size=25&page_number=23&sort=price.desc"
993,"https://www.carmudi.co.id/mobil-bekas-dijual/indonesia?page_size=25&page_number=23&sort=year.desc",23,"indonesia?page_size=25&page_number=23&sort=year.desc","https://www.carmudi.co.id/mobil-bekas-dijual/indonesia?page_size=25&page_number=23&sort=year.desc"
994,"https://www.carmudi.co.id/mobil-bekas-dijual/indonesia?page_size=25&page_number=23&sort=year.asc",23,"indonesia?page_size=25&page_number=23&sort=year.asc","https://www.carmudi.co.id/mobil-bekas-dijual/indonesia?page_size=25&page_number=23&sort=year.asc"
995,"https://www.carmudi.co.id/mobil-bekas-dijual/indonesia?page_size=25&page_number=23&sort=mileage.asc",23,"indonesia?page_size=25&page_number=23&sort=mileage.asc","https://www.carmudi.co.id/mobil-bekas-dijual/indonesia?page_size=25&page_number=23&sort=mileage.asc"
996,"https://www.carmudi.co.id/mobil-bekas-dijual/indonesia?page_size=25&page_number=23&sort=mileage.desc",23,"indonesia?page_size=25&page_number=23&sort=mileage.desc","https://www.carmudi.co.id/mobil-bekas-dijual/indonesia?page_size=25&page_number=23&sort=mileage.desc"
997,"https://www.carmudi.co.id/mobil-bekas-dijual/indonesia_jabodetabek?page_size=25&page_number=23",23,"indonesia_jabodetabek?page_size=25&page_number=23","https://www.carmudi.co.id/mobil-bekas-dijual/indonesia_jabodetabek?page_size=25&page_number=23"
998,"https://www.carmudi.co.id/mobil-bekas-dijual/indonesia_dki-jakarta?page_size=25&page_number=23",23,"indonesia_dki-jakarta?page_size=25&page_number=23","https://www.carmudi.co.id/mobil-bekas-dijual/indonesia_dki-jakarta?page_size=25&page_number=23"
999,"https://www.carmudi.co.id/mobil-bekas-dijual/indonesia_banten?page_size=25&page_number=23",23,"indonesia_banten?page_size=25&page_number=23","https://www.carmudi.co.id/mobil-bekas-dijual/indonesia_banten?page_size=25&page_number=23"
1000,"https://www.carmudi.co.id/mobil-bekas-dijual/indonesia_jawa-barat?page_size=25&page_number=23",23,"indonesia_jawa-barat?page_size=25&page_number=23","https://www.carmudi.co.id/mobil-bekas-dijual/indonesia_jawa-barat?page_size=25&page_number=23"
1001,"https://www.carmudi.co.id/mobil-bekas-dijual/indonesia_jawa-timur?page_size=25&page_number=23",23,"indonesia_jawa-timur?page_size=25&page_number=23","https://www.carmudi.co.id/mobil-bekas-dijual/indonesia_jawa-timur?page_size=25&page_number=23"
1002,"https://www.carmudi.co.id/mobil-bekas-dijual/indonesia_jawa-tengah?page_size=25&page_number=23",23,"indonesia_jawa-tengah?page_size=25&page_number=23","https://www.carmudi.co.id/mobil-bekas-dijual/indonesia_jawa-tengah?page_size=25&page_number=23"
1003,"https://www.carmudi.co.id/mobil-bekas-dijual/indonesia_yogyakarta?page_size=25&page_number=23",23,"indonesia_yogyakarta?page_size=25&page_number=23","https://www.carmudi.co.id/mobil-bekas-dijual/indonesia_yogyakarta?page_size=25&page_number=23"
1004,"https://www.carmudi.co.id/mobil-bekas-dijual/indonesia_sumatera-utara?page_size=25&page_number=23",23,"indonesia_sumatera-utara?page_size=25&page_number=23","https://www.carmudi.co.id/mobil-bekas-dijual/indonesia_sumatera-utara?page_size=25&page_number=23"
1005,"https://www.carmudi.co.id/mobil-bekas-dijual/indonesia_bali?page_size=25&page_number=23",23,"indonesia_bali?page_size=25&page_number=23","https://www.carmudi.co.id/mobil-bekas-dijual/indonesia_bali?page_size=25&page_number=23"
1006,"https://www.carmudi.co.id/mobil-bekas-dijual/indonesia_lampung?page_size=25&page_number=23",23,"indonesia_lampung?page_size=25&page_number=23","https://www.carmudi.co.id/mobil-bekas-dijual/indonesia_lampung?page_size=25&page_number=23"
1007,"https://www.carmudi.co.id/mobil-bekas-dijual/indonesia_gorontalo?page_size=25&page_number=23",23,"indonesia_gorontalo?page_size=25&page_number=23","https://www.carmudi.co.id/mobil-bekas-dijual/indonesia_gorontalo?page_size=25&page_number=23"
1008,"https://www.carmudi.co.id/mobil-bekas-dijual/indonesia_riau?page_size=25&page_number=23",23,"indonesia_riau?page_size=25&page_number=23","https://www.carmudi.co.id/mobil-bekas-dijual/indonesia_riau?page_size=25&page_number=23"
1009,"https://www.carmudi.co.id/mobil-bekas-dijual/indonesia_sumatera-selatan?page_size=25&page_number=23",23,"indonesia_sumatera-selatan?page_size=25&page_number=23","https://www.carmudi.co.id/mobil-bekas-dijual/indonesia_sumatera-selatan?page_size=25&page_number=23"
1010,"https://www.carmudi.co.id/mobil-bekas-dijual/indonesia_sumatera-barat?page_size=25&page_number=23",23,"indonesia_sumatera-barat?page_size=25&page_number=23","https://www.carmudi.co.id/mobil-bekas-dijual/indonesia_sumatera-barat?page_size=25&page_number=23"
1011,"https://www.carmudi.co.id/mobil-bekas-dijual/indonesia_jambi?page_size=25&page_number=23",23,"indonesia_jambi?page_size=25&page_number=23","https://www.carmudi.co.id/mobil-bekas-dijual/indonesia_jambi?page_size=25&page_number=23"
1012,"https://www.carmudi.co.id/mobil-bekas-dijual/indonesia_sulawesi-selatan?page_size=25&page_number=23",23,"indonesia_sulawesi-selatan?page_size=25&page_number=23","https://www.carmudi.co.id/mobil-bekas-dijual/indonesia_sulawesi-selatan?page_size=25&page_number=23"
1013,"https://www.carmudi.co.id/mobil-bekas-dijual/indonesia_nangroe-aceh-darussalam?page_size=25&page_number=23",23,"indonesia_nangroe-aceh-darussalam?page_size=25&page_number=23","https://www.carmudi.co.id/mobil-bekas-dijual/indonesia_nangroe-aceh-darussalam?page_size=25&page_number=23"
1014,"https://www.carmudi.co.id/mobil-bekas-dijual/indonesia_sulawesi-utara?page_size=25&page_number=23",23,"indonesia_sulawesi-utara?page_size=25&page_number=23","https://www.carmudi.co.id/mobil-bekas-dijual/indonesia_sulawesi-utara?page_size=25&page_number=23"
1015,"https://www.carmudi.co.id/mobil-bekas-dijual/indonesia_kalimantan-timur?page_size=25&page_number=23",23,"indonesia_kalimantan-timur?page_size=25&page_number=23","https://www.carmudi.co.id/mobil-bekas-dijual/indonesia_kalimantan-timur?page_size=25&page_number=23"
1016,"https://www.carmudi.co.id/mobil-bekas-dijual/indonesia_nusa-tenggara-barat?page_size=25&page_number=23",23,"indonesia_nusa-tenggara-barat?page_size=25&page_number=23","https://www.carmudi.co.id/mobil-bekas-dijual/indonesia_nusa-tenggara-barat?page_size=25&page_number=23"
1017,"https://www.carmudi.co.id/mobil-bekas-dijual/indonesia_sulawesi-tengah?page_size=25&page_number=23",23,"indonesia_sulawesi-tengah?page_size=25&page_number=23","https://www.carmudi.co.id/mobil-bekas-dijual/indonesia_sulawesi-tengah?page_size=25&page_number=23"
1018,"https://www.carmudi.co.id/mobil-bekas-dijual/indonesia_kalimantan-barat?page_size=25&page_number=23",23,"indonesia_kalimantan-barat?page_size=25&page_number=23","https://www.carmudi.co.id/mobil-bekas-dijual/indonesia_kalimantan-barat?page_size=25&page_number=23"
1019,"https://www.carmudi.co.id/mobil-bekas-dijual/indonesia_maluku?page_size=25&page_number=23",23,"indonesia_maluku?page_size=25&page_number=23","https://www.carmudi.co.id/mobil-bekas-dijual/indonesia_maluku?page_size=25&page_number=23"
1020,"https://www.carmudi.co.id/mobil-bekas-dijual/indonesia_maluku-utara?page_size=25&page_number=23",23,"indonesia_maluku-utara?page_size=25&page_number=23","https://www.carmudi.co.id/mobil-bekas-dijual/indonesia_maluku-utara?page_size=25&page_number=23"
1021,"https://www.carmudi.co.id/mobil-bekas-dijual/indonesia_sulawesi-barat?page_size=25&page_number=23",23,"indonesia_sulawesi-barat?page_size=25&page_number=23","https://www.carmudi.co.id/mobil-bekas-dijual/indonesia_sulawesi-barat?page_size=25&page_number=23"
1022,"https://www.carmudi.co.id/mobil-bekas-dijual/indonesia_sulawesi-tenggara?page_size=25&page_number=23",23,"indonesia_sulawesi-tenggara?page_size=25&page_number=23","https://www.carmudi.co.id/mobil-bekas-dijual/indonesia_sulawesi-tenggara?page_size=25&page_number=23"
1023,"https://www.carmudi.co.id/mobil-bekas-dijual/indonesia?page_number=24&page_size=25",24,"indonesia?page_number=24&page_size=25","https://www.carmudi.co.id/mobil-bekas-dijual/indonesia?page_number=24&page_size=25"
1024,"https://www.carmudi.co.id/mobil-bekas-dijual/indonesia?page_size=25&page_number=24",24,"indonesia?page_size=25&page_number=24","https://www.carmudi.co.id/mobil-bekas-dijual/indonesia?page_size=25&page_number=24"
1025,"https://www.carmudi.co.id/mobil-bekas-dijual/indonesia?transmission=automatic&page_size=25&page_number=24",24,"indonesia?transmission=automatic&page_size=25&page_number=24","https://www.carmudi.co.id/mobil-bekas-dijual/indonesia?transmission=automatic&page_size=25&page_number=24"
1026,"https://www.carmudi.co.id/mobil-bekas-dijual/indonesia?transmission=manual&page_size=25&page_number=24",24,"indonesia?transmission=manual&page_size=25&page_number=24","https://www.carmudi.co.id/mobil-bekas-dijual/indonesia?transmission=manual&page_size=25&page_number=24"
1027,"https://www.carmudi.co.id/mobil-bekas-dijual/indonesia?page_size=25&page_number=24&sort=best.match",24,"indonesia?page_size=25&page_number=24&sort=best.match","https://www.carmudi.co.id/mobil-bekas-dijual/indonesia?page_size=25&page_number=24&sort=best.match"
1028,"https://www.carmudi.co.id/mobil-bekas-dijual/indonesia?page_size=25&page_number=24&sort=modification_date_search.desc",24,"indonesia?page_size=25&page_number=24&sort=modification_date_search.desc","https://www.carmudi.co.id/mobil-bekas-dijual/indonesia?page_size=25&page_number=24&sort=modification_date_search.desc"
1029,"https://www.carmudi.co.id/mobil-bekas-dijual/indonesia?page_size=25&page_number=24&sort=price.asc",24,"indonesia?page_size=25&page_number=24&sort=price.asc","https://www.carmudi.co.id/mobil-bekas-dijual/indonesia?page_size=25&page_number=24&sort=price.asc"
1030,"https://www.carmudi.co.id/mobil-bekas-dijual/indonesia?page_size=25&page_number=24&sort=price.desc",24,"indonesia?page_size=25&page_number=24&sort=price.desc","https://www.carmudi.co.id/mobil-bekas-dijual/indonesia?page_size=25&page_number=24&sort=price.desc"
1031,"https://www.carmudi.co.id/mobil-bekas-dijual/indonesia?page_size=25&page_number=24&sort=year.desc",24,"indonesia?page_size=25&page_number=24&sort=year.desc","https://www.carmudi.co.id/mobil-bekas-dijual/indonesia?page_size=25&page_number=24&sort=year.desc"
1032,"https://www.carmudi.co.id/mobil-bekas-dijual/indonesia?page_size=25&page_number=24&sort=year.asc",24,"indonesia?page_size=25&page_number=24&sort=year.asc","https://www.carmudi.co.id/mobil-bekas-dijual/indonesia?page_size=25&page_number=24&sort=year.asc"
1033,"https://www.carmudi.co.id/mobil-bekas-dijual/indonesia?page_size=25&page_number=24&sort=mileage.asc",24,"indonesia?page_size=25&page_number=24&sort=mileage.asc","https://www.carmudi.co.id/mobil-bekas-dijual/indonesia?page_size=25&page_number=24&sort=mileage.asc"
1034,"https://www.carmudi.co.id/mobil-bekas-dijual/indonesia?page_size=25&page_number=24&sort=mileage.desc",24,"indonesia?page_size=25&page_number=24&sort=mileage.desc","https://www.carmudi.co.id/mobil-bekas-dijual/indonesia?page_size=25&page_number=24&sort=mileage.desc"
1035,"https://www.carmudi.co.id/mobil-bekas-dijual/indonesia_jabodetabek?page_size=25&page_number=24",24,"indonesia_jabodetabek?page_size=25&page_number=24","https://www.carmudi.co.id/mobil-bekas-dijual/indonesia_jabodetabek?page_size=25&page_number=24"
1036,"https://www.carmudi.co.id/mobil-bekas-dijual/indonesia_dki-jakarta?page_size=25&page_number=24",24,"indonesia_dki-jakarta?page_size=25&page_number=24","https://www.carmudi.co.id/mobil-bekas-dijual/indonesia_dki-jakarta?page_size=25&page_number=24"
1037,"https://www.carmudi.co.id/mobil-bekas-dijual/indonesia_banten?page_size=25&page_number=24",24,"indonesia_banten?page_size=25&page_number=24","https://www.carmudi.co.id/mobil-bekas-dijual/indonesia_banten?page_size=25&page_number=24"
1038,"https://www.carmudi.co.id/mobil-bekas-dijual/indonesia_jawa-barat?page_size=25&page_number=24",24,"indonesia_jawa-barat?page_size=25&page_number=24","https://www.carmudi.co.id/mobil-bekas-dijual/indonesia_jawa-barat?page_size=25&page_number=24"
1039,"https://www.carmudi.co.id/mobil-bekas-dijual/indonesia_jawa-timur?page_size=25&page_number=24",24,"indonesia_jawa-timur?page_size=25&page_number=24","https://www.carmudi.co.id/mobil-bekas-dijual/indonesia_jawa-timur?page_size=25&page_number=24"
1040,"https://www.carmudi.co.id/mobil-bekas-dijual/indonesia_jawa-tengah?page_size=25&page_number=24",24,"indonesia_jawa-tengah?page_size=25&page_number=24","https://www.carmudi.co.id/mobil-bekas-dijual/indonesia_jawa-tengah?page_size=25&page_number=24"
1041,"https://www.carmudi.co.id/mobil-bekas-dijual/indonesia_yogyakarta?page_size=25&page_number=24",24,"indonesia_yogyakarta?page_size=25&page_number=24","https://www.carmudi.co.id/mobil-bekas-dijual/indonesia_yogyakarta?page_size=25&page_number=24"
1042,"https://www.carmudi.co.id/mobil-bekas-dijual/indonesia_sumatera-utara?page_size=25&page_number=24",24,"indonesia_sumatera-utara?page_size=25&page_number=24","https://www.carmudi.co.id/mobil-bekas-dijual/indonesia_sumatera-utara?page_size=25&page_number=24"
1043,"https://www.carmudi.co.id/mobil-bekas-dijual/indonesia_bali?page_size=25&page_number=24",24,"indonesia_bali?page_size=25&page_number=24","https://www.carmudi.co.id/mobil-bekas-dijual/indonesia_bali?page_size=25&page_number=24"
1044,"https://www.carmudi.co.id/mobil-bekas-dijual/indonesia_lampung?page_size=25&page_number=24",24,"indonesia_lampung?page_size=25&page_number=24","https://www.carmudi.co.id/mobil-bekas-dijual/indonesia_lampung?page_size=25&page_number=24"
1045,"https://www.carmudi.co.id/mobil-bekas-dijual/indonesia_gorontalo?page_size=25&page_number=24",24,"indonesia_gorontalo?page_size=25&page_number=24","https://www.carmudi.co.id/mobil-bekas-dijual/indonesia_gorontalo?page_size=25&page_number=24"
1046,"https://www.carmudi.co.id/mobil-bekas-dijual/indonesia_riau?page_size=25&page_number=24",24,"indonesia_riau?page_size=25&page_number=24","https://www.carmudi.co.id/mobil-bekas-dijual/indonesia_riau?page_size=25&page_number=24"
1047,"https://www.carmudi.co.id/mobil-bekas-dijual/indonesia_sumatera-selatan?page_size=25&page_number=24",24,"indonesia_sumatera-selatan?page_size=25&page_number=24","https://www.carmudi.co.id/mobil-bekas-dijual/indonesia_sumatera-selatan?page_size=25&page_number=24"
1048,"https://www.carmudi.co.id/mobil-bekas-dijual/indonesia_sumatera-barat?page_size=25&page_number=24",24,"indonesia_sumatera-barat?page_size=25&page_number=24","https://www.carmudi.co.id/mobil-bekas-dijual/indonesia_sumatera-barat?page_size=25&page_number=24"
1049,"https://www.carmudi.co.id/mobil-bekas-dijual/indonesia_jambi?page_size=25&page_number=24",24,"indonesia_jambi?page_size=25&page_number=24","https://www.carmudi.co.id/mobil-bekas-dijual/indonesia_jambi?page_size=25&page_number=24"
1050,"https://www.carmudi.co.id/mobil-bekas-dijual/indonesia_sulawesi-selatan?page_size=25&page_number=24",24,"indonesia_sulawesi-selatan?page_size=25&page_number=24","https://www.carmudi.co.id/mobil-bekas-dijual/indonesia_sulawesi-selatan?page_size=25&page_number=24"
1051,"https://www.carmudi.co.id/mobil-bekas-dijual/indonesia_nangroe-aceh-darussalam?page_size=25&page_number=24",24,"indonesia_nangroe-aceh-darussalam?page_size=25&page_number=24","https://www.carmudi.co.id/mobil-bekas-dijual/indonesia_nangroe-aceh-darussalam?page_size=25&page_number=24"
1052,"https://www.carmudi.co.id/mobil-bekas-dijual/indonesia_sulawesi-utara?page_size=25&page_number=24",24,"indonesia_sulawesi-utara?page_size=25&page_number=24","https://www.carmudi.co.id/mobil-bekas-dijual/indonesia_sulawesi-utara?page_size=25&page_number=24"
1053,"https://www.carmudi.co.id/mobil-bekas-dijual/indonesia_kalimantan-timur?page_size=25&page_number=24",24,"indonesia_kalimantan-timur?page_size=25&page_number=24","https://www.carmudi.co.id/mobil-bekas-dijual/indonesia_kalimantan-timur?page_size=25&page_number=24"
1054,"https://www.carmudi.co.id/mobil-bekas-dijual/indonesia_nusa-tenggara-barat?page_size=25&page_number=24",24,"indonesia_nusa-tenggara-barat?page_size=25&page_number=24","https://www.carmudi.co.id/mobil-bekas-dijual/indonesia_nusa-tenggara-barat?page_size=25&page_number=24"
1055,"https://www.carmudi.co.id/mobil-bekas-dijual/indonesia_sulawesi-tengah?page_size=25&page_number=24",24,"indonesia_sulawesi-tengah?page_size=25&page_number=24","https://www.carmudi.co.id/mobil-bekas-dijual/indonesia_sulawesi-tengah?page_size=25&page_number=24"
1056,"https://www.carmudi.co.id/mobil-bekas-dijual/indonesia_kalimantan-barat?page_size=25&page_number=24",24,"indonesia_kalimantan-barat?page_size=25&page_number=24","https://www.carmudi.co.id/mobil-bekas-dijual/indonesia_kalimantan-barat?page_size=25&page_number=24"
1057,"https://www.carmudi.co.id/mobil-bekas-dijual/indonesia_maluku?page_size=25&page_number=24",24,"indonesia_maluku?page_size=25&page_number=24","https://www.carmudi.co.id/mobil-bekas-dijual/indonesia_maluku?page_size=25&page_number=24"
1058,"https://www.carmudi.co.id/mobil-bekas-dijual/indonesia_maluku-utara?page_size=25&page_number=24",24,"indonesia_maluku-utara?page_size=25&page_number=24","https://www.carmudi.co.id/mobil-bekas-dijual/indonesia_maluku-utara?page_size=25&page_number=24"
1059,"https://www.carmudi.co.id/mobil-bekas-dijual/indonesia_sulawesi-barat?page_size=25&page_number=24",24,"indonesia_sulawesi-barat?page_size=25&page_number=24","https://www.carmudi.co.id/mobil-bekas-dijual/indonesia_sulawesi-barat?page_size=25&page_number=24"
1060,"https://www.carmudi.co.id/mobil-bekas-dijual/indonesia_sulawesi-tenggara?page_size=25&page_number=24",24,"indonesia_sulawesi-tenggara?page_size=25&page_number=24","https://www.carmudi.co.id/mobil-bekas-dijual/indonesia_sulawesi-tenggara?page_size=25&page_number=24"
1061,"https://www.carmudi.co.id/mobil-bekas-dijual/indonesia?page_number=25&page_size=25",25,"indonesia?page_number=25&page_size=25","https://www.carmudi.co.id/mobil-bekas-dijual/indonesia?page_number=25&page_size=25"
1062,"https://www.carmudi.co.id/mobil-bekas-dijual/indonesia?page_size=25&page_number=25",25,"indonesia?page_size=25&page_number=25","https://www.carmudi.co.id/mobil-bekas-dijual/indonesia?page_size=25&page_number=25"
1063,"https://www.carmudi.co.id/mobil-bekas-dijual/indonesia?transmission=automatic&page_size=25&page_number=25",25,"indonesia?transmission=automatic&page_size=25&page_number=25","https://www.carmudi.co.id/mobil-bekas-dijual/indonesia?transmission=automatic&page_size=25&page_number=25"
1064,"https://www.carmudi.co.id/mobil-bekas-dijual/indonesia?transmission=manual&page_size=25&page_number=25",25,"indonesia?transmission=manual&page_size=25&page_number=25","https://www.carmudi.co.id/mobil-bekas-dijual/indonesia?transmission=manual&page_size=25&page_number=25"
1065,"https://www.carmudi.co.id/mobil-bekas-dijual/indonesia?page_size=25&page_number=25&sort=best.match",25,"indonesia?page_size=25&page_number=25&sort=best.match","https://www.carmudi.co.id/mobil-bekas-dijual/indonesia?page_size=25&page_number=25&sort=best.match"
1066,"https://www.carmudi.co.id/mobil-bekas-dijual/indonesia?page_size=25&page_number=25&sort=modification_date_search.desc",25,"indonesia?page_size=25&page_number=25&sort=modification_date_search.desc","https://www.carmudi.co.id/mobil-bekas-dijual/indonesia?page_size=25&page_number=25&sort=modification_date_search.desc"
1067,"https://www.carmudi.co.id/mobil-bekas-dijual/indonesia?page_size=25&page_number=25&sort=price.asc",25,"indonesia?page_size=25&page_number=25&sort=price.asc","https://www.carmudi.co.id/mobil-bekas-dijual/indonesia?page_size=25&page_number=25&sort=price.asc"
1068,"https://www.carmudi.co.id/mobil-bekas-dijual/indonesia?page_size=25&page_number=25&sort=price.desc",25,"indonesia?page_size=25&page_number=25&sort=price.desc","https://www.carmudi.co.id/mobil-bekas-dijual/indonesia?page_size=25&page_number=25&sort=price.desc"
1069,"https://www.carmudi.co.id/mobil-bekas-dijual/indonesia?page_size=25&page_number=25&sort=year.desc",25,"indonesia?page_size=25&page_number=25&sort=year.desc","https://www.carmudi.co.id/mobil-bekas-dijual/indonesia?page_size=25&page_number=25&sort=year.desc"
1070,"https://www.carmudi.co.id/mobil-bekas-dijual/indonesia?page_size=25&page_number=25&sort=year.asc",25,"indonesia?page_size=25&page_number=25&sort=year.asc","https://www.carmudi.co.id/mobil-bekas-dijual/indonesia?page_size=25&page_number=25&sort=year.asc"
1071,"https://www.carmudi.co.id/mobil-bekas-dijual/indonesia?page_size=25&page_number=25&sort=mileage.asc",25,"indonesia?page_size=25&page_number=25&sort=mileage.asc","https://www.carmudi.co.id/mobil-bekas-dijual/indonesia?page_size=25&page_number=25&sort=mileage.asc"
1072,"https://www.carmudi.co.id/mobil-bekas-dijual/indonesia?page_size=25&page_number=25&sort=mileage.desc",25,"indonesia?page_size=25&page_number=25&sort=mileage.desc","https://www.carmudi.co.id/mobil-bekas-dijual/indonesia?page_size=25&page_number=25&sort=mileage.desc"
1073,"https://www.carmudi.co.id/mobil-bekas-dijual/indonesia_jabodetabek?page_size=25&page_number=25",25,"indonesia_jabodetabek?page_size=25&page_number=25","https://www.carmudi.co.id/mobil-bekas-dijual/indonesia_jabodetabek?page_size=25&page_number=25"
1074,"https://www.carmudi.co.id/mobil-bekas-dijual/indonesia_dki-jakarta?page_size=25&page_number=25",25,"indonesia_dki-jakarta?page_size=25&page_number=25","https://www.carmudi.co.id/mobil-bekas-dijual/indonesia_dki-jakarta?page_size=25&page_number=25"
1075,"https://www.carmudi.co.id/mobil-bekas-dijual/indonesia_banten?page_size=25&page_number=25",25,"indonesia_banten?page_size=25&page_number=25","https://www.carmudi.co.id/mobil-bekas-dijual/indonesia_banten?page_size=25&page_number=25"
1076,"https://www.carmudi.co.id/mobil-bekas-dijual/indonesia_jawa-barat?page_size=25&page_number=25",25,"indonesia_jawa-barat?page_size=25&page_number=25","https://www.carmudi.co.id/mobil-bekas-dijual/indonesia_jawa-barat?page_size=25&page_number=25"
1077,"https://www.carmudi.co.id/mobil-bekas-dijual/indonesia_jawa-timur?page_size=25&page_number=25",25,"indonesia_jawa-timur?page_size=25&page_number=25","https://www.carmudi.co.id/mobil-bekas-dijual/indonesia_jawa-timur?page_size=25&page_number=25"
1078,"https://www.carmudi.co.id/mobil-bekas-dijual/indonesia_jawa-tengah?page_size=25&page_number=25",25,"indonesia_jawa-tengah?page_size=25&page_number=25","https://www.carmudi.co.id/mobil-bekas-dijual/indonesia_jawa-tengah?page_size=25&page_number=25"
1079,"https://www.carmudi.co.id/mobil-bekas-dijual/indonesia_yogyakarta?page_size=25&page_number=25",25,"indonesia_yogyakarta?page_size=25&page_number=25","https://www.carmudi.co.id/mobil-bekas-dijual/indonesia_yogyakarta?page_size=25&page_number=25"
1080,"https://www.carmudi.co.id/mobil-bekas-dijual/indonesia_sumatera-utara?page_size=25&page_number=25",25,"indonesia_sumatera-utara?page_size=25&page_number=25","https://www.carmudi.co.id/mobil-bekas-dijual/indonesia_sumatera-utara?page_size=25&page_number=25"
1081,"https://www.carmudi.co.id/mobil-bekas-dijual/indonesia_bali?page_size=25&page_number=25",25,"indonesia_bali?page_size=25&page_number=25","https://www.carmudi.co.id/mobil-bekas-dijual/indonesia_bali?page_size=25&page_number=25"
1082,"https://www.carmudi.co.id/mobil-bekas-dijual/indonesia_lampung?page_size=25&page_number=25",25,"indonesia_lampung?page_size=25&page_number=25","https://www.carmudi.co.id/mobil-bekas-dijual/indonesia_lampung?page_size=25&page_number=25"
1083,"https://www.carmudi.co.id/mobil-bekas-dijual/indonesia_gorontalo?page_size=25&page_number=25",25,"indonesia_gorontalo?page_size=25&page_number=25","https://www.carmudi.co.id/mobil-bekas-dijual/indonesia_gorontalo?page_size=25&page_number=25"
1084,"https://www.carmudi.co.id/mobil-bekas-dijual/indonesia_riau?page_size=25&page_number=25",25,"indonesia_riau?page_size=25&page_number=25","https://www.carmudi.co.id/mobil-bekas-dijual/indonesia_riau?page_size=25&page_number=25"
1085,"https://www.carmudi.co.id/mobil-bekas-dijual/indonesia_sumatera-selatan?page_size=25&page_number=25",25,"indonesia_sumatera-selatan?page_size=25&page_number=25","https://www.carmudi.co.id/mobil-bekas-dijual/indonesia_sumatera-selatan?page_size=25&page_number=25"
1086,"https://www.carmudi.co.id/mobil-bekas-dijual/indonesia_sumatera-barat?page_size=25&page_number=25",25,"indonesia_sumatera-barat?page_size=25&page_number=25","https://www.carmudi.co.id/mobil-bekas-dijual/indonesia_sumatera-barat?page_size=25&page_number=25"
1087,"https://www.carmudi.co.id/mobil-bekas-dijual/indonesia_jambi?page_size=25&page_number=25",25,"indonesia_jambi?page_size=25&page_number=25","https://www.carmudi.co.id/mobil-bekas-dijual/indonesia_jambi?page_size=25&page_number=25"
1088,"https://www.carmudi.co.id/mobil-bekas-dijual/indonesia_sulawesi-selatan?page_size=25&page_number=25",25,"indonesia_sulawesi-selatan?page_size=25&page_number=25","https://www.carmudi.co.id/mobil-bekas-dijual/indonesia_sulawesi-selatan?page_size=25&page_number=25"
1089,"https://www.carmudi.co.id/mobil-bekas-dijual/indonesia_nangroe-aceh-darussalam?page_size=25&page_number=25",25,"indonesia_nangroe-aceh-darussalam?page_size=25&page_number=25","https://www.carmudi.co.id/mobil-bekas-dijual/indonesia_nangroe-aceh-darussalam?page_size=25&page_number=25"
1090,"https://www.carmudi.co.id/mobil-bekas-dijual/indonesia_sulawesi-utara?page_size=25&page_number=25",25,"indonesia_sulawesi-utara?page_size=25&page_number=25","https://www.carmudi.co.id/mobil-bekas-dijual/indonesia_sulawesi-utara?page_size=25&page_number=25"
1091,"https://www.carmudi.co.id/mobil-bekas-dijual/indonesia_kalimantan-timur?page_size=25&page_number=25",25,"indonesia_kalimantan-timur?page_size=25&page_number=25","https://www.carmudi.co.id/mobil-bekas-dijual/indonesia_kalimantan-timur?page_size=25&page_number=25"
1092,"https://www.carmudi.co.id/mobil-bekas-dijual/indonesia_nusa-tenggara-barat?page_size=25&page_number=25",25,"indonesia_nusa-tenggara-barat?page_size=25&page_number=25","https://www.carmudi.co.id/mobil-bekas-dijual/indonesia_nusa-tenggara-barat?page_size=25&page_number=25"
1093,"https://www.carmudi.co.id/mobil-bekas-dijual/indonesia_sulawesi-tengah?page_size=25&page_number=25",25,"indonesia_sulawesi-tengah?page_size=25&page_number=25","https://www.carmudi.co.id/mobil-bekas-dijual/indonesia_sulawesi-tengah?page_size=25&page_number=25"
1094,"https://www.carmudi.co.id/mobil-bekas-dijual/indonesia_kalimantan-barat?page_size=25&page_number=25",25,"indonesia_kalimantan-barat?page_size=25&page_number=25","https://www.carmudi.co.id/mobil-bekas-dijual/indonesia_kalimantan-barat?page_size=25&page_number=25"
1095,"https://www.carmudi.co.id/mobil-bekas-dijual/indonesia_maluku?page_size=25&page_number=25",25,"indonesia_maluku?page_size=25&page_number=25","https://www.carmudi.co.id/mobil-bekas-dijual/indonesia_maluku?page_size=25&page_number=25"
1096,"https://www.carmudi.co.id/mobil-bekas-dijual/indonesia_maluku-utara?page_size=25&page_number=25",25,"indonesia_maluku-utara?page_size=25&page_number=25","https://www.carmudi.co.id/mobil-bekas-dijual/indonesia_maluku-utara?page_size=25&page_number=25"
1097,"https://www.carmudi.co.id/mobil-bekas-dijual/indonesia_sulawesi-barat?page_size=25&page_number=25",25,"indonesia_sulawesi-barat?page_size=25&page_number=25","https://www.carmudi.co.id/mobil-bekas-dijual/indonesia_sulawesi-barat?page_size=25&page_number=25"
1098,"https://www.carmudi.co.id/mobil-bekas-dijual/indonesia_sulawesi-tenggara?page_size=25&page_number=25",25,"indonesia_sulawesi-tenggara?page_size=25&page_number=25","https://www.carmudi.co.id/mobil-bekas-dijual/indonesia_sulawesi-tenggara?page_size=25&page_number=25"
1099,"https://www.carmudi.co.id/mobil-bekas-dijual/indonesia?page_number=26&page_size=25",26,"indonesia?page_number=26&page_size=25","https://www.carmudi.co.id/mobil-bekas-dijual/indonesia?page_number=26&page_size=25"
1100,"https://www.carmudi.co.id/mobil-bekas-dijual/indonesia?page_size=25&page_number=26",26,"indonesia?page_size=25&page_number=26","https://www.carmudi.co.id/mobil-bekas-dijual/indonesia?page_size=25&page_number=26"
1101,"https://www.carmudi.co.id/mobil-bekas-dijual/indonesia?transmission=automatic&page_size=25&page_number=26",26,"indonesia?transmission=automatic&page_size=25&page_number=26","https://www.carmudi.co.id/mobil-bekas-dijual/indonesia?transmission=automatic&page_size=25&page_number=26"
1102,"https://www.carmudi.co.id/mobil-bekas-dijual/indonesia?transmission=manual&page_size=25&page_number=26",26,"indonesia?transmission=manual&page_size=25&page_number=26","https://www.carmudi.co.id/mobil-bekas-dijual/indonesia?transmission=manual&page_size=25&page_number=26"
1103,"https://www.carmudi.co.id/mobil-bekas-dijual/indonesia?page_size=25&page_number=26&sort=best.match",26,"indonesia?page_size=25&page_number=26&sort=best.match","https://www.carmudi.co.id/mobil-bekas-dijual/indonesia?page_size=25&page_number=26&sort=best.match"
1104,"https://www.carmudi.co.id/mobil-bekas-dijual/indonesia?page_size=25&page_number=26&sort=modification_date_search.desc",26,"indonesia?page_size=25&page_number=26&sort=modification_date_search.desc","https://www.carmudi.co.id/mobil-bekas-dijual/indonesia?page_size=25&page_number=26&sort=modification_date_search.desc"
1105,"https://www.carmudi.co.id/mobil-bekas-dijual/indonesia?page_size=25&page_number=26&sort=price.asc",26,"indonesia?page_size=25&page_number=26&sort=price.asc","https://www.carmudi.co.id/mobil-bekas-dijual/indonesia?page_size=25&page_number=26&sort=price.asc"
1106,"https://www.carmudi.co.id/mobil-bekas-dijual/indonesia?page_size=25&page_number=26&sort=price.desc",26,"indonesia?page_size=25&page_number=26&sort=price.desc","https://www.carmudi.co.id/mobil-bekas-dijual/indonesia?page_size=25&page_number=26&sort=price.desc"
1107,"https://www.carmudi.co.id/mobil-bekas-dijual/indonesia?page_size=25&page_number=26&sort=year.desc",26,"indonesia?page_size=25&page_number=26&sort=year.desc","https://www.carmudi.co.id/mobil-bekas-dijual/indonesia?page_size=25&page_number=26&sort=year.desc"
1108,"https://www.carmudi.co.id/mobil-bekas-dijual/indonesia?page_size=25&page_number=26&sort=year.asc",26,"indonesia?page_size=25&page_number=26&sort=year.asc","https://www.carmudi.co.id/mobil-bekas-dijual/indonesia?page_size=25&page_number=26&sort=year.asc"
1109,"https://www.carmudi.co.id/mobil-bekas-dijual/indonesia?page_size=25&page_number=26&sort=mileage.asc",26,"indonesia?page_size=25&page_number=26&sort=mileage.asc","https://www.carmudi.co.id/mobil-bekas-dijual/indonesia?page_size=25&page_number=26&sort=mileage.asc"
1110,"https://www.carmudi.co.id/mobil-bekas-dijual/indonesia?page_size=25&page_number=26&sort=mileage.desc",26,"indonesia?page_size=25&page_number=26&sort=mileage.desc","https://www.carmudi.co.id/mobil-bekas-dijual/indonesia?page_size=25&page_number=26&sort=mileage.desc"
1111,"https://www.carmudi.co.id/mobil-bekas-dijual/indonesia_jabodetabek?page_size=25&page_number=26",26,"indonesia_jabodetabek?page_size=25&page_number=26","https://www.carmudi.co.id/mobil-bekas-dijual/indonesia_jabodetabek?page_size=25&page_number=26"
1112,"https://www.carmudi.co.id/mobil-bekas-dijual/indonesia_dki-jakarta?page_size=25&page_number=26",26,"indonesia_dki-jakarta?page_size=25&page_number=26","https://www.carmudi.co.id/mobil-bekas-dijual/indonesia_dki-jakarta?page_size=25&page_number=26"
1113,"https://www.carmudi.co.id/mobil-bekas-dijual/indonesia_banten?page_size=25&page_number=26",26,"indonesia_banten?page_size=25&page_number=26","https://www.carmudi.co.id/mobil-bekas-dijual/indonesia_banten?page_size=25&page_number=26"
1114,"https://www.carmudi.co.id/mobil-bekas-dijual/indonesia_jawa-barat?page_size=25&page_number=26",26,"indonesia_jawa-barat?page_size=25&page_number=26","https://www.carmudi.co.id/mobil-bekas-dijual/indonesia_jawa-barat?page_size=25&page_number=26"
1115,"https://www.carmudi.co.id/mobil-bekas-dijual/indonesia_jawa-timur?page_size=25&page_number=26",26,"indonesia_jawa-timur?page_size=25&page_number=26","https://www.carmudi.co.id/mobil-bekas-dijual/indonesia_jawa-timur?page_size=25&page_number=26"
1116,"https://www.carmudi.co.id/mobil-bekas-dijual/indonesia_jawa-tengah?page_size=25&page_number=26",26,"indonesia_jawa-tengah?page_size=25&page_number=26","https://www.carmudi.co.id/mobil-bekas-dijual/indonesia_jawa-tengah?page_size=25&page_number=26"
1117,"https://www.carmudi.co.id/mobil-bekas-dijual/indonesia_yogyakarta?page_size=25&page_number=26",26,"indonesia_yogyakarta?page_size=25&page_number=26","https://www.carmudi.co.id/mobil-bekas-dijual/indonesia_yogyakarta?page_size=25&page_number=26"
1118,"https://www.carmudi.co.id/mobil-bekas-dijual/indonesia_sumatera-utara?page_size=25&page_number=26",26,"indonesia_sumatera-utara?page_size=25&page_number=26","https://www.carmudi.co.id/mobil-bekas-dijual/indonesia_sumatera-utara?page_size=25&page_number=26"
1119,"https://www.carmudi.co.id/mobil-bekas-dijual/indonesia_bali?page_size=25&page_number=26",26,"indonesia_bali?page_size=25&page_number=26","https://www.carmudi.co.id/mobil-bekas-dijual/indonesia_bali?page_size=25&page_number=26"
1120,"https://www.carmudi.co.id/mobil-bekas-dijual/indonesia_lampung?page_size=25&page_number=26",26,"indonesia_lampung?page_size=25&page_number=26","https://www.carmudi.co.id/mobil-bekas-dijual/indonesia_lampung?page_size=25&page_number=26"
1121,"https://www.carmudi.co.id/mobil-bekas-dijual/indonesia_gorontalo?page_size=25&page_number=26",26,"indonesia_gorontalo?page_size=25&page_number=26","https://www.carmudi.co.id/mobil-bekas-dijual/indonesia_gorontalo?page_size=25&page_number=26"
1122,"https://www.carmudi.co.id/mobil-bekas-dijual/indonesia_riau?page_size=25&page_number=26",26,"indonesia_riau?page_size=25&page_number=26","https://www.carmudi.co.id/mobil-bekas-dijual/indonesia_riau?page_size=25&page_number=26"
1123,"https://www.carmudi.co.id/mobil-bekas-dijual/indonesia_sumatera-selatan?page_size=25&page_number=26",26,"indonesia_sumatera-selatan?page_size=25&page_number=26","https://www.carmudi.co.id/mobil-bekas-dijual/indonesia_sumatera-selatan?page_size=25&page_number=26"
1124,"https://www.carmudi.co.id/mobil-bekas-dijual/indonesia_sumatera-barat?page_size=25&page_number=26",26,"indonesia_sumatera-barat?page_size=25&page_number=26","https://www.carmudi.co.id/mobil-bekas-dijual/indonesia_sumatera-barat?page_size=25&page_number=26"
1125,"https://www.carmudi.co.id/mobil-bekas-dijual/indonesia_jambi?page_size=25&page_number=26",26,"indonesia_jambi?page_size=25&page_number=26","https://www.carmudi.co.id/mobil-bekas-dijual/indonesia_jambi?page_size=25&page_number=26"
1126,"https://www.carmudi.co.id/mobil-bekas-dijual/indonesia_sulawesi-selatan?page_size=25&page_number=26",26,"indonesia_sulawesi-selatan?page_size=25&page_number=26","https://www.carmudi.co.id/mobil-bekas-dijual/indonesia_sulawesi-selatan?page_size=25&page_number=26"
1127,"https://www.carmudi.co.id/mobil-bekas-dijual/indonesia_nangroe-aceh-darussalam?page_size=25&page_number=26",26,"indonesia_nangroe-aceh-darussalam?page_size=25&page_number=26","https://www.carmudi.co.id/mobil-bekas-dijual/indonesia_nangroe-aceh-darussalam?page_size=25&page_number=26"
1128,"https://www.carmudi.co.id/mobil-bekas-dijual/indonesia_sulawesi-utara?page_size=25&page_number=26",26,"indonesia_sulawesi-utara?page_size=25&page_number=26","https://www.carmudi.co.id/mobil-bekas-dijual/indonesia_sulawesi-utara?page_size=25&page_number=26"
1129,"https://www.carmudi.co.id/mobil-bekas-dijual/indonesia_kalimantan-timur?page_size=25&page_number=26",26,"indonesia_kalimantan-timur?page_size=25&page_number=26","https://www.carmudi.co.id/mobil-bekas-dijual/indonesia_kalimantan-timur?page_size=25&page_number=26"
1130,"https://www.carmudi.co.id/mobil-bekas-dijual/indonesia_nusa-tenggara-barat?page_size=25&page_number=26",26,"indonesia_nusa-tenggara-barat?page_size=25&page_number=26","https://www.carmudi.co.id/mobil-bekas-dijual/indonesia_nusa-tenggara-barat?page_size=25&page_number=26"
1131,"https://www.carmudi.co.id/mobil-bekas-dijual/indonesia_sulawesi-tengah?page_size=25&page_number=26",26,"indonesia_sulawesi-tengah?page_size=25&page_number=26","https://www.carmudi.co.id/mobil-bekas-dijual/indonesia_sulawesi-tengah?page_size=25&page_number=26"
1132,"https://www.carmudi.co.id/mobil-bekas-dijual/indonesia_kalimantan-barat?page_size=25&page_number=26",26,"indonesia_kalimantan-barat?page_size=25&page_number=26","https://www.carmudi.co.id/mobil-bekas-dijual/indonesia_kalimantan-barat?page_size=25&page_number=26"
1133,"https://www.carmudi.co.id/mobil-bekas-dijual/indonesia_maluku?page_size=25&page_number=26",26,"indonesia_maluku?page_size=25&page_number=26","https://www.carmudi.co.id/mobil-bekas-dijual/indonesia_maluku?page_size=25&page_number=26"
1134,"https://www.carmudi.co.id/mobil-bekas-dijual/indonesia_maluku-utara?page_size=25&page_number=26",26,"indonesia_maluku-utara?page_size=25&page_number=26","https://www.carmudi.co.id/mobil-bekas-dijual/indonesia_maluku-utara?page_size=25&page_number=26"
1135,"https://www.carmudi.co.id/mobil-bekas-dijual/indonesia_sulawesi-barat?page_size=25&page_number=26",26,"indonesia_sulawesi-barat?page_size=25&page_number=26","https://www.carmudi.co.id/mobil-bekas-dijual/indonesia_sulawesi-barat?page_size=25&page_number=26"
1136,"https://www.carmudi.co.id/mobil-bekas-dijual/indonesia_sulawesi-tenggara?page_size=25&page_number=26",26,"indonesia_sulawesi-tenggara?page_size=25&page_number=26","https://www.carmudi.co.id/mobil-bekas-dijual/indonesia_sulawesi-tenggara?page_size=25&page_number=26"
1137,"https://www.carmudi.co.id/mobil-bekas-dijual/indonesia?page_number=27&page_size=25",27,"indonesia?page_number=27&page_size=25","https://www.carmudi.co.id/mobil-bekas-dijual/indonesia?page_number=27&page_size=25"
1138,"https://www.carmudi.co.id/mobil-bekas-dijual/indonesia?page_size=25&page_number=27",27,"indonesia?page_size=25&page_number=27","https://www.carmudi.co.id/mobil-bekas-dijual/indonesia?page_size=25&page_number=27"
1139,"https://www.carmudi.co.id/mobil-bekas-dijual/indonesia?transmission=automatic&page_size=25&page_number=27",27,"indonesia?transmission=automatic&page_size=25&page_number=27","https://www.carmudi.co.id/mobil-bekas-dijual/indonesia?transmission=automatic&page_size=25&page_number=27"
1140,"https://www.carmudi.co.id/mobil-bekas-dijual/indonesia?transmission=manual&page_size=25&page_number=27",27,"indonesia?transmission=manual&page_size=25&page_number=27","https://www.carmudi.co.id/mobil-bekas-dijual/indonesia?transmission=manual&page_size=25&page_number=27"
1141,"https://www.carmudi.co.id/mobil-bekas-dijual/indonesia?page_size=25&page_number=27&sort=best.match",27,"indonesia?page_size=25&page_number=27&sort=best.match","https://www.carmudi.co.id/mobil-bekas-dijual/indonesia?page_size=25&page_number=27&sort=best.match"
1142,"https://www.carmudi.co.id/mobil-bekas-dijual/indonesia?page_size=25&page_number=27&sort=modification_date_search.desc",27,"indonesia?page_size=25&page_number=27&sort=modification_date_search.desc","https://www.carmudi.co.id/mobil-bekas-dijual/indonesia?page_size=25&page_number=27&sort=modification_date_search.desc"
1143,"https://www.carmudi.co.id/mobil-bekas-dijual/indonesia?page_size=25&page_number=27&sort=price.asc",27,"indonesia?page_size=25&page_number=27&sort=price.asc","https://www.carmudi.co.id/mobil-bekas-dijual/indonesia?page_size=25&page_number=27&sort=price.asc"
1144,"https://www.carmudi.co.id/mobil-bekas-dijual/indonesia?page_size=25&page_number=27&sort=price.desc",27,"indonesia?page_size=25&page_number=27&sort=price.desc","https://www.carmudi.co.id/mobil-bekas-dijual/indonesia?page_size=25&page_number=27&sort=price.desc"
1145,"https://www.carmudi.co.id/mobil-bekas-dijual/indonesia?page_size=25&page_number=27&sort=year.desc",27,"indonesia?page_size=25&page_number=27&sort=year.desc","https://www.carmudi.co.id/mobil-bekas-dijual/indonesia?page_size=25&page_number=27&sort=year.desc"
1146,"https://www.carmudi.co.id/mobil-bekas-dijual/indonesia?page_size=25&page_number=27&sort=year.asc",27,"indonesia?page_size=25&page_number=27&sort=year.asc","https://www.carmudi.co.id/mobil-bekas-dijual/indonesia?page_size=25&page_number=27&sort=year.asc"
1147,"https://www.carmudi.co.id/mobil-bekas-dijual/indonesia?page_size=25&page_number=27&sort=mileage.asc",27,"indonesia?page_size=25&page_number=27&sort=mileage.asc","https://www.carmudi.co.id/mobil-bekas-dijual/indonesia?page_size=25&page_number=27&sort=mileage.asc"
1148,"https://www.carmudi.co.id/mobil-bekas-dijual/indonesia?page_size=25&page_number=27&sort=mileage.desc",27,"indonesia?page_size=25&page_number=27&sort=mileage.desc","https://www.carmudi.co.id/mobil-bekas-dijual/indonesia?page_size=25&page_number=27&sort=mileage.desc"
1149,"https://www.carmudi.co.id/mobil-bekas-dijual/indonesia_jabodetabek?page_size=25&page_number=27",27,"indonesia_jabodetabek?page_size=25&page_number=27","https://www.carmudi.co.id/mobil-bekas-dijual/indonesia_jabodetabek?page_size=25&page_number=27"
1150,"https://www.carmudi.co.id/mobil-bekas-dijual/indonesia_dki-jakarta?page_size=25&page_number=27",27,"indonesia_dki-jakarta?page_size=25&page_number=27","https://www.carmudi.co.id/mobil-bekas-dijual/indonesia_dki-jakarta?page_size=25&page_number=27"
1151,"https://www.carmudi.co.id/mobil-bekas-dijual/indonesia_banten?page_size=25&page_number=27",27,"indonesia_banten?page_size=25&page_number=27","https://www.carmudi.co.id/mobil-bekas-dijual/indonesia_banten?page_size=25&page_number=27"
1152,"https://www.carmudi.co.id/mobil-bekas-dijual/indonesia_jawa-barat?page_size=25&page_number=27",27,"indonesia_jawa-barat?page_size=25&page_number=27","https://www.carmudi.co.id/mobil-bekas-dijual/indonesia_jawa-barat?page_size=25&page_number=27"
1153,"https://www.carmudi.co.id/mobil-bekas-dijual/indonesia_jawa-timur?page_size=25&page_number=27",27,"indonesia_jawa-timur?page_size=25&page_number=27","https://www.carmudi.co.id/mobil-bekas-dijual/indonesia_jawa-timur?page_size=25&page_number=27"
1154,"https://www.carmudi.co.id/mobil-bekas-dijual/indonesia_jawa-tengah?page_size=25&page_number=27",27,"indonesia_jawa-tengah?page_size=25&page_number=27","https://www.carmudi.co.id/mobil-bekas-dijual/indonesia_jawa-tengah?page_size=25&page_number=27"
1155,"https://www.carmudi.co.id/mobil-bekas-dijual/indonesia_yogyakarta?page_size=25&page_number=27",27,"indonesia_yogyakarta?page_size=25&page_number=27","https://www.carmudi.co.id/mobil-bekas-dijual/indonesia_yogyakarta?page_size=25&page_number=27"
1156,"https://www.carmudi.co.id/mobil-bekas-dijual/indonesia_sumatera-utara?page_size=25&page_number=27",27,"indonesia_sumatera-utara?page_size=25&page_number=27","https://www.carmudi.co.id/mobil-bekas-dijual/indonesia_sumatera-utara?page_size=25&page_number=27"
1157,"https://www.carmudi.co.id/mobil-bekas-dijual/indonesia_bali?page_size=25&page_number=27",27,"indonesia_bali?page_size=25&page_number=27","https://www.carmudi.co.id/mobil-bekas-dijual/indonesia_bali?page_size=25&page_number=27"
1158,"https://www.carmudi.co.id/mobil-bekas-dijual/indonesia_lampung?page_size=25&page_number=27",27,"indonesia_lampung?page_size=25&page_number=27","https://www.carmudi.co.id/mobil-bekas-dijual/indonesia_lampung?page_size=25&page_number=27"
1159,"https://www.carmudi.co.id/mobil-bekas-dijual/indonesia_gorontalo?page_size=25&page_number=27",27,"indonesia_gorontalo?page_size=25&page_number=27","https://www.carmudi.co.id/mobil-bekas-dijual/indonesia_gorontalo?page_size=25&page_number=27"
1160,"https://www.carmudi.co.id/mobil-bekas-dijual/indonesia_riau?page_size=25&page_number=27",27,"indonesia_riau?page_size=25&page_number=27","https://www.carmudi.co.id/mobil-bekas-dijual/indonesia_riau?page_size=25&page_number=27"
1161,"https://www.carmudi.co.id/mobil-bekas-dijual/indonesia_sumatera-selatan?page_size=25&page_number=27",27,"indonesia_sumatera-selatan?page_size=25&page_number=27","https://www.carmudi.co.id/mobil-bekas-dijual/indonesia_sumatera-selatan?page_size=25&page_number=27"
1162,"https://www.carmudi.co.id/mobil-bekas-dijual/indonesia_sumatera-barat?page_size=25&page_number=27",27,"indonesia_sumatera-barat?page_size=25&page_number=27","https://www.carmudi.co.id/mobil-bekas-dijual/indonesia_sumatera-barat?page_size=25&page_number=27"
1163,"https://www.carmudi.co.id/mobil-bekas-dijual/indonesia_jambi?page_size=25&page_number=27",27,"indonesia_jambi?page_size=25&page_number=27","https://www.carmudi.co.id/mobil-bekas-dijual/indonesia_jambi?page_size=25&page_number=27"
1164,"https://www.carmudi.co.id/mobil-bekas-dijual/indonesia_sulawesi-selatan?page_size=25&page_number=27",27,"indonesia_sulawesi-selatan?page_size=25&page_number=27","https://www.carmudi.co.id/mobil-bekas-dijual/indonesia_sulawesi-selatan?page_size=25&page_number=27"
1165,"https://www.carmudi.co.id/mobil-bekas-dijual/indonesia_nangroe-aceh-darussalam?page_size=25&page_number=27",27,"indonesia_nangroe-aceh-darussalam?page_size=25&page_number=27","https://www.carmudi.co.id/mobil-bekas-dijual/indonesia_nangroe-aceh-darussalam?page_size=25&page_number=27"
1166,"https://www.carmudi.co.id/mobil-bekas-dijual/indonesia_sulawesi-utara?page_size=25&page_number=27",27,"indonesia_sulawesi-utara?page_size=25&page_number=27","https://www.carmudi.co.id/mobil-bekas-dijual/indonesia_sulawesi-utara?page_size=25&page_number=27"
1167,"https://www.carmudi.co.id/mobil-bekas-dijual/indonesia_kalimantan-timur?page_size=25&page_number=27",27,"indonesia_kalimantan-timur?page_size=25&page_number=27","https://www.carmudi.co.id/mobil-bekas-dijual/indonesia_kalimantan-timur?page_size=25&page_number=27"
1168,"https://www.carmudi.co.id/mobil-bekas-dijual/indonesia_nusa-tenggara-barat?page_size=25&page_number=27",27,"indonesia_nusa-tenggara-barat?page_size=25&page_number=27","https://www.carmudi.co.id/mobil-bekas-dijual/indonesia_nusa-tenggara-barat?page_size=25&page_number=27"
1169,"https://www.carmudi.co.id/mobil-bekas-dijual/indonesia_sulawesi-tengah?page_size=25&page_number=27",27,"indonesia_sulawesi-tengah?page_size=25&page_number=27","https://www.carmudi.co.id/mobil-bekas-dijual/indonesia_sulawesi-tengah?page_size=25&page_number=27"
1170,"https://www.carmudi.co.id/mobil-bekas-dijual/indonesia_kalimantan-barat?page_size=25&page_number=27",27,"indonesia_kalimantan-barat?page_size=25&page_number=27","https://www.carmudi.co.id/mobil-bekas-dijual/indonesia_kalimantan-barat?page_size=25&page_number=27"
1171,"https://www.carmudi.co.id/mobil-bekas-dijual/indonesia_maluku?page_size=25&page_number=27",27,"indonesia_maluku?page_size=25&page_number=27","https://www.carmudi.co.id/mobil-bekas-dijual/indonesia_maluku?page_size=25&page_number=27"
1172,"https://www.carmudi.co.id/mobil-bekas-dijual/indonesia_maluku-utara?page_size=25&page_number=27",27,"indonesia_maluku-utara?page_size=25&page_number=27","https://www.carmudi.co.id/mobil-bekas-dijual/indonesia_maluku-utara?page_size=25&page_number=27"
1173,"https://www.carmudi.co.id/mobil-bekas-dijual/indonesia_sulawesi-barat?page_size=25&page_number=27",27,"indonesia_sulawesi-barat?page_size=25&page_number=27","https://www.carmudi.co.id/mobil-bekas-dijual/indonesia_sulawesi-barat?page_size=25&page_number=27"
1174,"https://www.carmudi.co.id/mobil-bekas-dijual/indonesia_sulawesi-tenggara?page_size=25&page_number=27",27,"indonesia_sulawesi-tenggara?page_size=25&page_number=27","https://www.carmudi.co.id/mobil-bekas-dijual/indonesia_sulawesi-tenggara?page_size=25&page_number=27"
1175,"https://www.carmudi.co.id/mobil-bekas-dijual/indonesia?page_number=28&page_size=25",28,"indonesia?page_number=28&page_size=25","https://www.carmudi.co.id/mobil-bekas-dijual/indonesia?page_number=28&page_size=25"
1176,"https://www.carmudi.co.id/mobil-bekas-dijual/indonesia?page_size=25&page_number=28",28,"indonesia?page_size=25&page_number=28","https://www.carmudi.co.id/mobil-bekas-dijual/indonesia?page_size=25&page_number=28"
1177,"https://www.carmudi.co.id/mobil-bekas-dijual/indonesia?transmission=automatic&page_size=25&page_number=28",28,"indonesia?transmission=automatic&page_size=25&page_number=28","https://www.carmudi.co.id/mobil-bekas-dijual/indonesia?transmission=automatic&page_size=25&page_number=28"
1178,"https://www.carmudi.co.id/mobil-bekas-dijual/indonesia?transmission=manual&page_size=25&page_number=28",28,"indonesia?transmission=manual&page_size=25&page_number=28","https://www.carmudi.co.id/mobil-bekas-dijual/indonesia?transmission=manual&page_size=25&page_number=28"
1179,"https://www.carmudi.co.id/mobil-bekas-dijual/indonesia?page_size=25&page_number=28&sort=best.match",28,"indonesia?page_size=25&page_number=28&sort=best.match","https://www.carmudi.co.id/mobil-bekas-dijual/indonesia?page_size=25&page_number=28&sort=best.match"
1180,"https://www.carmudi.co.id/mobil-bekas-dijual/indonesia?page_size=25&page_number=28&sort=modification_date_search.desc",28,"indonesia?page_size=25&page_number=28&sort=modification_date_search.desc","https://www.carmudi.co.id/mobil-bekas-dijual/indonesia?page_size=25&page_number=28&sort=modification_date_search.desc"
1181,"https://www.carmudi.co.id/mobil-bekas-dijual/indonesia?page_size=25&page_number=28&sort=price.asc",28,"indonesia?page_size=25&page_number=28&sort=price.asc","https://www.carmudi.co.id/mobil-bekas-dijual/indonesia?page_size=25&page_number=28&sort=price.asc"
1182,"https://www.carmudi.co.id/mobil-bekas-dijual/indonesia?page_size=25&page_number=28&sort=price.desc",28,"indonesia?page_size=25&page_number=28&sort=price.desc","https://www.carmudi.co.id/mobil-bekas-dijual/indonesia?page_size=25&page_number=28&sort=price.desc"
1183,"https://www.carmudi.co.id/mobil-bekas-dijual/indonesia?page_size=25&page_number=28&sort=year.desc",28,"indonesia?page_size=25&page_number=28&sort=year.desc","https://www.carmudi.co.id/mobil-bekas-dijual/indonesia?page_size=25&page_number=28&sort=year.desc"
1184,"https://www.carmudi.co.id/mobil-bekas-dijual/indonesia?page_size=25&page_number=28&sort=year.asc",28,"indonesia?page_size=25&page_number=28&sort=year.asc","https://www.carmudi.co.id/mobil-bekas-dijual/indonesia?page_size=25&page_number=28&sort=year.asc"
1185,"https://www.carmudi.co.id/mobil-bekas-dijual/indonesia?page_size=25&page_number=28&sort=mileage.asc",28,"indonesia?page_size=25&page_number=28&sort=mileage.asc","https://www.carmudi.co.id/mobil-bekas-dijual/indonesia?page_size=25&page_number=28&sort=mileage.asc"
1186,"https://www.carmudi.co.id/mobil-bekas-dijual/indonesia?page_size=25&page_number=28&sort=mileage.desc",28,"indonesia?page_size=25&page_number=28&sort=mileage.desc","https://www.carmudi.co.id/mobil-bekas-dijual/indonesia?page_size=25&page_number=28&sort=mileage.desc"
1187,"https://www.carmudi.co.id/mobil-bekas-dijual/indonesia_jabodetabek?page_size=25&page_number=28",28,"indonesia_jabodetabek?page_size=25&page_number=28","https://www.carmudi.co.id/mobil-bekas-dijual/indonesia_jabodetabek?page_size=25&page_number=28"
1188,"https://www.carmudi.co.id/mobil-bekas-dijual/indonesia_dki-jakarta?page_size=25&page_number=28",28,"indonesia_dki-jakarta?page_size=25&page_number=28","https://www.carmudi.co.id/mobil-bekas-dijual/indonesia_dki-jakarta?page_size=25&page_number=28"
1189,"https://www.carmudi.co.id/mobil-bekas-dijual/indonesia_banten?page_size=25&page_number=28",28,"indonesia_banten?page_size=25&page_number=28","https://www.carmudi.co.id/mobil-bekas-dijual/indonesia_banten?page_size=25&page_number=28"
1190,"https://www.carmudi.co.id/mobil-bekas-dijual/indonesia_jawa-barat?page_size=25&page_number=28",28,"indonesia_jawa-barat?page_size=25&page_number=28","https://www.carmudi.co.id/mobil-bekas-dijual/indonesia_jawa-barat?page_size=25&page_number=28"
1191,"https://www.carmudi.co.id/mobil-bekas-dijual/indonesia_jawa-timur?page_size=25&page_number=28",28,"indonesia_jawa-timur?page_size=25&page_number=28","https://www.carmudi.co.id/mobil-bekas-dijual/indonesia_jawa-timur?page_size=25&page_number=28"
1192,"https://www.carmudi.co.id/mobil-bekas-dijual/indonesia_jawa-tengah?page_size=25&page_number=28",28,"indonesia_jawa-tengah?page_size=25&page_number=28","https://www.carmudi.co.id/mobil-bekas-dijual/indonesia_jawa-tengah?page_size=25&page_number=28"
1193,"https://www.carmudi.co.id/mobil-bekas-dijual/indonesia_yogyakarta?page_size=25&page_number=28",28,"indonesia_yogyakarta?page_size=25&page_number=28","https://www.carmudi.co.id/mobil-bekas-dijual/indonesia_yogyakarta?page_size=25&page_number=28"
1194,"https://www.carmudi.co.id/mobil-bekas-dijual/indonesia_sumatera-utara?page_size=25&page_number=28",28,"indonesia_sumatera-utara?page_size=25&page_number=28","https://www.carmudi.co.id/mobil-bekas-dijual/indonesia_sumatera-utara?page_size=25&page_number=28"
1195,"https://www.carmudi.co.id/mobil-bekas-dijual/indonesia_bali?page_size=25&page_number=28",28,"indonesia_bali?page_size=25&page_number=28","https://www.carmudi.co.id/mobil-bekas-dijual/indonesia_bali?page_size=25&page_number=28"
1196,"https://www.carmudi.co.id/mobil-bekas-dijual/indonesia_lampung?page_size=25&page_number=28",28,"indonesia_lampung?page_size=25&page_number=28","https://www.carmudi.co.id/mobil-bekas-dijual/indonesia_lampung?page_size=25&page_number=28"
1197,"https://www.carmudi.co.id/mobil-bekas-dijual/indonesia_gorontalo?page_size=25&page_number=28",28,"indonesia_gorontalo?page_size=25&page_number=28","https://www.carmudi.co.id/mobil-bekas-dijual/indonesia_gorontalo?page_size=25&page_number=28"
1198,"https://www.carmudi.co.id/mobil-bekas-dijual/indonesia_riau?page_size=25&page_number=28",28,"indonesia_riau?page_size=25&page_number=28","https://www.carmudi.co.id/mobil-bekas-dijual/indonesia_riau?page_size=25&page_number=28"
1199,"https://www.carmudi.co.id/mobil-bekas-dijual/indonesia_sumatera-selatan?page_size=25&page_number=28",28,"indonesia_sumatera-selatan?page_size=25&page_number=28","https://www.carmudi.co.id/mobil-bekas-dijual/indonesia_sumatera-selatan?page_size=25&page_number=28"
1200,"https://www.carmudi.co.id/mobil-bekas-dijual/indonesia_sumatera-barat?page_size=25&page_number=28",28,"indonesia_sumatera-barat?page_size=25&page_number=28","https://www.carmudi.co.id/mobil-bekas-dijual/indonesia_sumatera-barat?page_size=25&page_number=28"
1201,"https://www.carmudi.co.id/mobil-bekas-dijual/indonesia_jambi?page_size=25&page_number=28",28,"indonesia_jambi?page_size=25&page_number=28","https://www.carmudi.co.id/mobil-bekas-dijual/indonesia_jambi?page_size=25&page_number=28"
1202,"https://www.carmudi.co.id/mobil-bekas-dijual/indonesia_sulawesi-selatan?page_size=25&page_number=28",28,"indonesia_sulawesi-selatan?page_size=25&page_number=28","https://www.carmudi.co.id/mobil-bekas-dijual/indonesia_sulawesi-selatan?page_size=25&page_number=28"
1203,"https://www.carmudi.co.id/mobil-bekas-dijual/indonesia_nangroe-aceh-darussalam?page_size=25&page_number=28",28,"indonesia_nangroe-aceh-darussalam?page_size=25&page_number=28","https://www.carmudi.co.id/mobil-bekas-dijual/indonesia_nangroe-aceh-darussalam?page_size=25&page_number=28"
1204,"https://www.carmudi.co.id/mobil-bekas-dijual/indonesia_sulawesi-utara?page_size=25&page_number=28",28,"indonesia_sulawesi-utara?page_size=25&page_number=28","https://www.carmudi.co.id/mobil-bekas-dijual/indonesia_sulawesi-utara?page_size=25&page_number=28"
1205,"https://www.carmudi.co.id/mobil-bekas-dijual/indonesia_kalimantan-timur?page_size=25&page_number=28",28,"indonesia_kalimantan-timur?page_size=25&page_number=28","https://www.carmudi.co.id/mobil-bekas-dijual/indonesia_kalimantan-timur?page_size=25&page_number=28"
1206,"https://www.carmudi.co.id/mobil-bekas-dijual/indonesia_nusa-tenggara-barat?page_size=25&page_number=28",28,"indonesia_nusa-tenggara-barat?page_size=25&page_number=28","https://www.carmudi.co.id/mobil-bekas-dijual/indonesia_nusa-tenggara-barat?page_size=25&page_number=28"
1207,"https://www.carmudi.co.id/mobil-bekas-dijual/indonesia_sulawesi-tengah?page_size=25&page_number=28",28,"indonesia_sulawesi-tengah?page_size=25&page_number=28","https://www.carmudi.co.id/mobil-bekas-dijual/indonesia_sulawesi-tengah?page_size=25&page_number=28"
1208,"https://www.carmudi.co.id/mobil-bekas-dijual/indonesia_kalimantan-barat?page_size=25&page_number=28",28,"indonesia_kalimantan-barat?page_size=25&page_number=28","https://www.carmudi.co.id/mobil-bekas-dijual/indonesia_kalimantan-barat?page_size=25&page_number=28"
1209,"https://www.carmudi.co.id/mobil-bekas-dijual/indonesia_maluku?page_size=25&page_number=28",28,"indonesia_maluku?page_size=25&page_number=28","https://www.carmudi.co.id/mobil-bekas-dijual/indonesia_maluku?page_size=25&page_number=28"
1210,"https://www.carmudi.co.id/mobil-bekas-dijual/indonesia_maluku-utara?page_size=25&page_number=28",28,"indonesia_maluku-utara?page_size=25&page_number=28","https://www.carmudi.co.id/mobil-bekas-dijual/indonesia_maluku-utara?page_size=25&page_number=28"
1211,"https://www.carmudi.co.id/mobil-bekas-dijual/indonesia_sulawesi-barat?page_size=25&page_number=28",28,"indonesia_sulawesi-barat?page_size=25&page_number=28","https://www.carmudi.co.id/mobil-bekas-dijual/indonesia_sulawesi-barat?page_size=25&page_number=28"
1212,"https://www.carmudi.co.id/mobil-bekas-dijual/indonesia_sulawesi-tenggara?page_size=25&page_number=28",28,"indonesia_sulawesi-tenggara?page_size=25&page_number=28","https://www.carmudi.co.id/mobil-bekas-dijual/indonesia_sulawesi-tenggara?page_size=25&page_number=28"
1213,"https://www.carmudi.co.id/mobil-bekas-dijual/indonesia?page_number=29&page_size=25",29,"indonesia?page_number=29&page_size=25","https://www.carmudi.co.id/mobil-bekas-dijual/indonesia?page_number=29&page_size=25"
1214,"https://www.carmudi.co.id/mobil-bekas-dijual/indonesia?page_size=25&page_number=29",29,"indonesia?page_size=25&page_number=29","https://www.carmudi.co.id/mobil-bekas-dijual/indonesia?page_size=25&page_number=29"
1215,"https://www.carmudi.co.id/mobil-bekas-dijual/indonesia?transmission=automatic&page_size=25&page_number=29",29,"indonesia?transmission=automatic&page_size=25&page_number=29","https://www.carmudi.co.id/mobil-bekas-dijual/indonesia?transmission=automatic&page_size=25&page_number=29"
1216,"https://www.carmudi.co.id/mobil-bekas-dijual/indonesia?transmission=manual&page_size=25&page_number=29",29,"indonesia?transmission=manual&page_size=25&page_number=29","https://www.carmudi.co.id/mobil-bekas-dijual/indonesia?transmission=manual&page_size=25&page_number=29"
1217,"https://www.carmudi.co.id/mobil-bekas-dijual/indonesia?page_size=25&page_number=29&sort=best.match",29,"indonesia?page_size=25&page_number=29&sort=best.match","https://www.carmudi.co.id/mobil-bekas-dijual/indonesia?page_size=25&page_number=29&sort=best.match"
1218,"https://www.carmudi.co.id/mobil-bekas-dijual/indonesia?page_size=25&page_number=29&sort=modification_date_search.desc",29,"indonesia?page_size=25&page_number=29&sort=modification_date_search.desc","https://www.carmudi.co.id/mobil-bekas-dijual/indonesia?page_size=25&page_number=29&sort=modification_date_search.desc"
1219,"https://www.carmudi.co.id/mobil-bekas-dijual/indonesia?page_size=25&page_number=29&sort=price.asc",29,"indonesia?page_size=25&page_number=29&sort=price.asc","https://www.carmudi.co.id/mobil-bekas-dijual/indonesia?page_size=25&page_number=29&sort=price.asc"
1220,"https://www.carmudi.co.id/mobil-bekas-dijual/indonesia?page_size=25&page_number=29&sort=price.desc",29,"indonesia?page_size=25&page_number=29&sort=price.desc","https://www.carmudi.co.id/mobil-bekas-dijual/indonesia?page_size=25&page_number=29&sort=price.desc"
1221,"https://www.carmudi.co.id/mobil-bekas-dijual/indonesia?page_size=25&page_number=29&sort=year.desc",29,"indonesia?page_size=25&page_number=29&sort=year.desc","https://www.carmudi.co.id/mobil-bekas-dijual/indonesia?page_size=25&page_number=29&sort=year.desc"
1222,"https://www.carmudi.co.id/mobil-bekas-dijual/indonesia?page_size=25&page_number=29&sort=year.asc",29,"indonesia?page_size=25&page_number=29&sort=year.asc","https://www.carmudi.co.id/mobil-bekas-dijual/indonesia?page_size=25&page_number=29&sort=year.asc"
1223,"https://www.carmudi.co.id/mobil-bekas-dijual/indonesia?page_size=25&page_number=29&sort=mileage.asc",29,"indonesia?page_size=25&page_number=29&sort=mileage.asc","https://www.carmudi.co.id/mobil-bekas-dijual/indonesia?page_size=25&page_number=29&sort=mileage.asc"
1224,"https://www.carmudi.co.id/mobil-bekas-dijual/indonesia?page_size=25&page_number=29&sort=mileage.desc",29,"indonesia?page_size=25&page_number=29&sort=mileage.desc","https://www.carmudi.co.id/mobil-bekas-dijual/indonesia?page_size=25&page_number=29&sort=mileage.desc"
1225,"https://www.carmudi.co.id/mobil-bekas-dijual/indonesia_jabodetabek?page_size=25&page_number=29",29,"indonesia_jabodetabek?page_size=25&page_number=29","https://www.carmudi.co.id/mobil-bekas-dijual/indonesia_jabodetabek?page_size=25&page_number=29"
1226,"https://www.carmudi.co.id/mobil-bekas-dijual/indonesia_dki-jakarta?page_size=25&page_number=29",29,"indonesia_dki-jakarta?page_size=25&page_number=29","https://www.carmudi.co.id/mobil-bekas-dijual/indonesia_dki-jakarta?page_size=25&page_number=29"
1227,"https://www.carmudi.co.id/mobil-bekas-dijual/indonesia_banten?page_size=25&page_number=29",29,"indonesia_banten?page_size=25&page_number=29","https://www.carmudi.co.id/mobil-bekas-dijual/indonesia_banten?page_size=25&page_number=29"
1228,"https://www.carmudi.co.id/mobil-bekas-dijual/indonesia_jawa-barat?page_size=25&page_number=29",29,"indonesia_jawa-barat?page_size=25&page_number=29","https://www.carmudi.co.id/mobil-bekas-dijual/indonesia_jawa-barat?page_size=25&page_number=29"
1229,"https://www.carmudi.co.id/mobil-bekas-dijual/indonesia_jawa-timur?page_size=25&page_number=29",29,"indonesia_jawa-timur?page_size=25&page_number=29","https://www.carmudi.co.id/mobil-bekas-dijual/indonesia_jawa-timur?page_size=25&page_number=29"
1230,"https://www.carmudi.co.id/mobil-bekas-dijual/indonesia_jawa-tengah?page_size=25&page_number=29",29,"indonesia_jawa-tengah?page_size=25&page_number=29","https://www.carmudi.co.id/mobil-bekas-dijual/indonesia_jawa-tengah?page_size=25&page_number=29"
1231,"https://www.carmudi.co.id/mobil-bekas-dijual/indonesia_yogyakarta?page_size=25&page_number=29",29,"indonesia_yogyakarta?page_size=25&page_number=29","https://www.carmudi.co.id/mobil-bekas-dijual/indonesia_yogyakarta?page_size=25&page_number=29"
1232,"https://www.carmudi.co.id/mobil-bekas-dijual/indonesia_sumatera-utara?page_size=25&page_number=29",29,"indonesia_sumatera-utara?page_size=25&page_number=29","https://www.carmudi.co.id/mobil-bekas-dijual/indonesia_sumatera-utara?page_size=25&page_number=29"
1233,"https://www.carmudi.co.id/mobil-bekas-dijual/indonesia_bali?page_size=25&page_number=29",29,"indonesia_bali?page_size=25&page_number=29","https://www.carmudi.co.id/mobil-bekas-dijual/indonesia_bali?page_size=25&page_number=29"
1234,"https://www.carmudi.co.id/mobil-bekas-dijual/indonesia_lampung?page_size=25&page_number=29",29,"indonesia_lampung?page_size=25&page_number=29","https://www.carmudi.co.id/mobil-bekas-dijual/indonesia_lampung?page_size=25&page_number=29"
1235,"https://www.carmudi.co.id/mobil-bekas-dijual/indonesia_gorontalo?page_size=25&page_number=29",29,"indonesia_gorontalo?page_size=25&page_number=29","https://www.carmudi.co.id/mobil-bekas-dijual/indonesia_gorontalo?page_size=25&page_number=29"
1236,"https://www.carmudi.co.id/mobil-bekas-dijual/indonesia_riau?page_size=25&page_number=29",29,"indonesia_riau?page_size=25&page_number=29","https://www.carmudi.co.id/mobil-bekas-dijual/indonesia_riau?page_size=25&page_number=29"
1237,"https://www.carmudi.co.id/mobil-bekas-dijual/indonesia_sumatera-selatan?page_size=25&page_number=29",29,"indonesia_sumatera-selatan?page_size=25&page_number=29","https://www.carmudi.co.id/mobil-bekas-dijual/indonesia_sumatera-selatan?page_size=25&page_number=29"
1238,"https://www.carmudi.co.id/mobil-bekas-dijual/indonesia_sumatera-barat?page_size=25&page_number=29",29,"indonesia_sumatera-barat?page_size=25&page_number=29","https://www.carmudi.co.id/mobil-bekas-dijual/indonesia_sumatera-barat?page_size=25&page_number=29"
1239,"https://www.carmudi.co.id/mobil-bekas-dijual/indonesia_jambi?page_size=25&page_number=29",29,"indonesia_jambi?page_size=25&page_number=29","https://www.carmudi.co.id/mobil-bekas-dijual/indonesia_jambi?page_size=25&page_number=29"
1240,"https://www.carmudi.co.id/mobil-bekas-dijual/indonesia_sulawesi-selatan?page_size=25&page_number=29",29,"indonesia_sulawesi-selatan?page_size=25&page_number=29","https://www.carmudi.co.id/mobil-bekas-dijual/indonesia_sulawesi-selatan?page_size=25&page_number=29"
1241,"https://www.carmudi.co.id/mobil-bekas-dijual/indonesia_nangroe-aceh-darussalam?page_size=25&page_number=29",29,"indonesia_nangroe-aceh-darussalam?page_size=25&page_number=29","https://www.carmudi.co.id/mobil-bekas-dijual/indonesia_nangroe-aceh-darussalam?page_size=25&page_number=29"
1242,"https://www.carmudi.co.id/mobil-bekas-dijual/indonesia_sulawesi-utara?page_size=25&page_number=29",29,"indonesia_sulawesi-utara?page_size=25&page_number=29","https://www.carmudi.co.id/mobil-bekas-dijual/indonesia_sulawesi-utara?page_size=25&page_number=29"
1243,"https://www.carmudi.co.id/mobil-bekas-dijual/indonesia_kalimantan-timur?page_size=25&page_number=29",29,"indonesia_kalimantan-timur?page_size=25&page_number=29","https://www.carmudi.co.id/mobil-bekas-dijual/indonesia_kalimantan-timur?page_size=25&page_number=29"
1244,"https://www.carmudi.co.id/mobil-bekas-dijual/indonesia_nusa-tenggara-barat?page_size=25&page_number=29",29,"indonesia_nusa-tenggara-barat?page_size=25&page_number=29","https://www.carmudi.co.id/mobil-bekas-dijual/indonesia_nusa-tenggara-barat?page_size=25&page_number=29"
1245,"https://www.carmudi.co.id/mobil-bekas-dijual/indonesia_sulawesi-tengah?page_size=25&page_number=29",29,"indonesia_sulawesi-tengah?page_size=25&page_number=29","https://www.carmudi.co.id/mobil-bekas-dijual/indonesia_sulawesi-tengah?page_size=25&page_number=29"
1246,"https://www.carmudi.co.id/mobil-bekas-dijual/indonesia_kalimantan-barat?page_size=25&page_number=29",29,"indonesia_kalimantan-barat?page_size=25&page_number=29","https://www.carmudi.co.id/mobil-bekas-dijual/indonesia_kalimantan-barat?page_size=25&page_number=29"
1247,"https://www.carmudi.co.id/mobil-bekas-dijual/indonesia_maluku?page_size=25&page_number=29",29,"indonesia_maluku?page_size=25&page_number=29","https://www.carmudi.co.id/mobil-bekas-dijual/indonesia_maluku?page_size=25&page_number=29"
1248,"https://www.carmudi.co.id/mobil-bekas-dijual/indonesia_maluku-utara?page_size=25&page_number=29",29,"indonesia_maluku-utara?page_size=25&page_number=29","https://www.carmudi.co.id/mobil-bekas-dijual/indonesia_maluku-utara?page_size=25&page_number=29"
1249,"https://www.carmudi.co.id/mobil-bekas-dijual/indonesia_sulawesi-barat?page_size=25&page_number=29",29,"indonesia_sulawesi-barat?page_size=25&page_number=29","https://www.carmudi.co.id/mobil-bekas-dijual/indonesia_sulawesi-barat?page_size=25&page_number=29"
1250,"https://www.carmudi.co.id/mobil-bekas-dijual/indonesia_sulawesi-tenggara?page_size=25&page_number=29",29,"indonesia_sulawesi-tenggara?page_size=25&page_number=29","https://www.carmudi.co.id/mobil-bekas-dijual/indonesia_sulawesi-tenggara?page_size=25&page_number=29"
1251,"https://www.carmudi.co.id/mobil-bekas-dijual/indonesia?page_number=30&page_size=25",30,"indonesia?page_number=30&page_size=25","https://www.carmudi.co.id/mobil-bekas-dijual/indonesia?page_number=30&page_size=25"
1252,"https://www.carmudi.co.id/mobil-bekas-dijual/indonesia?page_size=25&page_number=30",30,"indonesia?page_size=25&page_number=30","https://www.carmudi.co.id/mobil-bekas-dijual/indonesia?page_size=25&page_number=30"
1253,"https://www.carmudi.co.id/mobil-bekas-dijual/indonesia?transmission=automatic&page_size=25&page_number=30",30,"indonesia?transmission=automatic&page_size=25&page_number=30","https://www.carmudi.co.id/mobil-bekas-dijual/indonesia?transmission=automatic&page_size=25&page_number=30"
1254,"https://www.carmudi.co.id/mobil-bekas-dijual/indonesia?transmission=manual&page_size=25&page_number=30",30,"indonesia?transmission=manual&page_size=25&page_number=30","https://www.carmudi.co.id/mobil-bekas-dijual/indonesia?transmission=manual&page_size=25&page_number=30"
1255,"https://www.carmudi.co.id/mobil-bekas-dijual/indonesia?page_size=25&page_number=30&sort=best.match",30,"indonesia?page_size=25&page_number=30&sort=best.match","https://www.carmudi.co.id/mobil-bekas-dijual/indonesia?page_size=25&page_number=30&sort=best.match"
1256,"https://www.carmudi.co.id/mobil-bekas-dijual/indonesia?page_size=25&page_number=30&sort=modification_date_search.desc",30,"indonesia?page_size=25&page_number=30&sort=modification_date_search.desc","https://www.carmudi.co.id/mobil-bekas-dijual/indonesia?page_size=25&page_number=30&sort=modification_date_search.desc"
1257,"https://www.carmudi.co.id/mobil-bekas-dijual/indonesia?page_size=25&page_number=30&sort=price.asc",30,"indonesia?page_size=25&page_number=30&sort=price.asc","https://www.carmudi.co.id/mobil-bekas-dijual/indonesia?page_size=25&page_number=30&sort=price.asc"
1258,"https://www.carmudi.co.id/mobil-bekas-dijual/indonesia?page_size=25&page_number=30&sort=price.desc",30,"indonesia?page_size=25&page_number=30&sort=price.desc","https://www.carmudi.co.id/mobil-bekas-dijual/indonesia?page_size=25&page_number=30&sort=price.desc"
1259,"https://www.carmudi.co.id/mobil-bekas-dijual/indonesia?page_size=25&page_number=30&sort=year.desc",30,"indonesia?page_size=25&page_number=30&sort=year.desc","https://www.carmudi.co.id/mobil-bekas-dijual/indonesia?page_size=25&page_number=30&sort=year.desc"
1260,"https://www.carmudi.co.id/mobil-bekas-dijual/indonesia?page_size=25&page_number=30&sort=year.asc",30,"indonesia?page_size=25&page_number=30&sort=year.asc","https://www.carmudi.co.id/mobil-bekas-dijual/indonesia?page_size=25&page_number=30&sort=year.asc"
1261,"https://www.carmudi.co.id/mobil-bekas-dijual/indonesia?page_size=25&page_number=30&sort=mileage.asc",30,"indonesia?page_size=25&page_number=30&sort=mileage.asc","https://www.carmudi.co.id/mobil-bekas-dijual/indonesia?page_size=25&page_number=30&sort=mileage.asc"
1262,"https://www.carmudi.co.id/mobil-bekas-dijual/indonesia?page_size=25&page_number=30&sort=mileage.desc",30,"indonesia?page_size=25&page_number=30&sort=mileage.desc","https://www.carmudi.co.id/mobil-bekas-dijual/indonesia?page_size=25&page_number=30&sort=mileage.desc"
1263,"https://www.carmudi.co.id/mobil-bekas-dijual/indonesia_jabodetabek?page_size=25&page_number=30",30,"indonesia_jabodetabek?page_size=25&page_number=30","https://www.carmudi.co.id/mobil-bekas-dijual/indonesia_jabodetabek?page_size=25&page_number=30"
1264,"https://www.carmudi.co.id/mobil-bekas-dijual/indonesia_dki-jakarta?page_size=25&page_number=30",30,"indonesia_dki-jakarta?page_size=25&page_number=30","https://www.carmudi.co.id/mobil-bekas-dijual/indonesia_dki-jakarta?page_size=25&page_number=30"
1265,"https://www.carmudi.co.id/mobil-bekas-dijual/indonesia_banten?page_size=25&page_number=30",30,"indonesia_banten?page_size=25&page_number=30","https://www.carmudi.co.id/mobil-bekas-dijual/indonesia_banten?page_size=25&page_number=30"
1266,"https://www.carmudi.co.id/mobil-bekas-dijual/indonesia_jawa-barat?page_size=25&page_number=30",30,"indonesia_jawa-barat?page_size=25&page_number=30","https://www.carmudi.co.id/mobil-bekas-dijual/indonesia_jawa-barat?page_size=25&page_number=30"
1267,"https://www.carmudi.co.id/mobil-bekas-dijual/indonesia_jawa-timur?page_size=25&page_number=30",30,"indonesia_jawa-timur?page_size=25&page_number=30","https://www.carmudi.co.id/mobil-bekas-dijual/indonesia_jawa-timur?page_size=25&page_number=30"
1268,"https://www.carmudi.co.id/mobil-bekas-dijual/indonesia_jawa-tengah?page_size=25&page_number=30",30,"indonesia_jawa-tengah?page_size=25&page_number=30","https://www.carmudi.co.id/mobil-bekas-dijual/indonesia_jawa-tengah?page_size=25&page_number=30"
1269,"https://www.carmudi.co.id/mobil-bekas-dijual/indonesia_yogyakarta?page_size=25&page_number=30",30,"indonesia_yogyakarta?page_size=25&page_number=30","https://www.carmudi.co.id/mobil-bekas-dijual/indonesia_yogyakarta?page_size=25&page_number=30"
1270,"https://www.carmudi.co.id/mobil-bekas-dijual/indonesia_sumatera-utara?page_size=25&page_number=30",30,"indonesia_sumatera-utara?page_size=25&page_number=30","https://www.carmudi.co.id/mobil-bekas-dijual/indonesia_sumatera-utara?page_size=25&page_number=30"
1271,"https://www.carmudi.co.id/mobil-bekas-dijual/indonesia_bali?page_size=25&page_number=30",30,"indonesia_bali?page_size=25&page_number=30","https://www.carmudi.co.id/mobil-bekas-dijual/indonesia_bali?page_size=25&page_number=30"
1272,"https://www.carmudi.co.id/mobil-bekas-dijual/indonesia_lampung?page_size=25&page_number=30",30,"indonesia_lampung?page_size=25&page_number=30","https://www.carmudi.co.id/mobil-bekas-dijual/indonesia_lampung?page_size=25&page_number=30"
1273,"https://www.carmudi.co.id/mobil-bekas-dijual/indonesia_gorontalo?page_size=25&page_number=30",30,"indonesia_gorontalo?page_size=25&page_number=30","https://www.carmudi.co.id/mobil-bekas-dijual/indonesia_gorontalo?page_size=25&page_number=30"
1274,"https://www.carmudi.co.id/mobil-bekas-dijual/indonesia_riau?page_size=25&page_number=30",30,"indonesia_riau?page_size=25&page_number=30","https://www.carmudi.co.id/mobil-bekas-dijual/indonesia_riau?page_size=25&page_number=30"
1275,"https://www.carmudi.co.id/mobil-bekas-dijual/indonesia_sumatera-selatan?page_size=25&page_number=30",30,"indonesia_sumatera-selatan?page_size=25&page_number=30","https://www.carmudi.co.id/mobil-bekas-dijual/indonesia_sumatera-selatan?page_size=25&page_number=30"
1276,"https://www.carmudi.co.id/mobil-bekas-dijual/indonesia_sumatera-barat?page_size=25&page_number=30",30,"indonesia_sumatera-barat?page_size=25&page_number=30","https://www.carmudi.co.id/mobil-bekas-dijual/indonesia_sumatera-barat?page_size=25&page_number=30"
1277,"https://www.carmudi.co.id/mobil-bekas-dijual/indonesia_jambi?page_size=25&page_number=30",30,"indonesia_jambi?page_size=25&page_number=30","https://www.carmudi.co.id/mobil-bekas-dijual/indonesia_jambi?page_size=25&page_number=30"
1278,"https://www.carmudi.co.id/mobil-bekas-dijual/indonesia_sulawesi-selatan?page_size=25&page_number=30",30,"indonesia_sulawesi-selatan?page_size=25&page_number=30","https://www.carmudi.co.id/mobil-bekas-dijual/indonesia_sulawesi-selatan?page_size=25&page_number=30"
1279,"https://www.carmudi.co.id/mobil-bekas-dijual/indonesia_nangroe-aceh-darussalam?page_size=25&page_number=30",30,"indonesia_nangroe-aceh-darussalam?page_size=25&page_number=30","https://www.carmudi.co.id/mobil-bekas-dijual/indonesia_nangroe-aceh-darussalam?page_size=25&page_number=30"
1280,"https://www.carmudi.co.id/mobil-bekas-dijual/indonesia_sulawesi-utara?page_size=25&page_number=30",30,"indonesia_sulawesi-utara?page_size=25&page_number=30","https://www.carmudi.co.id/mobil-bekas-dijual/indonesia_sulawesi-utara?page_size=25&page_number=30"
1281,"https://www.carmudi.co.id/mobil-bekas-dijual/indonesia_kalimantan-timur?page_size=25&page_number=30",30,"indonesia_kalimantan-timur?page_size=25&page_number=30","https://www.carmudi.co.id/mobil-bekas-dijual/indonesia_kalimantan-timur?page_size=25&page_number=30"
1282,"https://www.carmudi.co.id/mobil-bekas-dijual/indonesia_nusa-tenggara-barat?page_size=25&page_number=30",30,"indonesia_nusa-tenggara-barat?page_size=25&page_number=30","https://www.carmudi.co.id/mobil-bekas-dijual/indonesia_nusa-tenggara-barat?page_size=25&page_number=30"
1283,"https://www.carmudi.co.id/mobil-bekas-dijual/indonesia_sulawesi-tengah?page_size=25&page_number=30",30,"indonesia_sulawesi-tengah?page_size=25&page_number=30","https://www.carmudi.co.id/mobil-bekas-dijual/indonesia_sulawesi-tengah?page_size=25&page_number=30"
1284,"https://www.carmudi.co.id/mobil-bekas-dijual/indonesia_kalimantan-barat?page_size=25&page_number=30",30,"indonesia_kalimantan-barat?page_size=25&page_number=30","https://www.carmudi.co.id/mobil-bekas-dijual/indonesia_kalimantan-barat?page_size=25&page_number=30"
1285,"https://www.carmudi.co.id/mobil-bekas-dijual/indonesia_maluku?page_size=25&page_number=30",30,"indonesia_maluku?page_size=25&page_number=30","https://www.carmudi.co.id/mobil-bekas-dijual/indonesia_maluku?page_size=25&page_number=30"
1286,"https://www.carmudi.co.id/mobil-bekas-dijual/indonesia_maluku-utara?page_size=25&page_number=30",30,"indonesia_maluku-utara?page_size=25&page_number=30","https://www.carmudi.co.id/mobil-bekas-dijual/indonesia_maluku-utara?page_size=25&page_number=30"
1287,"https://www.carmudi.co.id/mobil-bekas-dijual/indonesia_sulawesi-barat?page_size=25&page_number=30",30,"indonesia_sulawesi-barat?page_size=25&page_number=30","https://www.carmudi.co.id/mobil-bekas-dijual/indonesia_sulawesi-barat?page_size=25&page_number=30"
1288,"https://www.carmudi.co.id/mobil-bekas-dijual/indonesia_sulawesi-tenggara?page_size=25&page_number=30",30,"indonesia_sulawesi-tenggara?page_size=25&page_number=30","https://www.carmudi.co.id/mobil-bekas-dijual/indonesia_sulawesi-tenggara?page_size=25&page_number=30"
1289,"https://www.carmudi.co.id/mobil-bekas-dijual/indonesia?page_number=31&page_size=25",31,"indonesia?page_number=31&page_size=25","https://www.carmudi.co.id/mobil-bekas-dijual/indonesia?page_number=31&page_size=25"
1290,"https://www.carmudi.co.id/mobil-bekas-dijual/indonesia?page_size=25&page_number=31",31,"indonesia?page_size=25&page_number=31","https://www.carmudi.co.id/mobil-bekas-dijual/indonesia?page_size=25&page_number=31"
1291,"https://www.carmudi.co.id/mobil-bekas-dijual/indonesia?transmission=automatic&page_size=25&page_number=31",31,"indonesia?transmission=automatic&page_size=25&page_number=31","https://www.carmudi.co.id/mobil-bekas-dijual/indonesia?transmission=automatic&page_size=25&page_number=31"
1292,"https://www.carmudi.co.id/mobil-bekas-dijual/indonesia?transmission=manual&page_size=25&page_number=31",31,"indonesia?transmission=manual&page_size=25&page_number=31","https://www.carmudi.co.id/mobil-bekas-dijual/indonesia?transmission=manual&page_size=25&page_number=31"
1293,"https://www.carmudi.co.id/mobil-bekas-dijual/indonesia?page_size=25&page_number=31&sort=best.match",31,"indonesia?page_size=25&page_number=31&sort=best.match","https://www.carmudi.co.id/mobil-bekas-dijual/indonesia?page_size=25&page_number=31&sort=best.match"
1294,"https://www.carmudi.co.id/mobil-bekas-dijual/indonesia?page_size=25&page_number=31&sort=modification_date_search.desc",31,"indonesia?page_size=25&page_number=31&sort=modification_date_search.desc","https://www.carmudi.co.id/mobil-bekas-dijual/indonesia?page_size=25&page_number=31&sort=modification_date_search.desc"
1295,"https://www.carmudi.co.id/mobil-bekas-dijual/indonesia?page_size=25&page_number=31&sort=price.asc",31,"indonesia?page_size=25&page_number=31&sort=price.asc","https://www.carmudi.co.id/mobil-bekas-dijual/indonesia?page_size=25&page_number=31&sort=price.asc"
1296,"https://www.carmudi.co.id/mobil-bekas-dijual/indonesia?page_size=25&page_number=31&sort=price.desc",31,"indonesia?page_size=25&page_number=31&sort=price.desc","https://www.carmudi.co.id/mobil-bekas-dijual/indonesia?page_size=25&page_number=31&sort=price.desc"
1297,"https://www.carmudi.co.id/mobil-bekas-dijual/indonesia?page_size=25&page_number=31&sort=year.desc",31,"indonesia?page_size=25&page_number=31&sort=year.desc","https://www.carmudi.co.id/mobil-bekas-dijual/indonesia?page_size=25&page_number=31&sort=year.desc"
1298,"https://www.carmudi.co.id/mobil-bekas-dijual/indonesia?page_size=25&page_number=31&sort=year.asc",31,"indonesia?page_size=25&page_number=31&sort=year.asc","https://www.carmudi.co.id/mobil-bekas-dijual/indonesia?page_size=25&page_number=31&sort=year.asc"
1299,"https://www.carmudi.co.id/mobil-bekas-dijual/indonesia?page_size=25&page_number=31&sort=mileage.asc",31,"indonesia?page_size=25&page_number=31&sort=mileage.asc","https://www.carmudi.co.id/mobil-bekas-dijual/indonesia?page_size=25&page_number=31&sort=mileage.asc"
1300,"https://www.carmudi.co.id/mobil-bekas-dijual/indonesia?page_size=25&page_number=31&sort=mileage.desc",31,"indonesia?page_size=25&page_number=31&sort=mileage.desc","https://www.carmudi.co.id/mobil-bekas-dijual/indonesia?page_size=25&page_number=31&sort=mileage.desc"
1301,"https://www.carmudi.co.id/mobil-bekas-dijual/indonesia_jabodetabek?page_size=25&page_number=31",31,"indonesia_jabodetabek?page_size=25&page_number=31","https://www.carmudi.co.id/mobil-bekas-dijual/indonesia_jabodetabek?page_size=25&page_number=31"
1302,"https://www.carmudi.co.id/mobil-bekas-dijual/indonesia_dki-jakarta?page_size=25&page_number=31",31,"indonesia_dki-jakarta?page_size=25&page_number=31","https://www.carmudi.co.id/mobil-bekas-dijual/indonesia_dki-jakarta?page_size=25&page_number=31"
1303,"https://www.carmudi.co.id/mobil-bekas-dijual/indonesia_banten?page_size=25&page_number=31",31,"indonesia_banten?page_size=25&page_number=31","https://www.carmudi.co.id/mobil-bekas-dijual/indonesia_banten?page_size=25&page_number=31"
1304,"https://www.carmudi.co.id/mobil-bekas-dijual/indonesia_jawa-barat?page_size=25&page_number=31",31,"indonesia_jawa-barat?page_size=25&page_number=31","https://www.carmudi.co.id/mobil-bekas-dijual/indonesia_jawa-barat?page_size=25&page_number=31"
1305,"https://www.carmudi.co.id/mobil-bekas-dijual/indonesia_jawa-timur?page_size=25&page_number=31",31,"indonesia_jawa-timur?page_size=25&page_number=31","https://www.carmudi.co.id/mobil-bekas-dijual/indonesia_jawa-timur?page_size=25&page_number=31"
1306,"https://www.carmudi.co.id/mobil-bekas-dijual/indonesia_jawa-tengah?page_size=25&page_number=31",31,"indonesia_jawa-tengah?page_size=25&page_number=31","https://www.carmudi.co.id/mobil-bekas-dijual/indonesia_jawa-tengah?page_size=25&page_number=31"
1307,"https://www.carmudi.co.id/mobil-bekas-dijual/indonesia_yogyakarta?page_size=25&page_number=31",31,"indonesia_yogyakarta?page_size=25&page_number=31","https://www.carmudi.co.id/mobil-bekas-dijual/indonesia_yogyakarta?page_size=25&page_number=31"
1308,"https://www.carmudi.co.id/mobil-bekas-dijual/indonesia_sumatera-utara?page_size=25&page_number=31",31,"indonesia_sumatera-utara?page_size=25&page_number=31","https://www.carmudi.co.id/mobil-bekas-dijual/indonesia_sumatera-utara?page_size=25&page_number=31"
1309,"https://www.carmudi.co.id/mobil-bekas-dijual/indonesia_bali?page_size=25&page_number=31",31,"indonesia_bali?page_size=25&page_number=31","https://www.carmudi.co.id/mobil-bekas-dijual/indonesia_bali?page_size=25&page_number=31"
1310,"https://www.carmudi.co.id/mobil-bekas-dijual/indonesia_lampung?page_size=25&page_number=31",31,"indonesia_lampung?page_size=25&page_number=31","https://www.carmudi.co.id/mobil-bekas-dijual/indonesia_lampung?page_size=25&page_number=31"
1311,"https://www.carmudi.co.id/mobil-bekas-dijual/indonesia_gorontalo?page_size=25&page_number=31",31,"indonesia_gorontalo?page_size=25&page_number=31","https://www.carmudi.co.id/mobil-bekas-dijual/indonesia_gorontalo?page_size=25&page_number=31"
1312,"https://www.carmudi.co.id/mobil-bekas-dijual/indonesia_riau?page_size=25&page_number=31",31,"indonesia_riau?page_size=25&page_number=31","https://www.carmudi.co.id/mobil-bekas-dijual/indonesia_riau?page_size=25&page_number=31"
1313,"https://www.carmudi.co.id/mobil-bekas-dijual/indonesia_sumatera-selatan?page_size=25&page_number=31",31,"indonesia_sumatera-selatan?page_size=25&page_number=31","https://www.carmudi.co.id/mobil-bekas-dijual/indonesia_sumatera-selatan?page_size=25&page_number=31"
1314,"https://www.carmudi.co.id/mobil-bekas-dijual/indonesia_sumatera-barat?page_size=25&page_number=31",31,"indonesia_sumatera-barat?page_size=25&page_number=31","https://www.carmudi.co.id/mobil-bekas-dijual/indonesia_sumatera-barat?page_size=25&page_number=31"
1315,"https://www.carmudi.co.id/mobil-bekas-dijual/indonesia_jambi?page_size=25&page_number=31",31,"indonesia_jambi?page_size=25&page_number=31","https://www.carmudi.co.id/mobil-bekas-dijual/indonesia_jambi?page_size=25&page_number=31"
1316,"https://www.carmudi.co.id/mobil-bekas-dijual/indonesia_sulawesi-selatan?page_size=25&page_number=31",31,"indonesia_sulawesi-selatan?page_size=25&page_number=31","https://www.carmudi.co.id/mobil-bekas-dijual/indonesia_sulawesi-selatan?page_size=25&page_number=31"
1317,"https://www.carmudi.co.id/mobil-bekas-dijual/indonesia_nangroe-aceh-darussalam?page_size=25&page_number=31",31,"indonesia_nangroe-aceh-darussalam?page_size=25&page_number=31","https://www.carmudi.co.id/mobil-bekas-dijual/indonesia_nangroe-aceh-darussalam?page_size=25&page_number=31"
1318,"https://www.carmudi.co.id/mobil-bekas-dijual/indonesia_sulawesi-utara?page_size=25&page_number=31",31,"indonesia_sulawesi-utara?page_size=25&page_number=31","https://www.carmudi.co.id/mobil-bekas-dijual/indonesia_sulawesi-utara?page_size=25&page_number=31"
1319,"https://www.carmudi.co.id/mobil-bekas-dijual/indonesia_kalimantan-timur?page_size=25&page_number=31",31,"indonesia_kalimantan-timur?page_size=25&page_number=31","https://www.carmudi.co.id/mobil-bekas-dijual/indonesia_kalimantan-timur?page_size=25&page_number=31"
1320,"https://www.carmudi.co.id/mobil-bekas-dijual/indonesia_nusa-tenggara-barat?page_size=25&page_number=31",31,"indonesia_nusa-tenggara-barat?page_size=25&page_number=31","https://www.carmudi.co.id/mobil-bekas-dijual/indonesia_nusa-tenggara-barat?page_size=25&page_number=31"
1321,"https://www.carmudi.co.id/mobil-bekas-dijual/indonesia_sulawesi-tengah?page_size=25&page_number=31",31,"indonesia_sulawesi-tengah?page_size=25&page_number=31","https://www.carmudi.co.id/mobil-bekas-dijual/indonesia_sulawesi-tengah?page_size=25&page_number=31"
1322,"https://www.carmudi.co.id/mobil-bekas-dijual/indonesia_kalimantan-barat?page_size=25&page_number=31",31,"indonesia_kalimantan-barat?page_size=25&page_number=31","https://www.carmudi.co.id/mobil-bekas-dijual/indonesia_kalimantan-barat?page_size=25&page_number=31"
1323,"https://www.carmudi.co.id/mobil-bekas-dijual/indonesia_maluku?page_size=25&page_number=31",31,"indonesia_maluku?page_size=25&page_number=31","https://www.carmudi.co.id/mobil-bekas-dijual/indonesia_maluku?page_size=25&page_number=31"
1324,"https://www.carmudi.co.id/mobil-bekas-dijual/indonesia_maluku-utara?page_size=25&page_number=31",31,"indonesia_maluku-utara?page_size=25&page_number=31","https://www.carmudi.co.id/mobil-bekas-dijual/indonesia_maluku-utara?page_size=25&page_number=31"
1325,"https://www.carmudi.co.id/mobil-bekas-dijual/indonesia_sulawesi-barat?page_size=25&page_number=31",31,"indonesia_sulawesi-barat?page_size=25&page_number=31","https://www.carmudi.co.id/mobil-bekas-dijual/indonesia_sulawesi-barat?page_size=25&page_number=31"
1326,"https://www.carmudi.co.id/mobil-bekas-dijual/indonesia_sulawesi-tenggara?page_size=25&page_number=31",31,"indonesia_sulawesi-tenggara?page_size=25&page_number=31","https://www.carmudi.co.id/mobil-bekas-dijual/indonesia_sulawesi-tenggara?page_size=25&page_number=31"
1327,"https://www.carmudi.co.id/mobil-bekas-dijual/indonesia?page_number=32&page_size=25",32,"indonesia?page_number=32&page_size=25","https://www.carmudi.co.id/mobil-bekas-dijual/indonesia?page_number=32&page_size=25"
1328,"https://www.carmudi.co.id/mobil-bekas-dijual/indonesia?page_size=25&page_number=32",32,"indonesia?page_size=25&page_number=32","https://www.carmudi.co.id/mobil-bekas-dijual/indonesia?page_size=25&page_number=32"
1329,"https://www.carmudi.co.id/mobil-bekas-dijual/indonesia?transmission=automatic&page_size=25&page_number=32",32,"indonesia?transmission=automatic&page_size=25&page_number=32","https://www.carmudi.co.id/mobil-bekas-dijual/indonesia?transmission=automatic&page_size=25&page_number=32"
1330,"https://www.carmudi.co.id/mobil-bekas-dijual/indonesia?transmission=manual&page_size=25&page_number=32",32,"indonesia?transmission=manual&page_size=25&page_number=32","https://www.carmudi.co.id/mobil-bekas-dijual/indonesia?transmission=manual&page_size=25&page_number=32"
1331,"https://www.carmudi.co.id/mobil-bekas-dijual/indonesia?page_size=25&page_number=32&sort=best.match",32,"indonesia?page_size=25&page_number=32&sort=best.match","https://www.carmudi.co.id/mobil-bekas-dijual/indonesia?page_size=25&page_number=32&sort=best.match"
1332,"https://www.carmudi.co.id/mobil-bekas-dijual/indonesia?page_size=25&page_number=32&sort=modification_date_search.desc",32,"indonesia?page_size=25&page_number=32&sort=modification_date_search.desc","https://www.carmudi.co.id/mobil-bekas-dijual/indonesia?page_size=25&page_number=32&sort=modification_date_search.desc"
1333,"https://www.carmudi.co.id/mobil-bekas-dijual/indonesia?page_size=25&page_number=32&sort=price.asc",32,"indonesia?page_size=25&page_number=32&sort=price.asc","https://www.carmudi.co.id/mobil-bekas-dijual/indonesia?page_size=25&page_number=32&sort=price.asc"
1334,"https://www.carmudi.co.id/mobil-bekas-dijual/indonesia?page_size=25&page_number=32&sort=price.desc",32,"indonesia?page_size=25&page_number=32&sort=price.desc","https://www.carmudi.co.id/mobil-bekas-dijual/indonesia?page_size=25&page_number=32&sort=price.desc"
1335,"https://www.carmudi.co.id/mobil-bekas-dijual/indonesia?page_size=25&page_number=32&sort=year.desc",32,"indonesia?page_size=25&page_number=32&sort=year.desc","https://www.carmudi.co.id/mobil-bekas-dijual/indonesia?page_size=25&page_number=32&sort=year.desc"
1336,"https://www.carmudi.co.id/mobil-bekas-dijual/indonesia?page_size=25&page_number=32&sort=year.asc",32,"indonesia?page_size=25&page_number=32&sort=year.asc","https://www.carmudi.co.id/mobil-bekas-dijual/indonesia?page_size=25&page_number=32&sort=year.asc"
1337,"https://www.carmudi.co.id/mobil-bekas-dijual/indonesia?page_size=25&page_number=32&sort=mileage.asc",32,"indonesia?page_size=25&page_number=32&sort=mileage.asc","https://www.carmudi.co.id/mobil-bekas-dijual/indonesia?page_size=25&page_number=32&sort=mileage.asc"
1338,"https://www.carmudi.co.id/mobil-bekas-dijual/indonesia?page_size=25&page_number=32&sort=mileage.desc",32,"indonesia?page_size=25&page_number=32&sort=mileage.desc","https://www.carmudi.co.id/mobil-bekas-dijual/indonesia?page_size=25&page_number=32&sort=mileage.desc"
1339,"https://www.carmudi.co.id/mobil-bekas-dijual/indonesia_jabodetabek?page_size=25&page_number=32",32,"indonesia_jabodetabek?page_size=25&page_number=32","https://www.carmudi.co.id/mobil-bekas-dijual/indonesia_jabodetabek?page_size=25&page_number=32"
1340,"https://www.carmudi.co.id/mobil-bekas-dijual/indonesia_dki-jakarta?page_size=25&page_number=32",32,"indonesia_dki-jakarta?page_size=25&page_number=32","https://www.carmudi.co.id/mobil-bekas-dijual/indonesia_dki-jakarta?page_size=25&page_number=32"
1341,"https://www.carmudi.co.id/mobil-bekas-dijual/indonesia_banten?page_size=25&page_number=32",32,"indonesia_banten?page_size=25&page_number=32","https://www.carmudi.co.id/mobil-bekas-dijual/indonesia_banten?page_size=25&page_number=32"
1342,"https://www.carmudi.co.id/mobil-bekas-dijual/indonesia_jawa-barat?page_size=25&page_number=32",32,"indonesia_jawa-barat?page_size=25&page_number=32","https://www.carmudi.co.id/mobil-bekas-dijual/indonesia_jawa-barat?page_size=25&page_number=32"
1343,"https://www.carmudi.co.id/mobil-bekas-dijual/indonesia_jawa-timur?page_size=25&page_number=32",32,"indonesia_jawa-timur?page_size=25&page_number=32","https://www.carmudi.co.id/mobil-bekas-dijual/indonesia_jawa-timur?page_size=25&page_number=32"
1344,"https://www.carmudi.co.id/mobil-bekas-dijual/indonesia_jawa-tengah?page_size=25&page_number=32",32,"indonesia_jawa-tengah?page_size=25&page_number=32","https://www.carmudi.co.id/mobil-bekas-dijual/indonesia_jawa-tengah?page_size=25&page_number=32"
1345,"https://www.carmudi.co.id/mobil-bekas-dijual/indonesia_yogyakarta?page_size=25&page_number=32",32,"indonesia_yogyakarta?page_size=25&page_number=32","https://www.carmudi.co.id/mobil-bekas-dijual/indonesia_yogyakarta?page_size=25&page_number=32"
1346,"https://www.carmudi.co.id/mobil-bekas-dijual/indonesia_sumatera-utara?page_size=25&page_number=32",32,"indonesia_sumatera-utara?page_size=25&page_number=32","https://www.carmudi.co.id/mobil-bekas-dijual/indonesia_sumatera-utara?page_size=25&page_number=32"
1347,"https://www.carmudi.co.id/mobil-bekas-dijual/indonesia_bali?page_size=25&page_number=32",32,"indonesia_bali?page_size=25&page_number=32","https://www.carmudi.co.id/mobil-bekas-dijual/indonesia_bali?page_size=25&page_number=32"
1348,"https://www.carmudi.co.id/mobil-bekas-dijual/indonesia_lampung?page_size=25&page_number=32",32,"indonesia_lampung?page_size=25&page_number=32","https://www.carmudi.co.id/mobil-bekas-dijual/indonesia_lampung?page_size=25&page_number=32"
1349,"https://www.carmudi.co.id/mobil-bekas-dijual/indonesia_gorontalo?page_size=25&page_number=32",32,"indonesia_gorontalo?page_size=25&page_number=32","https://www.carmudi.co.id/mobil-bekas-dijual/indonesia_gorontalo?page_size=25&page_number=32"
1350,"https://www.carmudi.co.id/mobil-bekas-dijual/indonesia_riau?page_size=25&page_number=32",32,"indonesia_riau?page_size=25&page_number=32","https://www.carmudi.co.id/mobil-bekas-dijual/indonesia_riau?page_size=25&page_number=32"
1351,"https://www.carmudi.co.id/mobil-bekas-dijual/indonesia_sumatera-selatan?page_size=25&page_number=32",32,"indonesia_sumatera-selatan?page_size=25&page_number=32","https://www.carmudi.co.id/mobil-bekas-dijual/indonesia_sumatera-selatan?page_size=25&page_number=32"
1352,"https://www.carmudi.co.id/mobil-bekas-dijual/indonesia_sumatera-barat?page_size=25&page_number=32",32,"indonesia_sumatera-barat?page_size=25&page_number=32","https://www.carmudi.co.id/mobil-bekas-dijual/indonesia_sumatera-barat?page_size=25&page_number=32"
1353,"https://www.carmudi.co.id/mobil-bekas-dijual/indonesia_jambi?page_size=25&page_number=32",32,"indonesia_jambi?page_size=25&page_number=32","https://www.carmudi.co.id/mobil-bekas-dijual/indonesia_jambi?page_size=25&page_number=32"
1354,"https://www.carmudi.co.id/mobil-bekas-dijual/indonesia_sulawesi-selatan?page_size=25&page_number=32",32,"indonesia_sulawesi-selatan?page_size=25&page_number=32","https://www.carmudi.co.id/mobil-bekas-dijual/indonesia_sulawesi-selatan?page_size=25&page_number=32"
1355,"https://www.carmudi.co.id/mobil-bekas-dijual/indonesia_nangroe-aceh-darussalam?page_size=25&page_number=32",32,"indonesia_nangroe-aceh-darussalam?page_size=25&page_number=32","https://www.carmudi.co.id/mobil-bekas-dijual/indonesia_nangroe-aceh-darussalam?page_size=25&page_number=32"
1356,"https://www.carmudi.co.id/mobil-bekas-dijual/indonesia_sulawesi-utara?page_size=25&page_number=32",32,"indonesia_sulawesi-utara?page_size=25&page_number=32","https://www.carmudi.co.id/mobil-bekas-dijual/indonesia_sulawesi-utara?page_size=25&page_number=32"
1357,"https://www.carmudi.co.id/mobil-bekas-dijual/indonesia_kalimantan-timur?page_size=25&page_number=32",32,"indonesia_kalimantan-timur?page_size=25&page_number=32","https://www.carmudi.co.id/mobil-bekas-dijual/indonesia_kalimantan-timur?page_size=25&page_number=32"
1358,"https://www.carmudi.co.id/mobil-bekas-dijual/indonesia_nusa-tenggara-barat?page_size=25&page_number=32",32,"indonesia_nusa-tenggara-barat?page_size=25&page_number=32","https://www.carmudi.co.id/mobil-bekas-dijual/indonesia_nusa-tenggara-barat?page_size=25&page_number=32"
1359,"https://www.carmudi.co.id/mobil-bekas-dijual/indonesia_sulawesi-tengah?page_size=25&page_number=32",32,"indonesia_sulawesi-tengah?page_size=25&page_number=32","https://www.carmudi.co.id/mobil-bekas-dijual/indonesia_sulawesi-tengah?page_size=25&page_number=32"
1360,"https://www.carmudi.co.id/mobil-bekas-dijual/indonesia_kalimantan-barat?page_size=25&page_number=32",32,"indonesia_kalimantan-barat?page_size=25&page_number=32","https://www.carmudi.co.id/mobil-bekas-dijual/indonesia_kalimantan-barat?page_size=25&page_number=32"
1361,"https://www.carmudi.co.id/mobil-bekas-dijual/indonesia_maluku?page_size=25&page_number=32",32,"indonesia_maluku?page_size=25&page_number=32","https://www.carmudi.co.id/mobil-bekas-dijual/indonesia_maluku?page_size=25&page_number=32"
1362,"https://www.carmudi.co.id/mobil-bekas-dijual/indonesia_maluku-utara?page_size=25&page_number=32",32,"indonesia_maluku-utara?page_size=25&page_number=32","https://www.carmudi.co.id/mobil-bekas-dijual/indonesia_maluku-utara?page_size=25&page_number=32"
1363,"https://www.carmudi.co.id/mobil-bekas-dijual/indonesia_sulawesi-barat?page_size=25&page_number=32",32,"indonesia_sulawesi-barat?page_size=25&page_number=32","https://www.carmudi.co.id/mobil-bekas-dijual/indonesia_sulawesi-barat?page_size=25&page_number=32"
1364,"https://www.carmudi.co.id/mobil-bekas-dijual/indonesia_sulawesi-tenggara?page_size=25&page_number=32",32,"indonesia_sulawesi-tenggara?page_size=25&page_number=32","https://www.carmudi.co.id/mobil-bekas-dijual/indonesia_sulawesi-tenggara?page_size=25&page_number=32"
1365,"https://www.carmudi.co.id/mobil-bekas-dijual/indonesia?page_number=33&page_size=25",33,"indonesia?page_number=33&page_size=25","https://www.carmudi.co.id/mobil-bekas-dijual/indonesia?page_number=33&page_size=25"
1366,"https://www.carmudi.co.id/mobil-bekas-dijual/indonesia?page_size=25&page_number=33",33,"indonesia?page_size=25&page_number=33","https://www.carmudi.co.id/mobil-bekas-dijual/indonesia?page_size=25&page_number=33"
1367,"https://www.carmudi.co.id/mobil-bekas-dijual/indonesia?transmission=automatic&page_size=25&page_number=33",33,"indonesia?transmission=automatic&page_size=25&page_number=33","https://www.carmudi.co.id/mobil-bekas-dijual/indonesia?transmission=automatic&page_size=25&page_number=33"
1368,"https://www.carmudi.co.id/mobil-bekas-dijual/indonesia?transmission=manual&page_size=25&page_number=33",33,"indonesia?transmission=manual&page_size=25&page_number=33","https://www.carmudi.co.id/mobil-bekas-dijual/indonesia?transmission=manual&page_size=25&page_number=33"
1369,"https://www.carmudi.co.id/mobil-bekas-dijual/indonesia?page_size=25&page_number=33&sort=best.match",33,"indonesia?page_size=25&page_number=33&sort=best.match","https://www.carmudi.co.id/mobil-bekas-dijual/indonesia?page_size=25&page_number=33&sort=best.match"
1370,"https://www.carmudi.co.id/mobil-bekas-dijual/indonesia?page_size=25&page_number=33&sort=modification_date_search.desc",33,"indonesia?page_size=25&page_number=33&sort=modification_date_search.desc","https://www.carmudi.co.id/mobil-bekas-dijual/indonesia?page_size=25&page_number=33&sort=modification_date_search.desc"
1371,"https://www.carmudi.co.id/mobil-bekas-dijual/indonesia?page_size=25&page_number=33&sort=price.asc",33,"indonesia?page_size=25&page_number=33&sort=price.asc","https://www.carmudi.co.id/mobil-bekas-dijual/indonesia?page_size=25&page_number=33&sort=price.asc"
1372,"https://www.carmudi.co.id/mobil-bekas-dijual/indonesia?page_size=25&page_number=33&sort=price.desc",33,"indonesia?page_size=25&page_number=33&sort=price.desc","https://www.carmudi.co.id/mobil-bekas-dijual/indonesia?page_size=25&page_number=33&sort=price.desc"
1373,"https://www.carmudi.co.id/mobil-bekas-dijual/indonesia?page_size=25&page_number=33&sort=year.desc",33,"indonesia?page_size=25&page_number=33&sort=year.desc","https://www.carmudi.co.id/mobil-bekas-dijual/indonesia?page_size=25&page_number=33&sort=year.desc"
1374,"https://www.carmudi.co.id/mobil-bekas-dijual/indonesia?page_size=25&page_number=33&sort=year.asc",33,"indonesia?page_size=25&page_number=33&sort=year.asc","https://www.carmudi.co.id/mobil-bekas-dijual/indonesia?page_size=25&page_number=33&sort=year.asc"
1375,"https://www.carmudi.co.id/mobil-bekas-dijual/indonesia?page_size=25&page_number=33&sort=mileage.asc",33,"indonesia?page_size=25&page_number=33&sort=mileage.asc","https://www.carmudi.co.id/mobil-bekas-dijual/indonesia?page_size=25&page_number=33&sort=mileage.asc"
1376,"https://www.carmudi.co.id/mobil-bekas-dijual/indonesia?page_size=25&page_number=33&sort=mileage.desc",33,"indonesia?page_size=25&page_number=33&sort=mileage.desc","https://www.carmudi.co.id/mobil-bekas-dijual/indonesia?page_size=25&page_number=33&sort=mileage.desc"
1377,"https://www.carmudi.co.id/mobil-bekas-dijual/indonesia_jabodetabek?page_size=25&page_number=33",33,"indonesia_jabodetabek?page_size=25&page_number=33","https://www.carmudi.co.id/mobil-bekas-dijual/indonesia_jabodetabek?page_size=25&page_number=33"
1378,"https://www.carmudi.co.id/mobil-bekas-dijual/indonesia_dki-jakarta?page_size=25&page_number=33",33,"indonesia_dki-jakarta?page_size=25&page_number=33","https://www.carmudi.co.id/mobil-bekas-dijual/indonesia_dki-jakarta?page_size=25&page_number=33"
1379,"https://www.carmudi.co.id/mobil-bekas-dijual/indonesia_banten?page_size=25&page_number=33",33,"indonesia_banten?page_size=25&page_number=33","https://www.carmudi.co.id/mobil-bekas-dijual/indonesia_banten?page_size=25&page_number=33"
1380,"https://www.carmudi.co.id/mobil-bekas-dijual/indonesia_jawa-barat?page_size=25&page_number=33",33,"indonesia_jawa-barat?page_size=25&page_number=33","https://www.carmudi.co.id/mobil-bekas-dijual/indonesia_jawa-barat?page_size=25&page_number=33"
1381,"https://www.carmudi.co.id/mobil-bekas-dijual/indonesia_jawa-timur?page_size=25&page_number=33",33,"indonesia_jawa-timur?page_size=25&page_number=33","https://www.carmudi.co.id/mobil-bekas-dijual/indonesia_jawa-timur?page_size=25&page_number=33"
1382,"https://www.carmudi.co.id/mobil-bekas-dijual/indonesia_jawa-tengah?page_size=25&page_number=33",33,"indonesia_jawa-tengah?page_size=25&page_number=33","https://www.carmudi.co.id/mobil-bekas-dijual/indonesia_jawa-tengah?page_size=25&page_number=33"
1383,"https://www.carmudi.co.id/mobil-bekas-dijual/indonesia_yogyakarta?page_size=25&page_number=33",33,"indonesia_yogyakarta?page_size=25&page_number=33","https://www.carmudi.co.id/mobil-bekas-dijual/indonesia_yogyakarta?page_size=25&page_number=33"
1384,"https://www.carmudi.co.id/mobil-bekas-dijual/indonesia_sumatera-utara?page_size=25&page_number=33",33,"indonesia_sumatera-utara?page_size=25&page_number=33","https://www.carmudi.co.id/mobil-bekas-dijual/indonesia_sumatera-utara?page_size=25&page_number=33"
1385,"https://www.carmudi.co.id/mobil-bekas-dijual/indonesia_bali?page_size=25&page_number=33",33,"indonesia_bali?page_size=25&page_number=33","https://www.carmudi.co.id/mobil-bekas-dijual/indonesia_bali?page_size=25&page_number=33"
1386,"https://www.carmudi.co.id/mobil-bekas-dijual/indonesia_lampung?page_size=25&page_number=33",33,"indonesia_lampung?page_size=25&page_number=33","https://www.carmudi.co.id/mobil-bekas-dijual/indonesia_lampung?page_size=25&page_number=33"
1387,"https://www.carmudi.co.id/mobil-bekas-dijual/indonesia_gorontalo?page_size=25&page_number=33",33,"indonesia_gorontalo?page_size=25&page_number=33","https://www.carmudi.co.id/mobil-bekas-dijual/indonesia_gorontalo?page_size=25&page_number=33"
1388,"https://www.carmudi.co.id/mobil-bekas-dijual/indonesia_riau?page_size=25&page_number=33",33,"indonesia_riau?page_size=25&page_number=33","https://www.carmudi.co.id/mobil-bekas-dijual/indonesia_riau?page_size=25&page_number=33"
1389,"https://www.carmudi.co.id/mobil-bekas-dijual/indonesia_sumatera-selatan?page_size=25&page_number=33",33,"indonesia_sumatera-selatan?page_size=25&page_number=33","https://www.carmudi.co.id/mobil-bekas-dijual/indonesia_sumatera-selatan?page_size=25&page_number=33"
1390,"https://www.carmudi.co.id/mobil-bekas-dijual/indonesia_sumatera-barat?page_size=25&page_number=33",33,"indonesia_sumatera-barat?page_size=25&page_number=33","https://www.carmudi.co.id/mobil-bekas-dijual/indonesia_sumatera-barat?page_size=25&page_number=33"
1391,"https://www.carmudi.co.id/mobil-bekas-dijual/indonesia_jambi?page_size=25&page_number=33",33,"indonesia_jambi?page_size=25&page_number=33","https://www.carmudi.co.id/mobil-bekas-dijual/indonesia_jambi?page_size=25&page_number=33"
1392,"https://www.carmudi.co.id/mobil-bekas-dijual/indonesia_sulawesi-selatan?page_size=25&page_number=33",33,"indonesia_sulawesi-selatan?page_size=25&page_number=33","https://www.carmudi.co.id/mobil-bekas-dijual/indonesia_sulawesi-selatan?page_size=25&page_number=33"
1393,"https://www.carmudi.co.id/mobil-bekas-dijual/indonesia_nangroe-aceh-darussalam?page_size=25&page_number=33",33,"indonesia_nangroe-aceh-darussalam?page_size=25&page_number=33","https://www.carmudi.co.id/mobil-bekas-dijual/indonesia_nangroe-aceh-darussalam?page_size=25&page_number=33"
1394,"https://www.carmudi.co.id/mobil-bekas-dijual/indonesia_sulawesi-utara?page_size=25&page_number=33",33,"indonesia_sulawesi-utara?page_size=25&page_number=33","https://www.carmudi.co.id/mobil-bekas-dijual/indonesia_sulawesi-utara?page_size=25&page_number=33"
1395,"https://www.carmudi.co.id/mobil-bekas-dijual/indonesia_kalimantan-timur?page_size=25&page_number=33",33,"indonesia_kalimantan-timur?page_size=25&page_number=33","https://www.carmudi.co.id/mobil-bekas-dijual/indonesia_kalimantan-timur?page_size=25&page_number=33"
1396,"https://www.carmudi.co.id/mobil-bekas-dijual/indonesia_nusa-tenggara-barat?page_size=25&page_number=33",33,"indonesia_nusa-tenggara-barat?page_size=25&page_number=33","https://www.carmudi.co.id/mobil-bekas-dijual/indonesia_nusa-tenggara-barat?page_size=25&page_number=33"
1397,"https://www.carmudi.co.id/mobil-bekas-dijual/indonesia_sulawesi-tengah?page_size=25&page_number=33",33,"indonesia_sulawesi-tengah?page_size=25&page_number=33","https://www.carmudi.co.id/mobil-bekas-dijual/indonesia_sulawesi-tengah?page_size=25&page_number=33"
1398,"https://www.carmudi.co.id/mobil-bekas-dijual/indonesia_kalimantan-barat?page_size=25&page_number=33",33,"indonesia_kalimantan-barat?page_size=25&page_number=33","https://www.carmudi.co.id/mobil-bekas-dijual/indonesia_kalimantan-barat?page_size=25&page_number=33"
1399,"https://www.carmudi.co.id/mobil-bekas-dijual/indonesia_maluku?page_size=25&page_number=33",33,"indonesia_maluku?page_size=25&page_number=33","https://www.carmudi.co.id/mobil-bekas-dijual/indonesia_maluku?page_size=25&page_number=33"
1400,"https://www.carmudi.co.id/mobil-bekas-dijual/indonesia_maluku-utara?page_size=25&page_number=33",33,"indonesia_maluku-utara?page_size=25&page_number=33","https://www.carmudi.co.id/mobil-bekas-dijual/indonesia_maluku-utara?page_size=25&page_number=33"
1401,"https://www.carmudi.co.id/mobil-bekas-dijual/indonesia_sulawesi-barat?page_size=25&page_number=33",33,"indonesia_sulawesi-barat?page_size=25&page_number=33","https://www.carmudi.co.id/mobil-bekas-dijual/indonesia_sulawesi-barat?page_size=25&page_number=33"
1402,"https://www.carmudi.co.id/mobil-bekas-dijual/indonesia_sulawesi-tenggara?page_size=25&page_number=33",33,"indonesia_sulawesi-tenggara?page_size=25&page_number=33","https://www.carmudi.co.id/mobil-bekas-dijual/indonesia_sulawesi-tenggara?page_size=25&page_number=33"
1403,"https://www.carmudi.co.id/mobil-bekas-dijual/indonesia?page_number=34&page_size=25",34,"indonesia?page_number=34&page_size=25","https://www.carmudi.co.id/mobil-bekas-dijual/indonesia?page_number=34&page_size=25"
1404,"https://www.carmudi.co.id/mobil-bekas-dijual/indonesia?page_size=25&page_number=34",34,"indonesia?page_size=25&page_number=34","https://www.carmudi.co.id/mobil-bekas-dijual/indonesia?page_size=25&page_number=34"
1405,"https://www.carmudi.co.id/mobil-bekas-dijual/indonesia?transmission=automatic&page_size=25&page_number=34",34,"indonesia?transmission=automatic&page_size=25&page_number=34","https://www.carmudi.co.id/mobil-bekas-dijual/indonesia?transmission=automatic&page_size=25&page_number=34"
1406,"https://www.carmudi.co.id/mobil-bekas-dijual/indonesia?transmission=manual&page_size=25&page_number=34",34,"indonesia?transmission=manual&page_size=25&page_number=34","https://www.carmudi.co.id/mobil-bekas-dijual/indonesia?transmission=manual&page_size=25&page_number=34"
1407,"https://www.carmudi.co.id/mobil-bekas-dijual/indonesia?page_size=25&page_number=34&sort=best.match",34,"indonesia?page_size=25&page_number=34&sort=best.match","https://www.carmudi.co.id/mobil-bekas-dijual/indonesia?page_size=25&page_number=34&sort=best.match"
1408,"https://www.carmudi.co.id/mobil-bekas-dijual/indonesia?page_size=25&page_number=34&sort=modification_date_search.desc",34,"indonesia?page_size=25&page_number=34&sort=modification_date_search.desc","https://www.carmudi.co.id/mobil-bekas-dijual/indonesia?page_size=25&page_number=34&sort=modification_date_search.desc"
1409,"https://www.carmudi.co.id/mobil-bekas-dijual/indonesia?page_size=25&page_number=34&sort=price.asc",34,"indonesia?page_size=25&page_number=34&sort=price.asc","https://www.carmudi.co.id/mobil-bekas-dijual/indonesia?page_size=25&page_number=34&sort=price.asc"
1410,"https://www.carmudi.co.id/mobil-bekas-dijual/indonesia?page_size=25&page_number=34&sort=price.desc",34,"indonesia?page_size=25&page_number=34&sort=price.desc","https://www.carmudi.co.id/mobil-bekas-dijual/indonesia?page_size=25&page_number=34&sort=price.desc"
1411,"https://www.carmudi.co.id/mobil-bekas-dijual/indonesia?page_size=25&page_number=34&sort=year.desc",34,"indonesia?page_size=25&page_number=34&sort=year.desc","https://www.carmudi.co.id/mobil-bekas-dijual/indonesia?page_size=25&page_number=34&sort=year.desc"
1412,"https://www.carmudi.co.id/mobil-bekas-dijual/indonesia?page_size=25&page_number=34&sort=year.asc",34,"indonesia?page_size=25&page_number=34&sort=year.asc","https://www.carmudi.co.id/mobil-bekas-dijual/indonesia?page_size=25&page_number=34&sort=year.asc"
1413,"https://www.carmudi.co.id/mobil-bekas-dijual/indonesia?page_size=25&page_number=34&sort=mileage.asc",34,"indonesia?page_size=25&page_number=34&sort=mileage.asc","https://www.carmudi.co.id/mobil-bekas-dijual/indonesia?page_size=25&page_number=34&sort=mileage.asc"
1414,"https://www.carmudi.co.id/mobil-bekas-dijual/indonesia?page_size=25&page_number=34&sort=mileage.desc",34,"indonesia?page_size=25&page_number=34&sort=mileage.desc","https://www.carmudi.co.id/mobil-bekas-dijual/indonesia?page_size=25&page_number=34&sort=mileage.desc"
1415,"https://www.carmudi.co.id/mobil-bekas-dijual/indonesia_jabodetabek?page_size=25&page_number=34",34,"indonesia_jabodetabek?page_size=25&page_number=34","https://www.carmudi.co.id/mobil-bekas-dijual/indonesia_jabodetabek?page_size=25&page_number=34"
1416,"https://www.carmudi.co.id/mobil-bekas-dijual/indonesia_dki-jakarta?page_size=25&page_number=34",34,"indonesia_dki-jakarta?page_size=25&page_number=34","https://www.carmudi.co.id/mobil-bekas-dijual/indonesia_dki-jakarta?page_size=25&page_number=34"
1417,"https://www.carmudi.co.id/mobil-bekas-dijual/indonesia_banten?page_size=25&page_number=34",34,"indonesia_banten?page_size=25&page_number=34","https://www.carmudi.co.id/mobil-bekas-dijual/indonesia_banten?page_size=25&page_number=34"
1418,"https://www.carmudi.co.id/mobil-bekas-dijual/indonesia_jawa-barat?page_size=25&page_number=34",34,"indonesia_jawa-barat?page_size=25&page_number=34","https://www.carmudi.co.id/mobil-bekas-dijual/indonesia_jawa-barat?page_size=25&page_number=34"
1419,"https://www.carmudi.co.id/mobil-bekas-dijual/indonesia_jawa-timur?page_size=25&page_number=34",34,"indonesia_jawa-timur?page_size=25&page_number=34","https://www.carmudi.co.id/mobil-bekas-dijual/indonesia_jawa-timur?page_size=25&page_number=34"
1420,"https://www.carmudi.co.id/mobil-bekas-dijual/indonesia_jawa-tengah?page_size=25&page_number=34",34,"indonesia_jawa-tengah?page_size=25&page_number=34","https://www.carmudi.co.id/mobil-bekas-dijual/indonesia_jawa-tengah?page_size=25&page_number=34"
1421,"https://www.carmudi.co.id/mobil-bekas-dijual/indonesia_yogyakarta?page_size=25&page_number=34",34,"indonesia_yogyakarta?page_size=25&page_number=34","https://www.carmudi.co.id/mobil-bekas-dijual/indonesia_yogyakarta?page_size=25&page_number=34"
1422,"https://www.carmudi.co.id/mobil-bekas-dijual/indonesia_sumatera-utara?page_size=25&page_number=34",34,"indonesia_sumatera-utara?page_size=25&page_number=34","https://www.carmudi.co.id/mobil-bekas-dijual/indonesia_sumatera-utara?page_size=25&page_number=34"
1423,"https://www.carmudi.co.id/mobil-bekas-dijual/indonesia_bali?page_size=25&page_number=34",34,"indonesia_bali?page_size=25&page_number=34","https://www.carmudi.co.id/mobil-bekas-dijual/indonesia_bali?page_size=25&page_number=34"
1424,"https://www.carmudi.co.id/mobil-bekas-dijual/indonesia_lampung?page_size=25&page_number=34",34,"indonesia_lampung?page_size=25&page_number=34","https://www.carmudi.co.id/mobil-bekas-dijual/indonesia_lampung?page_size=25&page_number=34"
1425,"https://www.carmudi.co.id/mobil-bekas-dijual/indonesia_gorontalo?page_size=25&page_number=34",34,"indonesia_gorontalo?page_size=25&page_number=34","https://www.carmudi.co.id/mobil-bekas-dijual/indonesia_gorontalo?page_size=25&page_number=34"
1426,"https://www.carmudi.co.id/mobil-bekas-dijual/indonesia_riau?page_size=25&page_number=34",34,"indonesia_riau?page_size=25&page_number=34","https://www.carmudi.co.id/mobil-bekas-dijual/indonesia_riau?page_size=25&page_number=34"
1427,"https://www.carmudi.co.id/mobil-bekas-dijual/indonesia_sumatera-selatan?page_size=25&page_number=34",34,"indonesia_sumatera-selatan?page_size=25&page_number=34","https://www.carmudi.co.id/mobil-bekas-dijual/indonesia_sumatera-selatan?page_size=25&page_number=34"
1428,"https://www.carmudi.co.id/mobil-bekas-dijual/indonesia_sumatera-barat?page_size=25&page_number=34",34,"indonesia_sumatera-barat?page_size=25&page_number=34","https://www.carmudi.co.id/mobil-bekas-dijual/indonesia_sumatera-barat?page_size=25&page_number=34"
1429,"https://www.carmudi.co.id/mobil-bekas-dijual/indonesia_jambi?page_size=25&page_number=34",34,"indonesia_jambi?page_size=25&page_number=34","https://www.carmudi.co.id/mobil-bekas-dijual/indonesia_jambi?page_size=25&page_number=34"
1430,"https://www.carmudi.co.id/mobil-bekas-dijual/indonesia_sulawesi-selatan?page_size=25&page_number=34",34,"indonesia_sulawesi-selatan?page_size=25&page_number=34","https://www.carmudi.co.id/mobil-bekas-dijual/indonesia_sulawesi-selatan?page_size=25&page_number=34"
1431,"https://www.carmudi.co.id/mobil-bekas-dijual/indonesia_nangroe-aceh-darussalam?page_size=25&page_number=34",34,"indonesia_nangroe-aceh-darussalam?page_size=25&page_number=34","https://www.carmudi.co.id/mobil-bekas-dijual/indonesia_nangroe-aceh-darussalam?page_size=25&page_number=34"
1432,"https://www.carmudi.co.id/mobil-bekas-dijual/indonesia_sulawesi-utara?page_size=25&page_number=34",34,"indonesia_sulawesi-utara?page_size=25&page_number=34","https://www.carmudi.co.id/mobil-bekas-dijual/indonesia_sulawesi-utara?page_size=25&page_number=34"
1433,"https://www.carmudi.co.id/mobil-bekas-dijual/indonesia_kalimantan-timur?page_size=25&page_number=34",34,"indonesia_kalimantan-timur?page_size=25&page_number=34","https://www.carmudi.co.id/mobil-bekas-dijual/indonesia_kalimantan-timur?page_size=25&page_number=34"
1434,"https://www.carmudi.co.id/mobil-bekas-dijual/indonesia_nusa-tenggara-barat?page_size=25&page_number=34",34,"indonesia_nusa-tenggara-barat?page_size=25&page_number=34","https://www.carmudi.co.id/mobil-bekas-dijual/indonesia_nusa-tenggara-barat?page_size=25&page_number=34"
1435,"https://www.carmudi.co.id/mobil-bekas-dijual/indonesia_sulawesi-tengah?page_size=25&page_number=34",34,"indonesia_sulawesi-tengah?page_size=25&page_number=34","https://www.carmudi.co.id/mobil-bekas-dijual/indonesia_sulawesi-tengah?page_size=25&page_number=34"
1436,"https://www.carmudi.co.id/mobil-bekas-dijual/indonesia_kalimantan-barat?page_size=25&page_number=34",34,"indonesia_kalimantan-barat?page_size=25&page_number=34","https://www.carmudi.co.id/mobil-bekas-dijual/indonesia_kalimantan-barat?page_size=25&page_number=34"
1437,"https://www.carmudi.co.id/mobil-bekas-dijual/indonesia_maluku?page_size=25&page_number=34",34,"indonesia_maluku?page_size=25&page_number=34","https://www.carmudi.co.id/mobil-bekas-dijual/indonesia_maluku?page_size=25&page_number=34"
1438,"https://www.carmudi.co.id/mobil-bekas-dijual/indonesia_maluku-utara?page_size=25&page_number=34",34,"indonesia_maluku-utara?page_size=25&page_number=34","https://www.carmudi.co.id/mobil-bekas-dijual/indonesia_maluku-utara?page_size=25&page_number=34"
1439,"https://www.carmudi.co.id/mobil-bekas-dijual/indonesia_sulawesi-barat?page_size=25&page_number=34",34,"indonesia_sulawesi-barat?page_size=25&page_number=34","https://www.carmudi.co.id/mobil-bekas-dijual/indonesia_sulawesi-barat?page_size=25&page_number=34"
1440,"https://www.carmudi.co.id/mobil-bekas-dijual/indonesia_sulawesi-tenggara?page_size=25&page_number=34",34,"indonesia_sulawesi-tenggara?page_size=25&page_number=34","https://www.carmudi.co.id/mobil-bekas-dijual/indonesia_sulawesi-tenggara?page_size=25&page_number=34"
1441,"https://www.carmudi.co.id/mobil-bekas-dijual/indonesia?page_number=35&page_size=25",35,"indonesia?page_number=35&page_size=25","https://www.carmudi.co.id/mobil-bekas-dijual/indonesia?page_number=35&page_size=25"
1442,"https://www.carmudi.co.id/mobil-bekas-dijual/indonesia?page_size=25&page_number=35",35,"indonesia?page_size=25&page_number=35","https://www.carmudi.co.id/mobil-bekas-dijual/indonesia?page_size=25&page_number=35"
1443,"https://www.carmudi.co.id/mobil-bekas-dijual/indonesia?transmission=automatic&page_size=25&page_number=35",35,"indonesia?transmission=automatic&page_size=25&page_number=35","https://www.carmudi.co.id/mobil-bekas-dijual/indonesia?transmission=automatic&page_size=25&page_number=35"
1444,"https://www.carmudi.co.id/mobil-bekas-dijual/indonesia?transmission=manual&page_size=25&page_number=35",35,"indonesia?transmission=manual&page_size=25&page_number=35","https://www.carmudi.co.id/mobil-bekas-dijual/indonesia?transmission=manual&page_size=25&page_number=35"
1445,"https://www.carmudi.co.id/mobil-bekas-dijual/indonesia?page_size=25&page_number=35&sort=best.match",35,"indonesia?page_size=25&page_number=35&sort=best.match","https://www.carmudi.co.id/mobil-bekas-dijual/indonesia?page_size=25&page_number=35&sort=best.match"
1446,"https://www.carmudi.co.id/mobil-bekas-dijual/indonesia?page_size=25&page_number=35&sort=modification_date_search.desc",35,"indonesia?page_size=25&page_number=35&sort=modification_date_search.desc","https://www.carmudi.co.id/mobil-bekas-dijual/indonesia?page_size=25&page_number=35&sort=modification_date_search.desc"
1447,"https://www.carmudi.co.id/mobil-bekas-dijual/indonesia?page_size=25&page_number=35&sort=price.asc",35,"indonesia?page_size=25&page_number=35&sort=price.asc","https://www.carmudi.co.id/mobil-bekas-dijual/indonesia?page_size=25&page_number=35&sort=price.asc"
1448,"https://www.carmudi.co.id/mobil-bekas-dijual/indonesia?page_size=25&page_number=35&sort=price.desc",35,"indonesia?page_size=25&page_number=35&sort=price.desc","https://www.carmudi.co.id/mobil-bekas-dijual/indonesia?page_size=25&page_number=35&sort=price.desc"
1449,"https://www.carmudi.co.id/mobil-bekas-dijual/indonesia?page_size=25&page_number=35&sort=year.desc",35,"indonesia?page_size=25&page_number=35&sort=year.desc","https://www.carmudi.co.id/mobil-bekas-dijual/indonesia?page_size=25&page_number=35&sort=year.desc"
1450,"https://www.carmudi.co.id/mobil-bekas-dijual/indonesia?page_size=25&page_number=35&sort=year.asc",35,"indonesia?page_size=25&page_number=35&sort=year.asc","https://www.carmudi.co.id/mobil-bekas-dijual/indonesia?page_size=25&page_number=35&sort=year.asc"
1451,"https://www.carmudi.co.id/mobil-bekas-dijual/indonesia?page_size=25&page_number=35&sort=mileage.asc",35,"indonesia?page_size=25&page_number=35&sort=mileage.asc","https://www.carmudi.co.id/mobil-bekas-dijual/indonesia?page_size=25&page_number=35&sort=mileage.asc"
1452,"https://www.carmudi.co.id/mobil-bekas-dijual/indonesia?page_size=25&page_number=35&sort=mileage.desc",35,"indonesia?page_size=25&page_number=35&sort=mileage.desc","https://www.carmudi.co.id/mobil-bekas-dijual/indonesia?page_size=25&page_number=35&sort=mileage.desc"
1453,"https://www.carmudi.co.id/mobil-bekas-dijual/indonesia_jabodetabek?page_size=25&page_number=35",35,"indonesia_jabodetabek?page_size=25&page_number=35","https://www.carmudi.co.id/mobil-bekas-dijual/indonesia_jabodetabek?page_size=25&page_number=35"
1454,"https://www.carmudi.co.id/mobil-bekas-dijual/indonesia_dki-jakarta?page_size=25&page_number=35",35,"indonesia_dki-jakarta?page_size=25&page_number=35","https://www.carmudi.co.id/mobil-bekas-dijual/indonesia_dki-jakarta?page_size=25&page_number=35"
1455,"https://www.carmudi.co.id/mobil-bekas-dijual/indonesia_banten?page_size=25&page_number=35",35,"indonesia_banten?page_size=25&page_number=35","https://www.carmudi.co.id/mobil-bekas-dijual/indonesia_banten?page_size=25&page_number=35"
1456,"https://www.carmudi.co.id/mobil-bekas-dijual/indonesia_jawa-barat?page_size=25&page_number=35",35,"indonesia_jawa-barat?page_size=25&page_number=35","https://www.carmudi.co.id/mobil-bekas-dijual/indonesia_jawa-barat?page_size=25&page_number=35"
1457,"https://www.carmudi.co.id/mobil-bekas-dijual/indonesia_jawa-timur?page_size=25&page_number=35",35,"indonesia_jawa-timur?page_size=25&page_number=35","https://www.carmudi.co.id/mobil-bekas-dijual/indonesia_jawa-timur?page_size=25&page_number=35"
1458,"https://www.carmudi.co.id/mobil-bekas-dijual/indonesia_jawa-tengah?page_size=25&page_number=35",35,"indonesia_jawa-tengah?page_size=25&page_number=35","https://www.carmudi.co.id/mobil-bekas-dijual/indonesia_jawa-tengah?page_size=25&page_number=35"
1459,"https://www.carmudi.co.id/mobil-bekas-dijual/indonesia_yogyakarta?page_size=25&page_number=35",35,"indonesia_yogyakarta?page_size=25&page_number=35","https://www.carmudi.co.id/mobil-bekas-dijual/indonesia_yogyakarta?page_size=25&page_number=35"
1460,"https://www.carmudi.co.id/mobil-bekas-dijual/indonesia_sumatera-utara?page_size=25&page_number=35",35,"indonesia_sumatera-utara?page_size=25&page_number=35","https://www.carmudi.co.id/mobil-bekas-dijual/indonesia_sumatera-utara?page_size=25&page_number=35"
1461,"https://www.carmudi.co.id/mobil-bekas-dijual/indonesia_bali?page_size=25&page_number=35",35,"indonesia_bali?page_size=25&page_number=35","https://www.carmudi.co.id/mobil-bekas-dijual/indonesia_bali?page_size=25&page_number=35"
1462,"https://www.carmudi.co.id/mobil-bekas-dijual/indonesia_lampung?page_size=25&page_number=35",35,"indonesia_lampung?page_size=25&page_number=35","https://www.carmudi.co.id/mobil-bekas-dijual/indonesia_lampung?page_size=25&page_number=35"
1463,"https://www.carmudi.co.id/mobil-bekas-dijual/indonesia_gorontalo?page_size=25&page_number=35",35,"indonesia_gorontalo?page_size=25&page_number=35","https://www.carmudi.co.id/mobil-bekas-dijual/indonesia_gorontalo?page_size=25&page_number=35"
1464,"https://www.carmudi.co.id/mobil-bekas-dijual/indonesia_riau?page_size=25&page_number=35",35,"indonesia_riau?page_size=25&page_number=35","https://www.carmudi.co.id/mobil-bekas-dijual/indonesia_riau?page_size=25&page_number=35"
1465,"https://www.carmudi.co.id/mobil-bekas-dijual/indonesia_sumatera-selatan?page_size=25&page_number=35",35,"indonesia_sumatera-selatan?page_size=25&page_number=35","https://www.carmudi.co.id/mobil-bekas-dijual/indonesia_sumatera-selatan?page_size=25&page_number=35"
1466,"https://www.carmudi.co.id/mobil-bekas-dijual/indonesia_sumatera-barat?page_size=25&page_number=35",35,"indonesia_sumatera-barat?page_size=25&page_number=35","https://www.carmudi.co.id/mobil-bekas-dijual/indonesia_sumatera-barat?page_size=25&page_number=35"
1467,"https://www.carmudi.co.id/mobil-bekas-dijual/indonesia_jambi?page_size=25&page_number=35",35,"indonesia_jambi?page_size=25&page_number=35","https://www.carmudi.co.id/mobil-bekas-dijual/indonesia_jambi?page_size=25&page_number=35"
1468,"https://www.carmudi.co.id/mobil-bekas-dijual/indonesia_sulawesi-selatan?page_size=25&page_number=35",35,"indonesia_sulawesi-selatan?page_size=25&page_number=35","https://www.carmudi.co.id/mobil-bekas-dijual/indonesia_sulawesi-selatan?page_size=25&page_number=35"
1469,"https://www.carmudi.co.id/mobil-bekas-dijual/indonesia_nangroe-aceh-darussalam?page_size=25&page_number=35",35,"indonesia_nangroe-aceh-darussalam?page_size=25&page_number=35","https://www.carmudi.co.id/mobil-bekas-dijual/indonesia_nangroe-aceh-darussalam?page_size=25&page_number=35"
1470,"https://www.carmudi.co.id/mobil-bekas-dijual/indonesia_sulawesi-utara?page_size=25&page_number=35",35,"indonesia_sulawesi-utara?page_size=25&page_number=35","https://www.carmudi.co.id/mobil-bekas-dijual/indonesia_sulawesi-utara?page_size=25&page_number=35"
1471,"https://www.carmudi.co.id/mobil-bekas-dijual/indonesia_kalimantan-timur?page_size=25&page_number=35",35,"indonesia_kalimantan-timur?page_size=25&page_number=35","https://www.carmudi.co.id/mobil-bekas-dijual/indonesia_kalimantan-timur?page_size=25&page_number=35"
1472,"https://www.carmudi.co.id/mobil-bekas-dijual/indonesia_nusa-tenggara-barat?page_size=25&page_number=35",35,"indonesia_nusa-tenggara-barat?page_size=25&page_number=35","https://www.carmudi.co.id/mobil-bekas-dijual/indonesia_nusa-tenggara-barat?page_size=25&page_number=35"
1473,"https://www.carmudi.co.id/mobil-bekas-dijual/indonesia_sulawesi-tengah?page_size=25&page_number=35",35,"indonesia_sulawesi-tengah?page_size=25&page_number=35","https://www.carmudi.co.id/mobil-bekas-dijual/indonesia_sulawesi-tengah?page_size=25&page_number=35"
1474,"https://www.carmudi.co.id/mobil-bekas-dijual/indonesia_kalimantan-barat?page_size=25&page_number=35",35,"indonesia_kalimantan-barat?page_size=25&page_number=35","https://www.carmudi.co.id/mobil-bekas-dijual/indonesia_kalimantan-barat?page_size=25&page_number=35"
1475,"https://www.carmudi.co.id/mobil-bekas-dijual/indonesia_maluku?page_size=25&page_number=35",35,"indonesia_maluku?page_size=25&page_number=35","https://www.carmudi.co.id/mobil-bekas-dijual/indonesia_maluku?page_size=25&page_number=35"
1476,"https://www.carmudi.co.id/mobil-bekas-dijual/indonesia_maluku-utara?page_size=25&page_number=35",35,"indonesia_maluku-utara?page_size=25&page_number=35","https://www.carmudi.co.id/mobil-bekas-dijual/indonesia_maluku-utara?page_size=25&page_number=35"
1477,"https://www.carmudi.co.id/mobil-bekas-dijual/indonesia_sulawesi-barat?page_size=25&page_number=35",35,"indonesia_sulawesi-barat?page_size=25&page_number=35","https://www.carmudi.co.id/mobil-bekas-dijual/indonesia_sulawesi-barat?page_size=25&page_number=35"
1478,"https://www.carmudi.co.id/mobil-bekas-dijual/indonesia_sulawesi-tenggara?page_size=25&page_number=35",35,"indonesia_sulawesi-tenggara?page_size=25&page_number=35","https://www.carmudi.co.id/mobil-bekas-dijual/indonesia_sulawesi-tenggara?page_size=25&page_number=35"
1479,"https://www.carmudi.co.id/mobil-bekas-dijual/indonesia?page_number=36&page_size=25",36,"indonesia?page_number=36&page_size=25","https://www.carmudi.co.id/mobil-bekas-dijual/indonesia?page_number=36&page_size=25"
1480,"https://www.carmudi.co.id/mobil-bekas-dijual/indonesia?page_size=25&page_number=36",36,"indonesia?page_size=25&page_number=36","https://www.carmudi.co.id/mobil-bekas-dijual/indonesia?page_size=25&page_number=36"
1481,"https://www.carmudi.co.id/mobil-bekas-dijual/indonesia?transmission=automatic&page_size=25&page_number=36",36,"indonesia?transmission=automatic&page_size=25&page_number=36","https://www.carmudi.co.id/mobil-bekas-dijual/indonesia?transmission=automatic&page_size=25&page_number=36"
1482,"https://www.carmudi.co.id/mobil-bekas-dijual/indonesia?transmission=manual&page_size=25&page_number=36",36,"indonesia?transmission=manual&page_size=25&page_number=36","https://www.carmudi.co.id/mobil-bekas-dijual/indonesia?transmission=manual&page_size=25&page_number=36"
1483,"https://www.carmudi.co.id/mobil-bekas-dijual/indonesia?page_size=25&page_number=36&sort=best.match",36,"indonesia?page_size=25&page_number=36&sort=best.match","https://www.carmudi.co.id/mobil-bekas-dijual/indonesia?page_size=25&page_number=36&sort=best.match"
1484,"https://www.carmudi.co.id/mobil-bekas-dijual/indonesia?page_size=25&page_number=36&sort=modification_date_search.desc",36,"indonesia?page_size=25&page_number=36&sort=modification_date_search.desc","https://www.carmudi.co.id/mobil-bekas-dijual/indonesia?page_size=25&page_number=36&sort=modification_date_search.desc"
1485,"https://www.carmudi.co.id/mobil-bekas-dijual/indonesia?page_size=25&page_number=36&sort=price.asc",36,"indonesia?page_size=25&page_number=36&sort=price.asc","https://www.carmudi.co.id/mobil-bekas-dijual/indonesia?page_size=25&page_number=36&sort=price.asc"
1486,"https://www.carmudi.co.id/mobil-bekas-dijual/indonesia?page_size=25&page_number=36&sort=price.desc",36,"indonesia?page_size=25&page_number=36&sort=price.desc","https://www.carmudi.co.id/mobil-bekas-dijual/indonesia?page_size=25&page_number=36&sort=price.desc"
1487,"https://www.carmudi.co.id/mobil-bekas-dijual/indonesia?page_size=25&page_number=36&sort=year.desc",36,"indonesia?page_size=25&page_number=36&sort=year.desc","https://www.carmudi.co.id/mobil-bekas-dijual/indonesia?page_size=25&page_number=36&sort=year.desc"
1488,"https://www.carmudi.co.id/mobil-bekas-dijual/indonesia?page_size=25&page_number=36&sort=year.asc",36,"indonesia?page_size=25&page_number=36&sort=year.asc","https://www.carmudi.co.id/mobil-bekas-dijual/indonesia?page_size=25&page_number=36&sort=year.asc"
1489,"https://www.carmudi.co.id/mobil-bekas-dijual/indonesia?page_size=25&page_number=36&sort=mileage.asc",36,"indonesia?page_size=25&page_number=36&sort=mileage.asc","https://www.carmudi.co.id/mobil-bekas-dijual/indonesia?page_size=25&page_number=36&sort=mileage.asc"
1490,"https://www.carmudi.co.id/mobil-bekas-dijual/indonesia?page_size=25&page_number=36&sort=mileage.desc",36,"indonesia?page_size=25&page_number=36&sort=mileage.desc","https://www.carmudi.co.id/mobil-bekas-dijual/indonesia?page_size=25&page_number=36&sort=mileage.desc"
1491,"https://www.carmudi.co.id/mobil-bekas-dijual/indonesia_jabodetabek?page_size=25&page_number=36",36,"indonesia_jabodetabek?page_size=25&page_number=36","https://www.carmudi.co.id/mobil-bekas-dijual/indonesia_jabodetabek?page_size=25&page_number=36"
1492,"https://www.carmudi.co.id/mobil-bekas-dijual/indonesia_dki-jakarta?page_size=25&page_number=36",36,"indonesia_dki-jakarta?page_size=25&page_number=36","https://www.carmudi.co.id/mobil-bekas-dijual/indonesia_dki-jakarta?page_size=25&page_number=36"
1493,"https://www.carmudi.co.id/mobil-bekas-dijual/indonesia_banten?page_size=25&page_number=36",36,"indonesia_banten?page_size=25&page_number=36","https://www.carmudi.co.id/mobil-bekas-dijual/indonesia_banten?page_size=25&page_number=36"
1494,"https://www.carmudi.co.id/mobil-bekas-dijual/indonesia_jawa-barat?page_size=25&page_number=36",36,"indonesia_jawa-barat?page_size=25&page_number=36","https://www.carmudi.co.id/mobil-bekas-dijual/indonesia_jawa-barat?page_size=25&page_number=36"
1495,"https://www.carmudi.co.id/mobil-bekas-dijual/indonesia_jawa-timur?page_size=25&page_number=36",36,"indonesia_jawa-timur?page_size=25&page_number=36","https://www.carmudi.co.id/mobil-bekas-dijual/indonesia_jawa-timur?page_size=25&page_number=36"
1496,"https://www.carmudi.co.id/mobil-bekas-dijual/indonesia_jawa-tengah?page_size=25&page_number=36",36,"indonesia_jawa-tengah?page_size=25&page_number=36","https://www.carmudi.co.id/mobil-bekas-dijual/indonesia_jawa-tengah?page_size=25&page_number=36"
1497,"https://www.carmudi.co.id/mobil-bekas-dijual/indonesia_yogyakarta?page_size=25&page_number=36",36,"indonesia_yogyakarta?page_size=25&page_number=36","https://www.carmudi.co.id/mobil-bekas-dijual/indonesia_yogyakarta?page_size=25&page_number=36"
1498,"https://www.carmudi.co.id/mobil-bekas-dijual/indonesia_sumatera-utara?page_size=25&page_number=36",36,"indonesia_sumatera-utara?page_size=25&page_number=36","https://www.carmudi.co.id/mobil-bekas-dijual/indonesia_sumatera-utara?page_size=25&page_number=36"
1499,"https://www.carmudi.co.id/mobil-bekas-dijual/indonesia_bali?page_size=25&page_number=36",36,"indonesia_bali?page_size=25&page_number=36","https://www.carmudi.co.id/mobil-bekas-dijual/indonesia_bali?page_size=25&page_number=36"
1500,"https://www.carmudi.co.id/mobil-bekas-dijual/indonesia_lampung?page_size=25&page_number=36",36,"indonesia_lampung?page_size=25&page_number=36","https://www.carmudi.co.id/mobil-bekas-dijual/indonesia_lampung?page_size=25&page_number=36"
1501,"https://www.carmudi.co.id/mobil-bekas-dijual/indonesia_gorontalo?page_size=25&page_number=36",36,"indonesia_gorontalo?page_size=25&page_number=36","https://www.carmudi.co.id/mobil-bekas-dijual/indonesia_gorontalo?page_size=25&page_number=36"
1502,"https://www.carmudi.co.id/mobil-bekas-dijual/indonesia_riau?page_size=25&page_number=36",36,"indonesia_riau?page_size=25&page_number=36","https://www.carmudi.co.id/mobil-bekas-dijual/indonesia_riau?page_size=25&page_number=36"
1503,"https://www.carmudi.co.id/mobil-bekas-dijual/indonesia_sumatera-selatan?page_size=25&page_number=36",36,"indonesia_sumatera-selatan?page_size=25&page_number=36","https://www.carmudi.co.id/mobil-bekas-dijual/indonesia_sumatera-selatan?page_size=25&page_number=36"
1504,"https://www.carmudi.co.id/mobil-bekas-dijual/indonesia_sumatera-barat?page_size=25&page_number=36",36,"indonesia_sumatera-barat?page_size=25&page_number=36","https://www.carmudi.co.id/mobil-bekas-dijual/indonesia_sumatera-barat?page_size=25&page_number=36"
1505,"https://www.carmudi.co.id/mobil-bekas-dijual/indonesia_jambi?page_size=25&page_number=36",36,"indonesia_jambi?page_size=25&page_number=36","https://www.carmudi.co.id/mobil-bekas-dijual/indonesia_jambi?page_size=25&page_number=36"
1506,"https://www.carmudi.co.id/mobil-bekas-dijual/indonesia_sulawesi-selatan?page_size=25&page_number=36",36,"indonesia_sulawesi-selatan?page_size=25&page_number=36","https://www.carmudi.co.id/mobil-bekas-dijual/indonesia_sulawesi-selatan?page_size=25&page_number=36"
1507,"https://www.carmudi.co.id/mobil-bekas-dijual/indonesia_nangroe-aceh-darussalam?page_size=25&page_number=36",36,"indonesia_nangroe-aceh-darussalam?page_size=25&page_number=36","https://www.carmudi.co.id/mobil-bekas-dijual/indonesia_nangroe-aceh-darussalam?page_size=25&page_number=36"
1508,"https://www.carmudi.co.id/mobil-bekas-dijual/indonesia_sulawesi-utara?page_size=25&page_number=36",36,"indonesia_sulawesi-utara?page_size=25&page_number=36","https://www.carmudi.co.id/mobil-bekas-dijual/indonesia_sulawesi-utara?page_size=25&page_number=36"
1509,"https://www.carmudi.co.id/mobil-bekas-dijual/indonesia_kalimantan-timur?page_size=25&page_number=36",36,"indonesia_kalimantan-timur?page_size=25&page_number=36","https://www.carmudi.co.id/mobil-bekas-dijual/indonesia_kalimantan-timur?page_size=25&page_number=36"
1510,"https://www.carmudi.co.id/mobil-bekas-dijual/indonesia_nusa-tenggara-barat?page_size=25&page_number=36",36,"indonesia_nusa-tenggara-barat?page_size=25&page_number=36","https://www.carmudi.co.id/mobil-bekas-dijual/indonesia_nusa-tenggara-barat?page_size=25&page_number=36"
1511,"https://www.carmudi.co.id/mobil-bekas-dijual/indonesia_sulawesi-tengah?page_size=25&page_number=36",36,"indonesia_sulawesi-tengah?page_size=25&page_number=36","https://www.carmudi.co.id/mobil-bekas-dijual/indonesia_sulawesi-tengah?page_size=25&page_number=36"
1512,"https://www.carmudi.co.id/mobil-bekas-dijual/indonesia_kalimantan-barat?page_size=25&page_number=36",36,"indonesia_kalimantan-barat?page_size=25&page_number=36","https://www.carmudi.co.id/mobil-bekas-dijual/indonesia_kalimantan-barat?page_size=25&page_number=36"
1513,"https://www.carmudi.co.id/mobil-bekas-dijual/indonesia_maluku?page_size=25&page_number=36",36,"indonesia_maluku?page_size=25&page_number=36","https://www.carmudi.co.id/mobil-bekas-dijual/indonesia_maluku?page_size=25&page_number=36"
1514,"https://www.carmudi.co.id/mobil-bekas-dijual/indonesia_maluku-utara?page_size=25&page_number=36",36,"indonesia_maluku-utara?page_size=25&page_number=36","https://www.carmudi.co.id/mobil-bekas-dijual/indonesia_maluku-utara?page_size=25&page_number=36"
1515,"https://www.carmudi.co.id/mobil-bekas-dijual/indonesia_sulawesi-barat?page_size=25&page_number=36",36,"indonesia_sulawesi-barat?page_size=25&page_number=36","https://www.carmudi.co.id/mobil-bekas-dijual/indonesia_sulawesi-barat?page_size=25&page_number=36"
1516,"https://www.carmudi.co.id/mobil-bekas-dijual/indonesia_sulawesi-tenggara?page_size=25&page_number=36",36,"indonesia_sulawesi-tenggara?page_size=25&page_number=36","https://www.carmudi.co.id/mobil-bekas-dijual/indonesia_sulawesi-tenggara?page_size=25&page_number=36"
1517,"https://www.carmudi.co.id/mobil-bekas-dijual/indonesia?page_number=37&page_size=25",37,"indonesia?page_number=37&page_size=25","https://www.carmudi.co.id/mobil-bekas-dijual/indonesia?page_number=37&page_size=25"
1518,"https://www.carmudi.co.id/mobil-bekas-dijual/indonesia?page_size=25&page_number=37",37,"indonesia?page_size=25&page_number=37","https://www.carmudi.co.id/mobil-bekas-dijual/indonesia?page_size=25&page_number=37"
1519,"https://www.carmudi.co.id/mobil-bekas-dijual/indonesia?transmission=automatic&page_size=25&page_number=37",37,"indonesia?transmission=automatic&page_size=25&page_number=37","https://www.carmudi.co.id/mobil-bekas-dijual/indonesia?transmission=automatic&page_size=25&page_number=37"
1520,"https://www.carmudi.co.id/mobil-bekas-dijual/indonesia?transmission=manual&page_size=25&page_number=37",37,"indonesia?transmission=manual&page_size=25&page_number=37","https://www.carmudi.co.id/mobil-bekas-dijual/indonesia?transmission=manual&page_size=25&page_number=37"
1521,"https://www.carmudi.co.id/mobil-bekas-dijual/indonesia?page_size=25&page_number=37&sort=best.match",37,"indonesia?page_size=25&page_number=37&sort=best.match","https://www.carmudi.co.id/mobil-bekas-dijual/indonesia?page_size=25&page_number=37&sort=best.match"
1522,"https://www.carmudi.co.id/mobil-bekas-dijual/indonesia?page_size=25&page_number=37&sort=modification_date_search.desc",37,"indonesia?page_size=25&page_number=37&sort=modification_date_search.desc","https://www.carmudi.co.id/mobil-bekas-dijual/indonesia?page_size=25&page_number=37&sort=modification_date_search.desc"
1523,"https://www.carmudi.co.id/mobil-bekas-dijual/indonesia?page_size=25&page_number=37&sort=price.asc",37,"indonesia?page_size=25&page_number=37&sort=price.asc","https://www.carmudi.co.id/mobil-bekas-dijual/indonesia?page_size=25&page_number=37&sort=price.asc"
1524,"https://www.carmudi.co.id/mobil-bekas-dijual/indonesia?page_size=25&page_number=37&sort=price.desc",37,"indonesia?page_size=25&page_number=37&sort=price.desc","https://www.carmudi.co.id/mobil-bekas-dijual/indonesia?page_size=25&page_number=37&sort=price.desc"
1525,"https://www.carmudi.co.id/mobil-bekas-dijual/indonesia?page_size=25&page_number=37&sort=year.desc",37,"indonesia?page_size=25&page_number=37&sort=year.desc","https://www.carmudi.co.id/mobil-bekas-dijual/indonesia?page_size=25&page_number=37&sort=year.desc"
1526,"https://www.carmudi.co.id/mobil-bekas-dijual/indonesia?page_size=25&page_number=37&sort=year.asc",37,"indonesia?page_size=25&page_number=37&sort=year.asc","https://www.carmudi.co.id/mobil-bekas-dijual/indonesia?page_size=25&page_number=37&sort=year.asc"
1527,"https://www.carmudi.co.id/mobil-bekas-dijual/indonesia?page_size=25&page_number=37&sort=mileage.asc",37,"indonesia?page_size=25&page_number=37&sort=mileage.asc","https://www.carmudi.co.id/mobil-bekas-dijual/indonesia?page_size=25&page_number=37&sort=mileage.asc"
1528,"https://www.carmudi.co.id/mobil-bekas-dijual/indonesia?page_size=25&page_number=37&sort=mileage.desc",37,"indonesia?page_size=25&page_number=37&sort=mileage.desc","https://www.carmudi.co.id/mobil-bekas-dijual/indonesia?page_size=25&page_number=37&sort=mileage.desc"
1529,"https://www.carmudi.co.id/mobil-bekas-dijual/indonesia_jabodetabek?page_size=25&page_number=37",37,"indonesia_jabodetabek?page_size=25&page_number=37","https://www.carmudi.co.id/mobil-bekas-dijual/indonesia_jabodetabek?page_size=25&page_number=37"
1530,"https://www.carmudi.co.id/mobil-bekas-dijual/indonesia_dki-jakarta?page_size=25&page_number=37",37,"indonesia_dki-jakarta?page_size=25&page_number=37","https://www.carmudi.co.id/mobil-bekas-dijual/indonesia_dki-jakarta?page_size=25&page_number=37"
1531,"https://www.carmudi.co.id/mobil-bekas-dijual/indonesia_banten?page_size=25&page_number=37",37,"indonesia_banten?page_size=25&page_number=37","https://www.carmudi.co.id/mobil-bekas-dijual/indonesia_banten?page_size=25&page_number=37"
1532,"https://www.carmudi.co.id/mobil-bekas-dijual/indonesia_jawa-barat?page_size=25&page_number=37",37,"indonesia_jawa-barat?page_size=25&page_number=37","https://www.carmudi.co.id/mobil-bekas-dijual/indonesia_jawa-barat?page_size=25&page_number=37"
1533,"https://www.carmudi.co.id/mobil-bekas-dijual/indonesia_jawa-timur?page_size=25&page_number=37",37,"indonesia_jawa-timur?page_size=25&page_number=37","https://www.carmudi.co.id/mobil-bekas-dijual/indonesia_jawa-timur?page_size=25&page_number=37"
1534,"https://www.carmudi.co.id/mobil-bekas-dijual/indonesia_jawa-tengah?page_size=25&page_number=37",37,"indonesia_jawa-tengah?page_size=25&page_number=37","https://www.carmudi.co.id/mobil-bekas-dijual/indonesia_jawa-tengah?page_size=25&page_number=37"
1535,"https://www.carmudi.co.id/mobil-bekas-dijual/indonesia_yogyakarta?page_size=25&page_number=37",37,"indonesia_yogyakarta?page_size=25&page_number=37","https://www.carmudi.co.id/mobil-bekas-dijual/indonesia_yogyakarta?page_size=25&page_number=37"
1536,"https://www.carmudi.co.id/mobil-bekas-dijual/indonesia_sumatera-utara?page_size=25&page_number=37",37,"indonesia_sumatera-utara?page_size=25&page_number=37","https://www.carmudi.co.id/mobil-bekas-dijual/indonesia_sumatera-utara?page_size=25&page_number=37"
1537,"https://www.carmudi.co.id/mobil-bekas-dijual/indonesia_bali?page_size=25&page_number=37",37,"indonesia_bali?page_size=25&page_number=37","https://www.carmudi.co.id/mobil-bekas-dijual/indonesia_bali?page_size=25&page_number=37"
1538,"https://www.carmudi.co.id/mobil-bekas-dijual/indonesia_lampung?page_size=25&page_number=37",37,"indonesia_lampung?page_size=25&page_number=37","https://www.carmudi.co.id/mobil-bekas-dijual/indonesia_lampung?page_size=25&page_number=37"
1539,"https://www.carmudi.co.id/mobil-bekas-dijual/indonesia_gorontalo?page_size=25&page_number=37",37,"indonesia_gorontalo?page_size=25&page_number=37","https://www.carmudi.co.id/mobil-bekas-dijual/indonesia_gorontalo?page_size=25&page_number=37"
1540,"https://www.carmudi.co.id/mobil-bekas-dijual/indonesia_riau?page_size=25&page_number=37",37,"indonesia_riau?page_size=25&page_number=37","https://www.carmudi.co.id/mobil-bekas-dijual/indonesia_riau?page_size=25&page_number=37"
1541,"https://www.carmudi.co.id/mobil-bekas-dijual/indonesia_sumatera-selatan?page_size=25&page_number=37",37,"indonesia_sumatera-selatan?page_size=25&page_number=37","https://www.carmudi.co.id/mobil-bekas-dijual/indonesia_sumatera-selatan?page_size=25&page_number=37"
1542,"https://www.carmudi.co.id/mobil-bekas-dijual/indonesia_sumatera-barat?page_size=25&page_number=37",37,"indonesia_sumatera-barat?page_size=25&page_number=37","https://www.carmudi.co.id/mobil-bekas-dijual/indonesia_sumatera-barat?page_size=25&page_number=37"
1543,"https://www.carmudi.co.id/mobil-bekas-dijual/indonesia_jambi?page_size=25&page_number=37",37,"indonesia_jambi?page_size=25&page_number=37","https://www.carmudi.co.id/mobil-bekas-dijual/indonesia_jambi?page_size=25&page_number=37"
1544,"https://www.carmudi.co.id/mobil-bekas-dijual/indonesia_sulawesi-selatan?page_size=25&page_number=37",37,"indonesia_sulawesi-selatan?page_size=25&page_number=37","https://www.carmudi.co.id/mobil-bekas-dijual/indonesia_sulawesi-selatan?page_size=25&page_number=37"
1545,"https://www.carmudi.co.id/mobil-bekas-dijual/indonesia_nangroe-aceh-darussalam?page_size=25&page_number=37",37,"indonesia_nangroe-aceh-darussalam?page_size=25&page_number=37","https://www.carmudi.co.id/mobil-bekas-dijual/indonesia_nangroe-aceh-darussalam?page_size=25&page_number=37"
1546,"https://www.carmudi.co.id/mobil-bekas-dijual/indonesia_sulawesi-utara?page_size=25&page_number=37",37,"indonesia_sulawesi-utara?page_size=25&page_number=37","https://www.carmudi.co.id/mobil-bekas-dijual/indonesia_sulawesi-utara?page_size=25&page_number=37"
1547,"https://www.carmudi.co.id/mobil-bekas-dijual/indonesia_kalimantan-timur?page_size=25&page_number=37",37,"indonesia_kalimantan-timur?page_size=25&page_number=37","https://www.carmudi.co.id/mobil-bekas-dijual/indonesia_kalimantan-timur?page_size=25&page_number=37"
1548,"https://www.carmudi.co.id/mobil-bekas-dijual/indonesia_nusa-tenggara-barat?page_size=25&page_number=37",37,"indonesia_nusa-tenggara-barat?page_size=25&page_number=37","https://www.carmudi.co.id/mobil-bekas-dijual/indonesia_nusa-tenggara-barat?page_size=25&page_number=37"
1549,"https://www.carmudi.co.id/mobil-bekas-dijual/indonesia_sulawesi-tengah?page_size=25&page_number=37",37,"indonesia_sulawesi-tengah?page_size=25&page_number=37","https://www.carmudi.co.id/mobil-bekas-dijual/indonesia_sulawesi-tengah?page_size=25&page_number=37"
1550,"https://www.carmudi.co.id/mobil-bekas-dijual/indonesia_kalimantan-barat?page_size=25&page_number=37",37,"indonesia_kalimantan-barat?page_size=25&page_number=37","https://www.carmudi.co.id/mobil-bekas-dijual/indonesia_kalimantan-barat?page_size=25&page_number=37"
1551,"https://www.carmudi.co.id/mobil-bekas-dijual/indonesia_maluku?page_size=25&page_number=37",37,"indonesia_maluku?page_size=25&page_number=37","https://www.carmudi.co.id/mobil-bekas-dijual/indonesia_maluku?page_size=25&page_number=37"
1552,"https://www.carmudi.co.id/mobil-bekas-dijual/indonesia_maluku-utara?page_size=25&page_number=37",37,"indonesia_maluku-utara?page_size=25&page_number=37","https://www.carmudi.co.id/mobil-bekas-dijual/indonesia_maluku-utara?page_size=25&page_number=37"
1553,"https://www.carmudi.co.id/mobil-bekas-dijual/indonesia_sulawesi-barat?page_size=25&page_number=37",37,"indonesia_sulawesi-barat?page_size=25&page_number=37","https://www.carmudi.co.id/mobil-bekas-dijual/indonesia_sulawesi-barat?page_size=25&page_number=37"
1554,"https://www.carmudi.co.id/mobil-bekas-dijual/indonesia_sulawesi-tenggara?page_size=25&page_number=37",37,"indonesia_sulawesi-tenggara?page_size=25&page_number=37","https://www.carmudi.co.id/mobil-bekas-dijual/indonesia_sulawesi-tenggara?page_size=25&page_number=37"
1555,"https://www.carmudi.co.id/mobil-bekas-dijual/indonesia?page_number=38&page_size=25",38,"indonesia?page_number=38&page_size=25","https://www.carmudi.co.id/mobil-bekas-dijual/indonesia?page_number=38&page_size=25"
1556,"https://www.carmudi.co.id/mobil-bekas-dijual/indonesia?page_size=25&page_number=38",38,"indonesia?page_size=25&page_number=38","https://www.carmudi.co.id/mobil-bekas-dijual/indonesia?page_size=25&page_number=38"
1557,"https://www.carmudi.co.id/mobil-bekas-dijual/indonesia?transmission=automatic&page_size=25&page_number=38",38,"indonesia?transmission=automatic&page_size=25&page_number=38","https://www.carmudi.co.id/mobil-bekas-dijual/indonesia?transmission=automatic&page_size=25&page_number=38"
1558,"https://www.carmudi.co.id/mobil-bekas-dijual/indonesia?transmission=manual&page_size=25&page_number=38",38,"indonesia?transmission=manual&page_size=25&page_number=38","https://www.carmudi.co.id/mobil-bekas-dijual/indonesia?transmission=manual&page_size=25&page_number=38"
1559,"https://www.carmudi.co.id/mobil-bekas-dijual/indonesia?page_size=25&page_number=38&sort=best.match",38,"indonesia?page_size=25&page_number=38&sort=best.match","https://www.carmudi.co.id/mobil-bekas-dijual/indonesia?page_size=25&page_number=38&sort=best.match"
1560,"https://www.carmudi.co.id/mobil-bekas-dijual/indonesia?page_size=25&page_number=38&sort=modification_date_search.desc",38,"indonesia?page_size=25&page_number=38&sort=modification_date_search.desc","https://www.carmudi.co.id/mobil-bekas-dijual/indonesia?page_size=25&page_number=38&sort=modification_date_search.desc"
1561,"https://www.carmudi.co.id/mobil-bekas-dijual/indonesia?page_size=25&page_number=38&sort=price.asc",38,"indonesia?page_size=25&page_number=38&sort=price.asc","https://www.carmudi.co.id/mobil-bekas-dijual/indonesia?page_size=25&page_number=38&sort=price.asc"
1562,"https://www.carmudi.co.id/mobil-bekas-dijual/indonesia?page_size=25&page_number=38&sort=price.desc",38,"indonesia?page_size=25&page_number=38&sort=price.desc","https://www.carmudi.co.id/mobil-bekas-dijual/indonesia?page_size=25&page_number=38&sort=price.desc"
1563,"https://www.carmudi.co.id/mobil-bekas-dijual/indonesia?page_size=25&page_number=38&sort=year.desc",38,"indonesia?page_size=25&page_number=38&sort=year.desc","https://www.carmudi.co.id/mobil-bekas-dijual/indonesia?page_size=25&page_number=38&sort=year.desc"
1564,"https://www.carmudi.co.id/mobil-bekas-dijual/indonesia?page_size=25&page_number=38&sort=year.asc",38,"indonesia?page_size=25&page_number=38&sort=year.asc","https://www.carmudi.co.id/mobil-bekas-dijual/indonesia?page_size=25&page_number=38&sort=year.asc"
1565,"https://www.carmudi.co.id/mobil-bekas-dijual/indonesia?page_size=25&page_number=38&sort=mileage.asc",38,"indonesia?page_size=25&page_number=38&sort=mileage.asc","https://www.carmudi.co.id/mobil-bekas-dijual/indonesia?page_size=25&page_number=38&sort=mileage.asc"
1566,"https://www.carmudi.co.id/mobil-bekas-dijual/indonesia?page_size=25&page_number=38&sort=mileage.desc",38,"indonesia?page_size=25&page_number=38&sort=mileage.desc","https://www.carmudi.co.id/mobil-bekas-dijual/indonesia?page_size=25&page_number=38&sort=mileage.desc"
1567,"https://www.carmudi.co.id/mobil-bekas-dijual/indonesia_jabodetabek?page_size=25&page_number=38",38,"indonesia_jabodetabek?page_size=25&page_number=38","https://www.carmudi.co.id/mobil-bekas-dijual/indonesia_jabodetabek?page_size=25&page_number=38"
1568,"https://www.carmudi.co.id/mobil-bekas-dijual/indonesia_dki-jakarta?page_size=25&page_number=38",38,"indonesia_dki-jakarta?page_size=25&page_number=38","https://www.carmudi.co.id/mobil-bekas-dijual/indonesia_dki-jakarta?page_size=25&page_number=38"
1569,"https://www.carmudi.co.id/mobil-bekas-dijual/indonesia_banten?page_size=25&page_number=38",38,"indonesia_banten?page_size=25&page_number=38","https://www.carmudi.co.id/mobil-bekas-dijual/indonesia_banten?page_size=25&page_number=38"
1570,"https://www.carmudi.co.id/mobil-bekas-dijual/indonesia_jawa-barat?page_size=25&page_number=38",38,"indonesia_jawa-barat?page_size=25&page_number=38","https://www.carmudi.co.id/mobil-bekas-dijual/indonesia_jawa-barat?page_size=25&page_number=38"
1571,"https://www.carmudi.co.id/mobil-bekas-dijual/indonesia_jawa-timur?page_size=25&page_number=38",38,"indonesia_jawa-timur?page_size=25&page_number=38","https://www.carmudi.co.id/mobil-bekas-dijual/indonesia_jawa-timur?page_size=25&page_number=38"
1572,"https://www.carmudi.co.id/mobil-bekas-dijual/indonesia_jawa-tengah?page_size=25&page_number=38",38,"indonesia_jawa-tengah?page_size=25&page_number=38","https://www.carmudi.co.id/mobil-bekas-dijual/indonesia_jawa-tengah?page_size=25&page_number=38"
1573,"https://www.carmudi.co.id/mobil-bekas-dijual/indonesia_yogyakarta?page_size=25&page_number=38",38,"indonesia_yogyakarta?page_size=25&page_number=38","https://www.carmudi.co.id/mobil-bekas-dijual/indonesia_yogyakarta?page_size=25&page_number=38"
1574,"https://www.carmudi.co.id/mobil-bekas-dijual/indonesia_sumatera-utara?page_size=25&page_number=38",38,"indonesia_sumatera-utara?page_size=25&page_number=38","https://www.carmudi.co.id/mobil-bekas-dijual/indonesia_sumatera-utara?page_size=25&page_number=38"
1575,"https://www.carmudi.co.id/mobil-bekas-dijual/indonesia_bali?page_size=25&page_number=38",38,"indonesia_bali?page_size=25&page_number=38","https://www.carmudi.co.id/mobil-bekas-dijual/indonesia_bali?page_size=25&page_number=38"
1576,"https://www.carmudi.co.id/mobil-bekas-dijual/indonesia_lampung?page_size=25&page_number=38",38,"indonesia_lampung?page_size=25&page_number=38","https://www.carmudi.co.id/mobil-bekas-dijual/indonesia_lampung?page_size=25&page_number=38"
1577,"https://www.carmudi.co.id/mobil-bekas-dijual/indonesia_gorontalo?page_size=25&page_number=38",38,"indonesia_gorontalo?page_size=25&page_number=38","https://www.carmudi.co.id/mobil-bekas-dijual/indonesia_gorontalo?page_size=25&page_number=38"
1578,"https://www.carmudi.co.id/mobil-bekas-dijual/indonesia_riau?page_size=25&page_number=38",38,"indonesia_riau?page_size=25&page_number=38","https://www.carmudi.co.id/mobil-bekas-dijual/indonesia_riau?page_size=25&page_number=38"
1579,"https://www.carmudi.co.id/mobil-bekas-dijual/indonesia_sumatera-selatan?page_size=25&page_number=38",38,"indonesia_sumatera-selatan?page_size=25&page_number=38","https://www.carmudi.co.id/mobil-bekas-dijual/indonesia_sumatera-selatan?page_size=25&page_number=38"
1580,"https://www.carmudi.co.id/mobil-bekas-dijual/indonesia_sumatera-barat?page_size=25&page_number=38",38,"indonesia_sumatera-barat?page_size=25&page_number=38","https://www.carmudi.co.id/mobil-bekas-dijual/indonesia_sumatera-barat?page_size=25&page_number=38"
1581,"https://www.carmudi.co.id/mobil-bekas-dijual/indonesia_jambi?page_size=25&page_number=38",38,"indonesia_jambi?page_size=25&page_number=38","https://www.carmudi.co.id/mobil-bekas-dijual/indonesia_jambi?page_size=25&page_number=38"
1582,"https://www.carmudi.co.id/mobil-bekas-dijual/indonesia_sulawesi-selatan?page_size=25&page_number=38",38,"indonesia_sulawesi-selatan?page_size=25&page_number=38","https://www.carmudi.co.id/mobil-bekas-dijual/indonesia_sulawesi-selatan?page_size=25&page_number=38"
1583,"https://www.carmudi.co.id/mobil-bekas-dijual/indonesia_nangroe-aceh-darussalam?page_size=25&page_number=38",38,"indonesia_nangroe-aceh-darussalam?page_size=25&page_number=38","https://www.carmudi.co.id/mobil-bekas-dijual/indonesia_nangroe-aceh-darussalam?page_size=25&page_number=38"
1584,"https://www.carmudi.co.id/mobil-bekas-dijual/indonesia_sulawesi-utara?page_size=25&page_number=38",38,"indonesia_sulawesi-utara?page_size=25&page_number=38","https://www.carmudi.co.id/mobil-bekas-dijual/indonesia_sulawesi-utara?page_size=25&page_number=38"
1585,"https://www.carmudi.co.id/mobil-bekas-dijual/indonesia_kalimantan-timur?page_size=25&page_number=38",38,"indonesia_kalimantan-timur?page_size=25&page_number=38","https://www.carmudi.co.id/mobil-bekas-dijual/indonesia_kalimantan-timur?page_size=25&page_number=38"
1586,"https://www.carmudi.co.id/mobil-bekas-dijual/indonesia_nusa-tenggara-barat?page_size=25&page_number=38",38,"indonesia_nusa-tenggara-barat?page_size=25&page_number=38","https://www.carmudi.co.id/mobil-bekas-dijual/indonesia_nusa-tenggara-barat?page_size=25&page_number=38"
1587,"https://www.carmudi.co.id/mobil-bekas-dijual/indonesia_sulawesi-tengah?page_size=25&page_number=38",38,"indonesia_sulawesi-tengah?page_size=25&page_number=38","https://www.carmudi.co.id/mobil-bekas-dijual/indonesia_sulawesi-tengah?page_size=25&page_number=38"
1588,"https://www.carmudi.co.id/mobil-bekas-dijual/indonesia_kalimantan-barat?page_size=25&page_number=38",38,"indonesia_kalimantan-barat?page_size=25&page_number=38","https://www.carmudi.co.id/mobil-bekas-dijual/indonesia_kalimantan-barat?page_size=25&page_number=38"
1589,"https://www.carmudi.co.id/mobil-bekas-dijual/indonesia_maluku?page_size=25&page_number=38",38,"indonesia_maluku?page_size=25&page_number=38","https://www.carmudi.co.id/mobil-bekas-dijual/indonesia_maluku?page_size=25&page_number=38"
1590,"https://www.carmudi.co.id/mobil-bekas-dijual/indonesia_maluku-utara?page_size=25&page_number=38",38,"indonesia_maluku-utara?page_size=25&page_number=38","https://www.carmudi.co.id/mobil-bekas-dijual/indonesia_maluku-utara?page_size=25&page_number=38"
1591,"https://www.carmudi.co.id/mobil-bekas-dijual/indonesia_sulawesi-barat?page_size=25&page_number=38",38,"indonesia_sulawesi-barat?page_size=25&page_number=38","https://www.carmudi.co.id/mobil-bekas-dijual/indonesia_sulawesi-barat?page_size=25&page_number=38"
1592,"https://www.carmudi.co.id/mobil-bekas-dijual/indonesia_sulawesi-tenggara?page_size=25&page_number=38",38,"indonesia_sulawesi-tenggara?page_size=25&page_number=38","https://www.carmudi.co.id/mobil-bekas-dijual/indonesia_sulawesi-tenggara?page_size=25&page_number=38"
1593,"https://www.carmudi.co.id/mobil-bekas-dijual/indonesia?page_number=39&page_size=25",39,"indonesia?page_number=39&page_size=25","https://www.carmudi.co.id/mobil-bekas-dijual/indonesia?page_number=39&page_size=25"
1594,"https://www.carmudi.co.id/mobil-bekas-dijual/indonesia?page_size=25&page_number=39",39,"indonesia?page_size=25&page_number=39","https://www.carmudi.co.id/mobil-bekas-dijual/indonesia?page_size=25&page_number=39"
1595,"https://www.carmudi.co.id/mobil-bekas-dijual/indonesia?transmission=automatic&page_size=25&page_number=39",39,"indonesia?transmission=automatic&page_size=25&page_number=39","https://www.carmudi.co.id/mobil-bekas-dijual/indonesia?transmission=automatic&page_size=25&page_number=39"
1596,"https://www.carmudi.co.id/mobil-bekas-dijual/indonesia?transmission=manual&page_size=25&page_number=39",39,"indonesia?transmission=manual&page_size=25&page_number=39","https://www.carmudi.co.id/mobil-bekas-dijual/indonesia?transmission=manual&page_size=25&page_number=39"
1597,"https://www.carmudi.co.id/mobil-bekas-dijual/indonesia?page_size=25&page_number=39&sort=best.match",39,"indonesia?page_size=25&page_number=39&sort=best.match","https://www.carmudi.co.id/mobil-bekas-dijual/indonesia?page_size=25&page_number=39&sort=best.match"
1598,"https://www.carmudi.co.id/mobil-bekas-dijual/indonesia?page_size=25&page_number=39&sort=modification_date_search.desc",39,"indonesia?page_size=25&page_number=39&sort=modification_date_search.desc","https://www.carmudi.co.id/mobil-bekas-dijual/indonesia?page_size=25&page_number=39&sort=modification_date_search.desc"
1599,"https://www.carmudi.co.id/mobil-bekas-dijual/indonesia?page_size=25&page_number=39&sort=price.asc",39,"indonesia?page_size=25&page_number=39&sort=price.asc","https://www.carmudi.co.id/mobil-bekas-dijual/indonesia?page_size=25&page_number=39&sort=price.asc"
1600,"https://www.carmudi.co.id/mobil-bekas-dijual/indonesia?page_size=25&page_number=39&sort=price.desc",39,"indonesia?page_size=25&page_number=39&sort=price.desc","https://www.carmudi.co.id/mobil-bekas-dijual/indonesia?page_size=25&page_number=39&sort=price.desc"
1601,"https://www.carmudi.co.id/mobil-bekas-dijual/indonesia?page_size=25&page_number=39&sort=year.desc",39,"indonesia?page_size=25&page_number=39&sort=year.desc","https://www.carmudi.co.id/mobil-bekas-dijual/indonesia?page_size=25&page_number=39&sort=year.desc"
1602,"https://www.carmudi.co.id/mobil-bekas-dijual/indonesia?page_size=25&page_number=39&sort=year.asc",39,"indonesia?page_size=25&page_number=39&sort=year.asc","https://www.carmudi.co.id/mobil-bekas-dijual/indonesia?page_size=25&page_number=39&sort=year.asc"
1603,"https://www.carmudi.co.id/mobil-bekas-dijual/indonesia?page_size=25&page_number=39&sort=mileage.asc",39,"indonesia?page_size=25&page_number=39&sort=mileage.asc","https://www.carmudi.co.id/mobil-bekas-dijual/indonesia?page_size=25&page_number=39&sort=mileage.asc"
1604,"https://www.carmudi.co.id/mobil-bekas-dijual/indonesia?page_size=25&page_number=39&sort=mileage.desc",39,"indonesia?page_size=25&page_number=39&sort=mileage.desc","https://www.carmudi.co.id/mobil-bekas-dijual/indonesia?page_size=25&page_number=39&sort=mileage.desc"
1605,"https://www.carmudi.co.id/mobil-bekas-dijual/indonesia_jabodetabek?page_size=25&page_number=39",39,"indonesia_jabodetabek?page_size=25&page_number=39","https://www.carmudi.co.id/mobil-bekas-dijual/indonesia_jabodetabek?page_size=25&page_number=39"
1606,"https://www.carmudi.co.id/mobil-bekas-dijual/indonesia_dki-jakarta?page_size=25&page_number=39",39,"indonesia_dki-jakarta?page_size=25&page_number=39","https://www.carmudi.co.id/mobil-bekas-dijual/indonesia_dki-jakarta?page_size=25&page_number=39"
1607,"https://www.carmudi.co.id/mobil-bekas-dijual/indonesia_banten?page_size=25&page_number=39",39,"indonesia_banten?page_size=25&page_number=39","https://www.carmudi.co.id/mobil-bekas-dijual/indonesia_banten?page_size=25&page_number=39"
1608,"https://www.carmudi.co.id/mobil-bekas-dijual/indonesia_jawa-barat?page_size=25&page_number=39",39,"indonesia_jawa-barat?page_size=25&page_number=39","https://www.carmudi.co.id/mobil-bekas-dijual/indonesia_jawa-barat?page_size=25&page_number=39"
1609,"https://www.carmudi.co.id/mobil-bekas-dijual/indonesia_jawa-timur?page_size=25&page_number=39",39,"indonesia_jawa-timur?page_size=25&page_number=39","https://www.carmudi.co.id/mobil-bekas-dijual/indonesia_jawa-timur?page_size=25&page_number=39"
1610,"https://www.carmudi.co.id/mobil-bekas-dijual/indonesia_jawa-tengah?page_size=25&page_number=39",39,"indonesia_jawa-tengah?page_size=25&page_number=39","https://www.carmudi.co.id/mobil-bekas-dijual/indonesia_jawa-tengah?page_size=25&page_number=39"
1611,"https://www.carmudi.co.id/mobil-bekas-dijual/indonesia_yogyakarta?page_size=25&page_number=39",39,"indonesia_yogyakarta?page_size=25&page_number=39","https://www.carmudi.co.id/mobil-bekas-dijual/indonesia_yogyakarta?page_size=25&page_number=39"
1612,"https://www.carmudi.co.id/mobil-bekas-dijual/indonesia_sumatera-utara?page_size=25&page_number=39",39,"indonesia_sumatera-utara?page_size=25&page_number=39","https://www.carmudi.co.id/mobil-bekas-dijual/indonesia_sumatera-utara?page_size=25&page_number=39"
1613,"https://www.carmudi.co.id/mobil-bekas-dijual/indonesia_bali?page_size=25&page_number=39",39,"indonesia_bali?page_size=25&page_number=39","https://www.carmudi.co.id/mobil-bekas-dijual/indonesia_bali?page_size=25&page_number=39"
1614,"https://www.carmudi.co.id/mobil-bekas-dijual/indonesia_lampung?page_size=25&page_number=39",39,"indonesia_lampung?page_size=25&page_number=39","https://www.carmudi.co.id/mobil-bekas-dijual/indonesia_lampung?page_size=25&page_number=39"
1615,"https://www.carmudi.co.id/mobil-bekas-dijual/indonesia_gorontalo?page_size=25&page_number=39",39,"indonesia_gorontalo?page_size=25&page_number=39","https://www.carmudi.co.id/mobil-bekas-dijual/indonesia_gorontalo?page_size=25&page_number=39"
1616,"https://www.carmudi.co.id/mobil-bekas-dijual/indonesia_riau?page_size=25&page_number=39",39,"indonesia_riau?page_size=25&page_number=39","https://www.carmudi.co.id/mobil-bekas-dijual/indonesia_riau?page_size=25&page_number=39"
1617,"https://www.carmudi.co.id/mobil-bekas-dijual/indonesia_sumatera-selatan?page_size=25&page_number=39",39,"indonesia_sumatera-selatan?page_size=25&page_number=39","https://www.carmudi.co.id/mobil-bekas-dijual/indonesia_sumatera-selatan?page_size=25&page_number=39"
1618,"https://www.carmudi.co.id/mobil-bekas-dijual/indonesia_sumatera-barat?page_size=25&page_number=39",39,"indonesia_sumatera-barat?page_size=25&page_number=39","https://www.carmudi.co.id/mobil-bekas-dijual/indonesia_sumatera-barat?page_size=25&page_number=39"
1619,"https://www.carmudi.co.id/mobil-bekas-dijual/indonesia_jambi?page_size=25&page_number=39",39,"indonesia_jambi?page_size=25&page_number=39","https://www.carmudi.co.id/mobil-bekas-dijual/indonesia_jambi?page_size=25&page_number=39"
1620,"https://www.carmudi.co.id/mobil-bekas-dijual/indonesia_sulawesi-selatan?page_size=25&page_number=39",39,"indonesia_sulawesi-selatan?page_size=25&page_number=39","https://www.carmudi.co.id/mobil-bekas-dijual/indonesia_sulawesi-selatan?page_size=25&page_number=39"
1621,"https://www.carmudi.co.id/mobil-bekas-dijual/indonesia_nangroe-aceh-darussalam?page_size=25&page_number=39",39,"indonesia_nangroe-aceh-darussalam?page_size=25&page_number=39","https://www.carmudi.co.id/mobil-bekas-dijual/indonesia_nangroe-aceh-darussalam?page_size=25&page_number=39"
1622,"https://www.carmudi.co.id/mobil-bekas-dijual/indonesia_sulawesi-utara?page_size=25&page_number=39",39,"indonesia_sulawesi-utara?page_size=25&page_number=39","https://www.carmudi.co.id/mobil-bekas-dijual/indonesia_sulawesi-utara?page_size=25&page_number=39"
1623,"https://www.carmudi.co.id/mobil-bekas-dijual/indonesia_kalimantan-timur?page_size=25&page_number=39",39,"indonesia_kalimantan-timur?page_size=25&page_number=39","https://www.carmudi.co.id/mobil-bekas-dijual/indonesia_kalimantan-timur?page_size=25&page_number=39"
1624,"https://www.carmudi.co.id/mobil-bekas-dijual/indonesia_nusa-tenggara-barat?page_size=25&page_number=39",39,"indonesia_nusa-tenggara-barat?page_size=25&page_number=39","https://www.carmudi.co.id/mobil-bekas-dijual/indonesia_nusa-tenggara-barat?page_size=25&page_number=39"
1625,"https://www.carmudi.co.id/mobil-bekas-dijual/indonesia_sulawesi-tengah?page_size=25&page_number=39",39,"indonesia_sulawesi-tengah?page_size=25&page_number=39","https://www.carmudi.co.id/mobil-bekas-dijual/indonesia_sulawesi-tengah?page_size=25&page_number=39"
1626,"https://www.carmudi.co.id/mobil-bekas-dijual/indonesia_kalimantan-barat?page_size=25&page_number=39",39,"indonesia_kalimantan-barat?page_size=25&page_number=39","https://www.carmudi.co.id/mobil-bekas-dijual/indonesia_kalimantan-barat?page_size=25&page_number=39"
1627,"https://www.carmudi.co.id/mobil-bekas-dijual/indonesia_maluku?page_size=25&page_number=39",39,"indonesia_maluku?page_size=25&page_number=39","https://www.carmudi.co.id/mobil-bekas-dijual/indonesia_maluku?page_size=25&page_number=39"
1628,"https://www.carmudi.co.id/mobil-bekas-dijual/indonesia_maluku-utara?page_size=25&page_number=39",39,"indonesia_maluku-utara?page_size=25&page_number=39","https://www.carmudi.co.id/mobil-bekas-dijual/indonesia_maluku-utara?page_size=25&page_number=39"
1629,"https://www.carmudi.co.id/mobil-bekas-dijual/indonesia_sulawesi-barat?page_size=25&page_number=39",39,"indonesia_sulawesi-barat?page_size=25&page_number=39","https://www.carmudi.co.id/mobil-bekas-dijual/indonesia_sulawesi-barat?page_size=25&page_number=39"
1630,"https://www.carmudi.co.id/mobil-bekas-dijual/indonesia_sulawesi-tenggara?page_size=25&page_number=39",39,"indonesia_sulawesi-tenggara?page_size=25&page_number=39","https://www.carmudi.co.id/mobil-bekas-dijual/indonesia_sulawesi-tenggara?page_size=25&page_number=39"
1631,"https://www.carmudi.co.id/mobil-bekas-dijual/indonesia?page_number=40&page_size=25",40,"indonesia?page_number=40&page_size=25","https://www.carmudi.co.id/mobil-bekas-dijual/indonesia?page_number=40&page_size=25"
1632,"https://www.carmudi.co.id/mobil-bekas-dijual/indonesia?page_size=25&page_number=40",40,"indonesia?page_size=25&page_number=40","https://www.carmudi.co.id/mobil-bekas-dijual/indonesia?page_size=25&page_number=40"
1633,"https://www.carmudi.co.id/mobil-bekas-dijual/indonesia?transmission=automatic&page_size=25&page_number=40",40,"indonesia?transmission=automatic&page_size=25&page_number=40","https://www.carmudi.co.id/mobil-bekas-dijual/indonesia?transmission=automatic&page_size=25&page_number=40"
1634,"https://www.carmudi.co.id/mobil-bekas-dijual/indonesia?transmission=manual&page_size=25&page_number=40",40,"indonesia?transmission=manual&page_size=25&page_number=40","https://www.carmudi.co.id/mobil-bekas-dijual/indonesia?transmission=manual&page_size=25&page_number=40"
1635,"https://www.carmudi.co.id/mobil-bekas-dijual/indonesia?page_size=25&page_number=40&sort=best.match",40,"indonesia?page_size=25&page_number=40&sort=best.match","https://www.carmudi.co.id/mobil-bekas-dijual/indonesia?page_size=25&page_number=40&sort=best.match"
1636,"https://www.carmudi.co.id/mobil-bekas-dijual/indonesia?page_size=25&page_number=40&sort=modification_date_search.desc",40,"indonesia?page_size=25&page_number=40&sort=modification_date_search.desc","https://www.carmudi.co.id/mobil-bekas-dijual/indonesia?page_size=25&page_number=40&sort=modification_date_search.desc"
1637,"https://www.carmudi.co.id/mobil-bekas-dijual/indonesia?page_size=25&page_number=40&sort=price.asc",40,"indonesia?page_size=25&page_number=40&sort=price.asc","https://www.carmudi.co.id/mobil-bekas-dijual/indonesia?page_size=25&page_number=40&sort=price.asc"
1638,"https://www.carmudi.co.id/mobil-bekas-dijual/indonesia?page_size=25&page_number=40&sort=price.desc",40,"indonesia?page_size=25&page_number=40&sort=price.desc","https://www.carmudi.co.id/mobil-bekas-dijual/indonesia?page_size=25&page_number=40&sort=price.desc"
1639,"https://www.carmudi.co.id/mobil-bekas-dijual/indonesia?page_size=25&page_number=40&sort=year.desc",40,"indonesia?page_size=25&page_number=40&sort=year.desc","https://www.carmudi.co.id/mobil-bekas-dijual/indonesia?page_size=25&page_number=40&sort=year.desc"
1640,"https://www.carmudi.co.id/mobil-bekas-dijual/indonesia?page_size=25&page_number=40&sort=year.asc",40,"indonesia?page_size=25&page_number=40&sort=year.asc","https://www.carmudi.co.id/mobil-bekas-dijual/indonesia?page_size=25&page_number=40&sort=year.asc"
1641,"https://www.carmudi.co.id/mobil-bekas-dijual/indonesia?page_size=25&page_number=40&sort=mileage.asc",40,"indonesia?page_size=25&page_number=40&sort=mileage.asc","https://www.carmudi.co.id/mobil-bekas-dijual/indonesia?page_size=25&page_number=40&sort=mileage.asc"
1642,"https://www.carmudi.co.id/mobil-bekas-dijual/indonesia?page_size=25&page_number=40&sort=mileage.desc",40,"indonesia?page_size=25&page_number=40&sort=mileage.desc","https://www.carmudi.co.id/mobil-bekas-dijual/indonesia?page_size=25&page_number=40&sort=mileage.desc"
1643,"https://www.carmudi.co.id/mobil-bekas-dijual/indonesia_jabodetabek?page_size=25&page_number=40",40,"indonesia_jabodetabek?page_size=25&page_number=40","https://www.carmudi.co.id/mobil-bekas-dijual/indonesia_jabodetabek?page_size=25&page_number=40"
1644,"https://www.carmudi.co.id/mobil-bekas-dijual/indonesia_dki-jakarta?page_size=25&page_number=40",40,"indonesia_dki-jakarta?page_size=25&page_number=40","https://www.carmudi.co.id/mobil-bekas-dijual/indonesia_dki-jakarta?page_size=25&page_number=40"
1645,"https://www.carmudi.co.id/mobil-bekas-dijual/indonesia_banten?page_size=25&page_number=40",40,"indonesia_banten?page_size=25&page_number=40","https://www.carmudi.co.id/mobil-bekas-dijual/indonesia_banten?page_size=25&page_number=40"
1646,"https://www.carmudi.co.id/mobil-bekas-dijual/indonesia_jawa-barat?page_size=25&page_number=40",40,"indonesia_jawa-barat?page_size=25&page_number=40","https://www.carmudi.co.id/mobil-bekas-dijual/indonesia_jawa-barat?page_size=25&page_number=40"
1647,"https://www.carmudi.co.id/mobil-bekas-dijual/indonesia_jawa-timur?page_size=25&page_number=40",40,"indonesia_jawa-timur?page_size=25&page_number=40","https://www.carmudi.co.id/mobil-bekas-dijual/indonesia_jawa-timur?page_size=25&page_number=40"
1648,"https://www.carmudi.co.id/mobil-bekas-dijual/indonesia_jawa-tengah?page_size=25&page_number=40",40,"indonesia_jawa-tengah?page_size=25&page_number=40","https://www.carmudi.co.id/mobil-bekas-dijual/indonesia_jawa-tengah?page_size=25&page_number=40"
1649,"https://www.carmudi.co.id/mobil-bekas-dijual/indonesia_yogyakarta?page_size=25&page_number=40",40,"indonesia_yogyakarta?page_size=25&page_number=40","https://www.carmudi.co.id/mobil-bekas-dijual/indonesia_yogyakarta?page_size=25&page_number=40"
1650,"https://www.carmudi.co.id/mobil-bekas-dijual/indonesia_sumatera-utara?page_size=25&page_number=40",40,"indonesia_sumatera-utara?page_size=25&page_number=40","https://www.carmudi.co.id/mobil-bekas-dijual/indonesia_sumatera-utara?page_size=25&page_number=40"
1651,"https://www.carmudi.co.id/mobil-bekas-dijual/indonesia_bali?page_size=25&page_number=40",40,"indonesia_bali?page_size=25&page_number=40","https://www.carmudi.co.id/mobil-bekas-dijual/indonesia_bali?page_size=25&page_number=40"
1652,"https://www.carmudi.co.id/mobil-bekas-dijual/indonesia_lampung?page_size=25&page_number=40",40,"indonesia_lampung?page_size=25&page_number=40","https://www.carmudi.co.id/mobil-bekas-dijual/indonesia_lampung?page_size=25&page_number=40"
1653,"https://www.carmudi.co.id/mobil-bekas-dijual/indonesia_gorontalo?page_size=25&page_number=40",40,"indonesia_gorontalo?page_size=25&page_number=40","https://www.carmudi.co.id/mobil-bekas-dijual/indonesia_gorontalo?page_size=25&page_number=40"
1654,"https://www.carmudi.co.id/mobil-bekas-dijual/indonesia_riau?page_size=25&page_number=40",40,"indonesia_riau?page_size=25&page_number=40","https://www.carmudi.co.id/mobil-bekas-dijual/indonesia_riau?page_size=25&page_number=40"
1655,"https://www.carmudi.co.id/mobil-bekas-dijual/indonesia_sumatera-selatan?page_size=25&page_number=40",40,"indonesia_sumatera-selatan?page_size=25&page_number=40","https://www.carmudi.co.id/mobil-bekas-dijual/indonesia_sumatera-selatan?page_size=25&page_number=40"
1656,"https://www.carmudi.co.id/mobil-bekas-dijual/indonesia_sumatera-barat?page_size=25&page_number=40",40,"indonesia_sumatera-barat?page_size=25&page_number=40","https://www.carmudi.co.id/mobil-bekas-dijual/indonesia_sumatera-barat?page_size=25&page_number=40"
1657,"https://www.carmudi.co.id/mobil-bekas-dijual/indonesia_jambi?page_size=25&page_number=40",40,"indonesia_jambi?page_size=25&page_number=40","https://www.carmudi.co.id/mobil-bekas-dijual/indonesia_jambi?page_size=25&page_number=40"
1658,"https://www.carmudi.co.id/mobil-bekas-dijual/indonesia_sulawesi-selatan?page_size=25&page_number=40",40,"indonesia_sulawesi-selatan?page_size=25&page_number=40","https://www.carmudi.co.id/mobil-bekas-dijual/indonesia_sulawesi-selatan?page_size=25&page_number=40"
1659,"https://www.carmudi.co.id/mobil-bekas-dijual/indonesia_nangroe-aceh-darussalam?page_size=25&page_number=40",40,"indonesia_nangroe-aceh-darussalam?page_size=25&page_number=40","https://www.carmudi.co.id/mobil-bekas-dijual/indonesia_nangroe-aceh-darussalam?page_size=25&page_number=40"
1660,"https://www.carmudi.co.id/mobil-bekas-dijual/indonesia_sulawesi-utara?page_size=25&page_number=40",40,"indonesia_sulawesi-utara?page_size=25&page_number=40","https://www.carmudi.co.id/mobil-bekas-dijual/indonesia_sulawesi-utara?page_size=25&page_number=40"
1661,"https://www.carmudi.co.id/mobil-bekas-dijual/indonesia_kalimantan-timur?page_size=25&page_number=40",40,"indonesia_kalimantan-timur?page_size=25&page_number=40","https://www.carmudi.co.id/mobil-bekas-dijual/indonesia_kalimantan-timur?page_size=25&page_number=40"
1662,"https://www.carmudi.co.id/mobil-bekas-dijual/indonesia_nusa-tenggara-barat?page_size=25&page_number=40",40,"indonesia_nusa-tenggara-barat?page_size=25&page_number=40","https://www.carmudi.co.id/mobil-bekas-dijual/indonesia_nusa-tenggara-barat?page_size=25&page_number=40"
1663,"https://www.carmudi.co.id/mobil-bekas-dijual/indonesia_sulawesi-tengah?page_size=25&page_number=40",40,"indonesia_sulawesi-tengah?page_size=25&page_number=40","https://www.carmudi.co.id/mobil-bekas-dijual/indonesia_sulawesi-tengah?page_size=25&page_number=40"
1664,"https://www.carmudi.co.id/mobil-bekas-dijual/indonesia_kalimantan-barat?page_size=25&page_number=40",40,"indonesia_kalimantan-barat?page_size=25&page_number=40","https://www.carmudi.co.id/mobil-bekas-dijual/indonesia_kalimantan-barat?page_size=25&page_number=40"
1665,"https://www.carmudi.co.id/mobil-bekas-dijual/indonesia_maluku?page_size=25&page_number=40",40,"indonesia_maluku?page_size=25&page_number=40","https://www.carmudi.co.id/mobil-bekas-dijual/indonesia_maluku?page_size=25&page_number=40"
1666,"https://www.carmudi.co.id/mobil-bekas-dijual/indonesia_maluku-utara?page_size=25&page_number=40",40,"indonesia_maluku-utara?page_size=25&page_number=40","https://www.carmudi.co.id/mobil-bekas-dijual/indonesia_maluku-utara?page_size=25&page_number=40"
1667,"https://www.carmudi.co.id/mobil-bekas-dijual/indonesia_sulawesi-barat?page_size=25&page_number=40",40,"indonesia_sulawesi-barat?page_size=25&page_number=40","https://www.carmudi.co.id/mobil-bekas-dijual/indonesia_sulawesi-barat?page_size=25&page_number=40"
1668,"https://www.carmudi.co.id/mobil-bekas-dijual/indonesia_sulawesi-tenggara?page_size=25&page_number=40",40,"indonesia_sulawesi-tenggara?page_size=25&page_number=40","https://www.carmudi.co.id/mobil-bekas-dijual/indonesia_sulawesi-tenggara?page_size=25&page_number=40"
1669,"https://www.carmudi.co.id/mobil-bekas-dijual/indonesia?page_number=41&page_size=25",41,"indonesia?page_number=41&page_size=25","https://www.carmudi.co.id/mobil-bekas-dijual/indonesia?page_number=41&page_size=25"
1670,"https://www.carmudi.co.id/mobil-bekas-dijual/indonesia?page_size=25&page_number=41",41,"indonesia?page_size=25&page_number=41","https://www.carmudi.co.id/mobil-bekas-dijual/indonesia?page_size=25&page_number=41"
1671,"https://www.carmudi.co.id/mobil-bekas-dijual/indonesia?transmission=automatic&page_size=25&page_number=41",41,"indonesia?transmission=automatic&page_size=25&page_number=41","https://www.carmudi.co.id/mobil-bekas-dijual/indonesia?transmission=automatic&page_size=25&page_number=41"
1672,"https://www.carmudi.co.id/mobil-bekas-dijual/indonesia?transmission=manual&page_size=25&page_number=41",41,"indonesia?transmission=manual&page_size=25&page_number=41","https://www.carmudi.co.id/mobil-bekas-dijual/indonesia?transmission=manual&page_size=25&page_number=41"
1673,"https://www.carmudi.co.id/mobil-bekas-dijual/indonesia?page_size=25&page_number=41&sort=best.match",41,"indonesia?page_size=25&page_number=41&sort=best.match","https://www.carmudi.co.id/mobil-bekas-dijual/indonesia?page_size=25&page_number=41&sort=best.match"
1674,"https://www.carmudi.co.id/mobil-bekas-dijual/indonesia?page_size=25&page_number=41&sort=modification_date_search.desc",41,"indonesia?page_size=25&page_number=41&sort=modification_date_search.desc","https://www.carmudi.co.id/mobil-bekas-dijual/indonesia?page_size=25&page_number=41&sort=modification_date_search.desc"
1675,"https://www.carmudi.co.id/mobil-bekas-dijual/indonesia?page_size=25&page_number=41&sort=price.asc",41,"indonesia?page_size=25&page_number=41&sort=price.asc","https://www.carmudi.co.id/mobil-bekas-dijual/indonesia?page_size=25&page_number=41&sort=price.asc"
1676,"https://www.carmudi.co.id/mobil-bekas-dijual/indonesia?page_size=25&page_number=41&sort=price.desc",41,"indonesia?page_size=25&page_number=41&sort=price.desc","https://www.carmudi.co.id/mobil-bekas-dijual/indonesia?page_size=25&page_number=41&sort=price.desc"
1677,"https://www.carmudi.co.id/mobil-bekas-dijual/indonesia?page_size=25&page_number=41&sort=year.desc",41,"indonesia?page_size=25&page_number=41&sort=year.desc","https://www.carmudi.co.id/mobil-bekas-dijual/indonesia?page_size=25&page_number=41&sort=year.desc"
1678,"https://www.carmudi.co.id/mobil-bekas-dijual/indonesia?page_size=25&page_number=41&sort=year.asc",41,"indonesia?page_size=25&page_number=41&sort=year.asc","https://www.carmudi.co.id/mobil-bekas-dijual/indonesia?page_size=25&page_number=41&sort=year.asc"
1679,"https://www.carmudi.co.id/mobil-bekas-dijual/indonesia?page_size=25&page_number=41&sort=mileage.asc",41,"indonesia?page_size=25&page_number=41&sort=mileage.asc","https://www.carmudi.co.id/mobil-bekas-dijual/indonesia?page_size=25&page_number=41&sort=mileage.asc"
1680,"https://www.carmudi.co.id/mobil-bekas-dijual/indonesia?page_size=25&page_number=41&sort=mileage.desc",41,"indonesia?page_size=25&page_number=41&sort=mileage.desc","https://www.carmudi.co.id/mobil-bekas-dijual/indonesia?page_size=25&page_number=41&sort=mileage.desc"
1681,"https://www.carmudi.co.id/mobil-bekas-dijual/indonesia_jabodetabek?page_size=25&page_number=41",41,"indonesia_jabodetabek?page_size=25&page_number=41","https://www.carmudi.co.id/mobil-bekas-dijual/indonesia_jabodetabek?page_size=25&page_number=41"
1682,"https://www.carmudi.co.id/mobil-bekas-dijual/indonesia_dki-jakarta?page_size=25&page_number=41",41,"indonesia_dki-jakarta?page_size=25&page_number=41","https://www.carmudi.co.id/mobil-bekas-dijual/indonesia_dki-jakarta?page_size=25&page_number=41"
1683,"https://www.carmudi.co.id/mobil-bekas-dijual/indonesia_banten?page_size=25&page_number=41",41,"indonesia_banten?page_size=25&page_number=41","https://www.carmudi.co.id/mobil-bekas-dijual/indonesia_banten?page_size=25&page_number=41"
1684,"https://www.carmudi.co.id/mobil-bekas-dijual/indonesia_jawa-barat?page_size=25&page_number=41",41,"indonesia_jawa-barat?page_size=25&page_number=41","https://www.carmudi.co.id/mobil-bekas-dijual/indonesia_jawa-barat?page_size=25&page_number=41"
1685,"https://www.carmudi.co.id/mobil-bekas-dijual/indonesia_jawa-timur?page_size=25&page_number=41",41,"indonesia_jawa-timur?page_size=25&page_number=41","https://www.carmudi.co.id/mobil-bekas-dijual/indonesia_jawa-timur?page_size=25&page_number=41"
1686,"https://www.carmudi.co.id/mobil-bekas-dijual/indonesia_jawa-tengah?page_size=25&page_number=41",41,"indonesia_jawa-tengah?page_size=25&page_number=41","https://www.carmudi.co.id/mobil-bekas-dijual/indonesia_jawa-tengah?page_size=25&page_number=41"
1687,"https://www.carmudi.co.id/mobil-bekas-dijual/indonesia_yogyakarta?page_size=25&page_number=41",41,"indonesia_yogyakarta?page_size=25&page_number=41","https://www.carmudi.co.id/mobil-bekas-dijual/indonesia_yogyakarta?page_size=25&page_number=41"
1688,"https://www.carmudi.co.id/mobil-bekas-dijual/indonesia_sumatera-utara?page_size=25&page_number=41",41,"indonesia_sumatera-utara?page_size=25&page_number=41","https://www.carmudi.co.id/mobil-bekas-dijual/indonesia_sumatera-utara?page_size=25&page_number=41"
1689,"https://www.carmudi.co.id/mobil-bekas-dijual/indonesia_bali?page_size=25&page_number=41",41,"indonesia_bali?page_size=25&page_number=41","https://www.carmudi.co.id/mobil-bekas-dijual/indonesia_bali?page_size=25&page_number=41"
1690,"https://www.carmudi.co.id/mobil-bekas-dijual/indonesia_lampung?page_size=25&page_number=41",41,"indonesia_lampung?page_size=25&page_number=41","https://www.carmudi.co.id/mobil-bekas-dijual/indonesia_lampung?page_size=25&page_number=41"
1691,"https://www.carmudi.co.id/mobil-bekas-dijual/indonesia_gorontalo?page_size=25&page_number=41",41,"indonesia_gorontalo?page_size=25&page_number=41","https://www.carmudi.co.id/mobil-bekas-dijual/indonesia_gorontalo?page_size=25&page_number=41"
1692,"https://www.carmudi.co.id/mobil-bekas-dijual/indonesia_riau?page_size=25&page_number=41",41,"indonesia_riau?page_size=25&page_number=41","https://www.carmudi.co.id/mobil-bekas-dijual/indonesia_riau?page_size=25&page_number=41"
1693,"https://www.carmudi.co.id/mobil-bekas-dijual/indonesia_sumatera-selatan?page_size=25&page_number=41",41,"indonesia_sumatera-selatan?page_size=25&page_number=41","https://www.carmudi.co.id/mobil-bekas-dijual/indonesia_sumatera-selatan?page_size=25&page_number=41"
1694,"https://www.carmudi.co.id/mobil-bekas-dijual/indonesia_sumatera-barat?page_size=25&page_number=41",41,"indonesia_sumatera-barat?page_size=25&page_number=41","https://www.carmudi.co.id/mobil-bekas-dijual/indonesia_sumatera-barat?page_size=25&page_number=41"
1695,"https://www.carmudi.co.id/mobil-bekas-dijual/indonesia_jambi?page_size=25&page_number=41",41,"indonesia_jambi?page_size=25&page_number=41","https://www.carmudi.co.id/mobil-bekas-dijual/indonesia_jambi?page_size=25&page_number=41"
1696,"https://www.carmudi.co.id/mobil-bekas-dijual/indonesia_sulawesi-selatan?page_size=25&page_number=41",41,"indonesia_sulawesi-selatan?page_size=25&page_number=41","https://www.carmudi.co.id/mobil-bekas-dijual/indonesia_sulawesi-selatan?page_size=25&page_number=41"
1697,"https://www.carmudi.co.id/mobil-bekas-dijual/indonesia_nangroe-aceh-darussalam?page_size=25&page_number=41",41,"indonesia_nangroe-aceh-darussalam?page_size=25&page_number=41","https://www.carmudi.co.id/mobil-bekas-dijual/indonesia_nangroe-aceh-darussalam?page_size=25&page_number=41"
1698,"https://www.carmudi.co.id/mobil-bekas-dijual/indonesia_sulawesi-utara?page_size=25&page_number=41",41,"indonesia_sulawesi-utara?page_size=25&page_number=41","https://www.carmudi.co.id/mobil-bekas-dijual/indonesia_sulawesi-utara?page_size=25&page_number=41"
1699,"https://www.carmudi.co.id/mobil-bekas-dijual/indonesia_kalimantan-timur?page_size=25&page_number=41",41,"indonesia_kalimantan-timur?page_size=25&page_number=41","https://www.carmudi.co.id/mobil-bekas-dijual/indonesia_kalimantan-timur?page_size=25&page_number=41"
1700,"https://www.carmudi.co.id/mobil-bekas-dijual/indonesia_nusa-tenggara-barat?page_size=25&page_number=41",41,"indonesia_nusa-tenggara-barat?page_size=25&page_number=41","https://www.carmudi.co.id/mobil-bekas-dijual/indonesia_nusa-tenggara-barat?page_size=25&page_number=41"
1701,"https://www.carmudi.co.id/mobil-bekas-dijual/indonesia_sulawesi-tengah?page_size=25&page_number=41",41,"indonesia_sulawesi-tengah?page_size=25&page_number=41","https://www.carmudi.co.id/mobil-bekas-dijual/indonesia_sulawesi-tengah?page_size=25&page_number=41"
1702,"https://www.carmudi.co.id/mobil-bekas-dijual/indonesia_kalimantan-barat?page_size=25&page_number=41",41,"indonesia_kalimantan-barat?page_size=25&page_number=41","https://www.carmudi.co.id/mobil-bekas-dijual/indonesia_kalimantan-barat?page_size=25&page_number=41"
1703,"https://www.carmudi.co.id/mobil-bekas-dijual/indonesia_maluku?page_size=25&page_number=41",41,"indonesia_maluku?page_size=25&page_number=41","https://www.carmudi.co.id/mobil-bekas-dijual/indonesia_maluku?page_size=25&page_number=41"
1704,"https://www.carmudi.co.id/mobil-bekas-dijual/indonesia_maluku-utara?page_size=25&page_number=41",41,"indonesia_maluku-utara?page_size=25&page_number=41","https://www.carmudi.co.id/mobil-bekas-dijual/indonesia_maluku-utara?page_size=25&page_number=41"
1705,"https://www.carmudi.co.id/mobil-bekas-dijual/indonesia_sulawesi-barat?page_size=25&page_number=41",41,"indonesia_sulawesi-barat?page_size=25&page_number=41","https://www.carmudi.co.id/mobil-bekas-dijual/indonesia_sulawesi-barat?page_size=25&page_number=41"
1706,"https://www.carmudi.co.id/mobil-bekas-dijual/indonesia_sulawesi-tenggara?page_size=25&page_number=41",41,"indonesia_sulawesi-tenggara?page_size=25&page_number=41","https://www.carmudi.co.id/mobil-bekas-dijual/indonesia_sulawesi-tenggara?page_size=25&page_number=41"
1707,"https://www.carmudi.co.id/mobil-bekas-dijual/indonesia?page_number=42&page_size=25",42,"indonesia?page_number=42&page_size=25","https://www.carmudi.co.id/mobil-bekas-dijual/indonesia?page_number=42&page_size=25"
1708,"https://www.carmudi.co.id/mobil-bekas-dijual/indonesia?page_size=25&page_number=42",42,"indonesia?page_size=25&page_number=42","https://www.carmudi.co.id/mobil-bekas-dijual/indonesia?page_size=25&page_number=42"
1709,"https://www.carmudi.co.id/mobil-bekas-dijual/indonesia?transmission=automatic&page_size=25&page_number=42",42,"indonesia?transmission=automatic&page_size=25&page_number=42","https://www.carmudi.co.id/mobil-bekas-dijual/indonesia?transmission=automatic&page_size=25&page_number=42"
1710,"https://www.carmudi.co.id/mobil-bekas-dijual/indonesia?transmission=manual&page_size=25&page_number=42",42,"indonesia?transmission=manual&page_size=25&page_number=42","https://www.carmudi.co.id/mobil-bekas-dijual/indonesia?transmission=manual&page_size=25&page_number=42"
1711,"https://www.carmudi.co.id/mobil-bekas-dijual/indonesia?page_size=25&page_number=42&sort=best.match",42,"indonesia?page_size=25&page_number=42&sort=best.match","https://www.carmudi.co.id/mobil-bekas-dijual/indonesia?page_size=25&page_number=42&sort=best.match"
1712,"https://www.carmudi.co.id/mobil-bekas-dijual/indonesia?page_size=25&page_number=42&sort=modification_date_search.desc",42,"indonesia?page_size=25&page_number=42&sort=modification_date_search.desc","https://www.carmudi.co.id/mobil-bekas-dijual/indonesia?page_size=25&page_number=42&sort=modification_date_search.desc"
1713,"https://www.carmudi.co.id/mobil-bekas-dijual/indonesia?page_size=25&page_number=42&sort=price.asc",42,"indonesia?page_size=25&page_number=42&sort=price.asc","https://www.carmudi.co.id/mobil-bekas-dijual/indonesia?page_size=25&page_number=42&sort=price.asc"
1714,"https://www.carmudi.co.id/mobil-bekas-dijual/indonesia?page_size=25&page_number=42&sort=price.desc",42,"indonesia?page_size=25&page_number=42&sort=price.desc","https://www.carmudi.co.id/mobil-bekas-dijual/indonesia?page_size=25&page_number=42&sort=price.desc"
1715,"https://www.carmudi.co.id/mobil-bekas-dijual/indonesia?page_size=25&page_number=42&sort=year.desc",42,"indonesia?page_size=25&page_number=42&sort=year.desc","https://www.carmudi.co.id/mobil-bekas-dijual/indonesia?page_size=25&page_number=42&sort=year.desc"
1716,"https://www.carmudi.co.id/mobil-bekas-dijual/indonesia?page_size=25&page_number=42&sort=year.asc",42,"indonesia?page_size=25&page_number=42&sort=year.asc","https://www.carmudi.co.id/mobil-bekas-dijual/indonesia?page_size=25&page_number=42&sort=year.asc"
1717,"https://www.carmudi.co.id/mobil-bekas-dijual/indonesia?page_size=25&page_number=42&sort=mileage.asc",42,"indonesia?page_size=25&page_number=42&sort=mileage.asc","https://www.carmudi.co.id/mobil-bekas-dijual/indonesia?page_size=25&page_number=42&sort=mileage.asc"
1718,"https://www.carmudi.co.id/mobil-bekas-dijual/indonesia?page_size=25&page_number=42&sort=mileage.desc",42,"indonesia?page_size=25&page_number=42&sort=mileage.desc","https://www.carmudi.co.id/mobil-bekas-dijual/indonesia?page_size=25&page_number=42&sort=mileage.desc"
1719,"https://www.carmudi.co.id/mobil-bekas-dijual/indonesia_jabodetabek?page_size=25&page_number=42",42,"indonesia_jabodetabek?page_size=25&page_number=42","https://www.carmudi.co.id/mobil-bekas-dijual/indonesia_jabodetabek?page_size=25&page_number=42"
1720,"https://www.carmudi.co.id/mobil-bekas-dijual/indonesia_dki-jakarta?page_size=25&page_number=42",42,"indonesia_dki-jakarta?page_size=25&page_number=42","https://www.carmudi.co.id/mobil-bekas-dijual/indonesia_dki-jakarta?page_size=25&page_number=42"
1721,"https://www.carmudi.co.id/mobil-bekas-dijual/indonesia_banten?page_size=25&page_number=42",42,"indonesia_banten?page_size=25&page_number=42","https://www.carmudi.co.id/mobil-bekas-dijual/indonesia_banten?page_size=25&page_number=42"
1722,"https://www.carmudi.co.id/mobil-bekas-dijual/indonesia_jawa-barat?page_size=25&page_number=42",42,"indonesia_jawa-barat?page_size=25&page_number=42","https://www.carmudi.co.id/mobil-bekas-dijual/indonesia_jawa-barat?page_size=25&page_number=42"
1723,"https://www.carmudi.co.id/mobil-bekas-dijual/indonesia_jawa-timur?page_size=25&page_number=42",42,"indonesia_jawa-timur?page_size=25&page_number=42","https://www.carmudi.co.id/mobil-bekas-dijual/indonesia_jawa-timur?page_size=25&page_number=42"
1724,"https://www.carmudi.co.id/mobil-bekas-dijual/indonesia_jawa-tengah?page_size=25&page_number=42",42,"indonesia_jawa-tengah?page_size=25&page_number=42","https://www.carmudi.co.id/mobil-bekas-dijual/indonesia_jawa-tengah?page_size=25&page_number=42"
1725,"https://www.carmudi.co.id/mobil-bekas-dijual/indonesia_yogyakarta?page_size=25&page_number=42",42,"indonesia_yogyakarta?page_size=25&page_number=42","https://www.carmudi.co.id/mobil-bekas-dijual/indonesia_yogyakarta?page_size=25&page_number=42"
1726,"https://www.carmudi.co.id/mobil-bekas-dijual/indonesia_sumatera-utara?page_size=25&page_number=42",42,"indonesia_sumatera-utara?page_size=25&page_number=42","https://www.carmudi.co.id/mobil-bekas-dijual/indonesia_sumatera-utara?page_size=25&page_number=42"
1727,"https://www.carmudi.co.id/mobil-bekas-dijual/indonesia_bali?page_size=25&page_number=42",42,"indonesia_bali?page_size=25&page_number=42","https://www.carmudi.co.id/mobil-bekas-dijual/indonesia_bali?page_size=25&page_number=42"
1728,"https://www.carmudi.co.id/mobil-bekas-dijual/indonesia_lampung?page_size=25&page_number=42",42,"indonesia_lampung?page_size=25&page_number=42","https://www.carmudi.co.id/mobil-bekas-dijual/indonesia_lampung?page_size=25&page_number=42"
1729,"https://www.carmudi.co.id/mobil-bekas-dijual/indonesia_gorontalo?page_size=25&page_number=42",42,"indonesia_gorontalo?page_size=25&page_number=42","https://www.carmudi.co.id/mobil-bekas-dijual/indonesia_gorontalo?page_size=25&page_number=42"
1730,"https://www.carmudi.co.id/mobil-bekas-dijual/indonesia_riau?page_size=25&page_number=42",42,"indonesia_riau?page_size=25&page_number=42","https://www.carmudi.co.id/mobil-bekas-dijual/indonesia_riau?page_size=25&page_number=42"
1731,"https://www.carmudi.co.id/mobil-bekas-dijual/indonesia_sumatera-selatan?page_size=25&page_number=42",42,"indonesia_sumatera-selatan?page_size=25&page_number=42","https://www.carmudi.co.id/mobil-bekas-dijual/indonesia_sumatera-selatan?page_size=25&page_number=42"
1732,"https://www.carmudi.co.id/mobil-bekas-dijual/indonesia_sumatera-barat?page_size=25&page_number=42",42,"indonesia_sumatera-barat?page_size=25&page_number=42","https://www.carmudi.co.id/mobil-bekas-dijual/indonesia_sumatera-barat?page_size=25&page_number=42"
1733,"https://www.carmudi.co.id/mobil-bekas-dijual/indonesia_jambi?page_size=25&page_number=42",42,"indonesia_jambi?page_size=25&page_number=42","https://www.carmudi.co.id/mobil-bekas-dijual/indonesia_jambi?page_size=25&page_number=42"
1734,"https://www.carmudi.co.id/mobil-bekas-dijual/indonesia_sulawesi-selatan?page_size=25&page_number=42",42,"indonesia_sulawesi-selatan?page_size=25&page_number=42","https://www.carmudi.co.id/mobil-bekas-dijual/indonesia_sulawesi-selatan?page_size=25&page_number=42"
1735,"https://www.carmudi.co.id/mobil-bekas-dijual/indonesia_nangroe-aceh-darussalam?page_size=25&page_number=42",42,"indonesia_nangroe-aceh-darussalam?page_size=25&page_number=42","https://www.carmudi.co.id/mobil-bekas-dijual/indonesia_nangroe-aceh-darussalam?page_size=25&page_number=42"
1736,"https://www.carmudi.co.id/mobil-bekas-dijual/indonesia_sulawesi-utara?page_size=25&page_number=42",42,"indonesia_sulawesi-utara?page_size=25&page_number=42","https://www.carmudi.co.id/mobil-bekas-dijual/indonesia_sulawesi-utara?page_size=25&page_number=42"
1737,"https://www.carmudi.co.id/mobil-bekas-dijual/indonesia_kalimantan-timur?page_size=25&page_number=42",42,"indonesia_kalimantan-timur?page_size=25&page_number=42","https://www.carmudi.co.id/mobil-bekas-dijual/indonesia_kalimantan-timur?page_size=25&page_number=42"
1738,"https://www.carmudi.co.id/mobil-bekas-dijual/indonesia_nusa-tenggara-barat?page_size=25&page_number=42",42,"indonesia_nusa-tenggara-barat?page_size=25&page_number=42","https://www.carmudi.co.id/mobil-bekas-dijual/indonesia_nusa-tenggara-barat?page_size=25&page_number=42"
1739,"https://www.carmudi.co.id/mobil-bekas-dijual/indonesia_sulawesi-tengah?page_size=25&page_number=42",42,"indonesia_sulawesi-tengah?page_size=25&page_number=42","https://www.carmudi.co.id/mobil-bekas-dijual/indonesia_sulawesi-tengah?page_size=25&page_number=42"
1740,"https://www.carmudi.co.id/mobil-bekas-dijual/indonesia_kalimantan-barat?page_size=25&page_number=42",42,"indonesia_kalimantan-barat?page_size=25&page_number=42","https://www.carmudi.co.id/mobil-bekas-dijual/indonesia_kalimantan-barat?page_size=25&page_number=42"
1741,"https://www.carmudi.co.id/mobil-bekas-dijual/indonesia_maluku?page_size=25&page_number=42",42,"indonesia_maluku?page_size=25&page_number=42","https://www.carmudi.co.id/mobil-bekas-dijual/indonesia_maluku?page_size=25&page_number=42"
1742,"https://www.carmudi.co.id/mobil-bekas-dijual/indonesia_maluku-utara?page_size=25&page_number=42",42,"indonesia_maluku-utara?page_size=25&page_number=42","https://www.carmudi.co.id/mobil-bekas-dijual/indonesia_maluku-utara?page_size=25&page_number=42"
1743,"https://www.carmudi.co.id/mobil-bekas-dijual/indonesia_sulawesi-barat?page_size=25&page_number=42",42,"indonesia_sulawesi-barat?page_size=25&page_number=42","https://www.carmudi.co.id/mobil-bekas-dijual/indonesia_sulawesi-barat?page_size=25&page_number=42"
1744,"https://www.carmudi.co.id/mobil-bekas-dijual/indonesia_sulawesi-tenggara?page_size=25&page_number=42",42,"indonesia_sulawesi-tenggara?page_size=25&page_number=42","https://www.carmudi.co.id/mobil-bekas-dijual/indonesia_sulawesi-tenggara?page_size=25&page_number=42"
1745,"https://www.carmudi.co.id/mobil-bekas-dijual/indonesia?page_number=43&page_size=25",43,"indonesia?page_number=43&page_size=25","https://www.carmudi.co.id/mobil-bekas-dijual/indonesia?page_number=43&page_size=25"
1746,"https://www.carmudi.co.id/mobil-bekas-dijual/indonesia?page_size=25&page_number=43",43,"indonesia?page_size=25&page_number=43","https://www.carmudi.co.id/mobil-bekas-dijual/indonesia?page_size=25&page_number=43"
1747,"https://www.carmudi.co.id/mobil-bekas-dijual/indonesia?transmission=automatic&page_size=25&page_number=43",43,"indonesia?transmission=automatic&page_size=25&page_number=43","https://www.carmudi.co.id/mobil-bekas-dijual/indonesia?transmission=automatic&page_size=25&page_number=43"
1748,"https://www.carmudi.co.id/mobil-bekas-dijual/indonesia?transmission=manual&page_size=25&page_number=43",43,"indonesia?transmission=manual&page_size=25&page_number=43","https://www.carmudi.co.id/mobil-bekas-dijual/indonesia?transmission=manual&page_size=25&page_number=43"
1749,"https://www.carmudi.co.id/mobil-bekas-dijual/indonesia?page_size=25&page_number=43&sort=best.match",43,"indonesia?page_size=25&page_number=43&sort=best.match","https://www.carmudi.co.id/mobil-bekas-dijual/indonesia?page_size=25&page_number=43&sort=best.match"
1750,"https://www.carmudi.co.id/mobil-bekas-dijual/indonesia?page_size=25&page_number=43&sort=modification_date_search.desc",43,"indonesia?page_size=25&page_number=43&sort=modification_date_search.desc","https://www.carmudi.co.id/mobil-bekas-dijual/indonesia?page_size=25&page_number=43&sort=modification_date_search.desc"
1751,"https://www.carmudi.co.id/mobil-bekas-dijual/indonesia?page_size=25&page_number=43&sort=price.asc",43,"indonesia?page_size=25&page_number=43&sort=price.asc","https://www.carmudi.co.id/mobil-bekas-dijual/indonesia?page_size=25&page_number=43&sort=price.asc"
1752,"https://www.carmudi.co.id/mobil-bekas-dijual/indonesia?page_size=25&page_number=43&sort=price.desc",43,"indonesia?page_size=25&page_number=43&sort=price.desc","https://www.carmudi.co.id/mobil-bekas-dijual/indonesia?page_size=25&page_number=43&sort=price.desc"
1753,"https://www.carmudi.co.id/mobil-bekas-dijual/indonesia?page_size=25&page_number=43&sort=year.desc",43,"indonesia?page_size=25&page_number=43&sort=year.desc","https://www.carmudi.co.id/mobil-bekas-dijual/indonesia?page_size=25&page_number=43&sort=year.desc"
1754,"https://www.carmudi.co.id/mobil-bekas-dijual/indonesia?page_size=25&page_number=43&sort=year.asc",43,"indonesia?page_size=25&page_number=43&sort=year.asc","https://www.carmudi.co.id/mobil-bekas-dijual/indonesia?page_size=25&page_number=43&sort=year.asc"
1755,"https://www.carmudi.co.id/mobil-bekas-dijual/indonesia?page_size=25&page_number=43&sort=mileage.asc",43,"indonesia?page_size=25&page_number=43&sort=mileage.asc","https://www.carmudi.co.id/mobil-bekas-dijual/indonesia?page_size=25&page_number=43&sort=mileage.asc"
1756,"https://www.carmudi.co.id/mobil-bekas-dijual/indonesia?page_size=25&page_number=43&sort=mileage.desc",43,"indonesia?page_size=25&page_number=43&sort=mileage.desc","https://www.carmudi.co.id/mobil-bekas-dijual/indonesia?page_size=25&page_number=43&sort=mileage.desc"
1757,"https://www.carmudi.co.id/mobil-bekas-dijual/indonesia_jabodetabek?page_size=25&page_number=43",43,"indonesia_jabodetabek?page_size=25&page_number=43","https://www.carmudi.co.id/mobil-bekas-dijual/indonesia_jabodetabek?page_size=25&page_number=43"
1758,"https://www.carmudi.co.id/mobil-bekas-dijual/indonesia_dki-jakarta?page_size=25&page_number=43",43,"indonesia_dki-jakarta?page_size=25&page_number=43","https://www.carmudi.co.id/mobil-bekas-dijual/indonesia_dki-jakarta?page_size=25&page_number=43"
1759,"https://www.carmudi.co.id/mobil-bekas-dijual/indonesia_banten?page_size=25&page_number=43",43,"indonesia_banten?page_size=25&page_number=43","https://www.carmudi.co.id/mobil-bekas-dijual/indonesia_banten?page_size=25&page_number=43"
1760,"https://www.carmudi.co.id/mobil-bekas-dijual/indonesia_jawa-barat?page_size=25&page_number=43",43,"indonesia_jawa-barat?page_size=25&page_number=43","https://www.carmudi.co.id/mobil-bekas-dijual/indonesia_jawa-barat?page_size=25&page_number=43"
1761,"https://www.carmudi.co.id/mobil-bekas-dijual/indonesia_jawa-timur?page_size=25&page_number=43",43,"indonesia_jawa-timur?page_size=25&page_number=43","https://www.carmudi.co.id/mobil-bekas-dijual/indonesia_jawa-timur?page_size=25&page_number=43"
1762,"https://www.carmudi.co.id/mobil-bekas-dijual/indonesia_jawa-tengah?page_size=25&page_number=43",43,"indonesia_jawa-tengah?page_size=25&page_number=43","https://www.carmudi.co.id/mobil-bekas-dijual/indonesia_jawa-tengah?page_size=25&page_number=43"
1763,"https://www.carmudi.co.id/mobil-bekas-dijual/indonesia_yogyakarta?page_size=25&page_number=43",43,"indonesia_yogyakarta?page_size=25&page_number=43","https://www.carmudi.co.id/mobil-bekas-dijual/indonesia_yogyakarta?page_size=25&page_number=43"
1764,"https://www.carmudi.co.id/mobil-bekas-dijual/indonesia_sumatera-utara?page_size=25&page_number=43",43,"indonesia_sumatera-utara?page_size=25&page_number=43","https://www.carmudi.co.id/mobil-bekas-dijual/indonesia_sumatera-utara?page_size=25&page_number=43"
1765,"https://www.carmudi.co.id/mobil-bekas-dijual/indonesia_bali?page_size=25&page_number=43",43,"indonesia_bali?page_size=25&page_number=43","https://www.carmudi.co.id/mobil-bekas-dijual/indonesia_bali?page_size=25&page_number=43"
1766,"https://www.carmudi.co.id/mobil-bekas-dijual/indonesia_lampung?page_size=25&page_number=43",43,"indonesia_lampung?page_size=25&page_number=43","https://www.carmudi.co.id/mobil-bekas-dijual/indonesia_lampung?page_size=25&page_number=43"
1767,"https://www.carmudi.co.id/mobil-bekas-dijual/indonesia_gorontalo?page_size=25&page_number=43",43,"indonesia_gorontalo?page_size=25&page_number=43","https://www.carmudi.co.id/mobil-bekas-dijual/indonesia_gorontalo?page_size=25&page_number=43"
1768,"https://www.carmudi.co.id/mobil-bekas-dijual/indonesia_riau?page_size=25&page_number=43",43,"indonesia_riau?page_size=25&page_number=43","https://www.carmudi.co.id/mobil-bekas-dijual/indonesia_riau?page_size=25&page_number=43"
1769,"https://www.carmudi.co.id/mobil-bekas-dijual/indonesia_sumatera-selatan?page_size=25&page_number=43",43,"indonesia_sumatera-selatan?page_size=25&page_number=43","https://www.carmudi.co.id/mobil-bekas-dijual/indonesia_sumatera-selatan?page_size=25&page_number=43"
1770,"https://www.carmudi.co.id/mobil-bekas-dijual/indonesia_sumatera-barat?page_size=25&page_number=43",43,"indonesia_sumatera-barat?page_size=25&page_number=43","https://www.carmudi.co.id/mobil-bekas-dijual/indonesia_sumatera-barat?page_size=25&page_number=43"
1771,"https://www.carmudi.co.id/mobil-bekas-dijual/indonesia_jambi?page_size=25&page_number=43",43,"indonesia_jambi?page_size=25&page_number=43","https://www.carmudi.co.id/mobil-bekas-dijual/indonesia_jambi?page_size=25&page_number=43"
1772,"https://www.carmudi.co.id/mobil-bekas-dijual/indonesia_sulawesi-selatan?page_size=25&page_number=43",43,"indonesia_sulawesi-selatan?page_size=25&page_number=43","https://www.carmudi.co.id/mobil-bekas-dijual/indonesia_sulawesi-selatan?page_size=25&page_number=43"
1773,"https://www.carmudi.co.id/mobil-bekas-dijual/indonesia_nangroe-aceh-darussalam?page_size=25&page_number=43",43,"indonesia_nangroe-aceh-darussalam?page_size=25&page_number=43","https://www.carmudi.co.id/mobil-bekas-dijual/indonesia_nangroe-aceh-darussalam?page_size=25&page_number=43"
1774,"https://www.carmudi.co.id/mobil-bekas-dijual/indonesia_sulawesi-utara?page_size=25&page_number=43",43,"indonesia_sulawesi-utara?page_size=25&page_number=43","https://www.carmudi.co.id/mobil-bekas-dijual/indonesia_sulawesi-utara?page_size=25&page_number=43"
1775,"https://www.carmudi.co.id/mobil-bekas-dijual/indonesia_kalimantan-timur?page_size=25&page_number=43",43,"indonesia_kalimantan-timur?page_size=25&page_number=43","https://www.carmudi.co.id/mobil-bekas-dijual/indonesia_kalimantan-timur?page_size=25&page_number=43"
1776,"https://www.carmudi.co.id/mobil-bekas-dijual/indonesia_nusa-tenggara-barat?page_size=25&page_number=43",43,"indonesia_nusa-tenggara-barat?page_size=25&page_number=43","https://www.carmudi.co.id/mobil-bekas-dijual/indonesia_nusa-tenggara-barat?page_size=25&page_number=43"
1777,"https://www.carmudi.co.id/mobil-bekas-dijual/indonesia_sulawesi-tengah?page_size=25&page_number=43",43,"indonesia_sulawesi-tengah?page_size=25&page_number=43","https://www.carmudi.co.id/mobil-bekas-dijual/indonesia_sulawesi-tengah?page_size=25&page_number=43"
1778,"https://www.carmudi.co.id/mobil-bekas-dijual/indonesia_kalimantan-barat?page_size=25&page_number=43",43,"indonesia_kalimantan-barat?page_size=25&page_number=43","https://www.carmudi.co.id/mobil-bekas-dijual/indonesia_kalimantan-barat?page_size=25&page_number=43"
1779,"https://www.carmudi.co.id/mobil-bekas-dijual/indonesia_maluku?page_size=25&page_number=43",43,"indonesia_maluku?page_size=25&page_number=43","https://www.carmudi.co.id/mobil-bekas-dijual/indonesia_maluku?page_size=25&page_number=43"
1780,"https://www.carmudi.co.id/mobil-bekas-dijual/indonesia_maluku-utara?page_size=25&page_number=43",43,"indonesia_maluku-utara?page_size=25&page_number=43","https://www.carmudi.co.id/mobil-bekas-dijual/indonesia_maluku-utara?page_size=25&page_number=43"
1781,"https://www.carmudi.co.id/mobil-bekas-dijual/indonesia_sulawesi-barat?page_size=25&page_number=43",43,"indonesia_sulawesi-barat?page_size=25&page_number=43","https://www.carmudi.co.id/mobil-bekas-dijual/indonesia_sulawesi-barat?page_size=25&page_number=43"
1782,"https://www.carmudi.co.id/mobil-bekas-dijual/indonesia_sulawesi-tenggara?page_size=25&page_number=43",43,"indonesia_sulawesi-tenggara?page_size=25&page_number=43","https://www.carmudi.co.id/mobil-bekas-dijual/indonesia_sulawesi-tenggara?page_size=25&page_number=43"
1783,"https://www.carmudi.co.id/mobil-bekas-dijual/indonesia?page_number=44&page_size=25",44,"indonesia?page_number=44&page_size=25","https://www.carmudi.co.id/mobil-bekas-dijual/indonesia?page_number=44&page_size=25"
1784,"https://www.carmudi.co.id/mobil-bekas-dijual/indonesia?page_size=25&page_number=44",44,"indonesia?page_size=25&page_number=44","https://www.carmudi.co.id/mobil-bekas-dijual/indonesia?page_size=25&page_number=44"
1785,"https://www.carmudi.co.id/mobil-bekas-dijual/indonesia?transmission=automatic&page_size=25&page_number=44",44,"indonesia?transmission=automatic&page_size=25&page_number=44","https://www.carmudi.co.id/mobil-bekas-dijual/indonesia?transmission=automatic&page_size=25&page_number=44"
1786,"https://www.carmudi.co.id/mobil-bekas-dijual/indonesia?transmission=manual&page_size=25&page_number=44",44,"indonesia?transmission=manual&page_size=25&page_number=44","https://www.carmudi.co.id/mobil-bekas-dijual/indonesia?transmission=manual&page_size=25&page_number=44"
1787,"https://www.carmudi.co.id/mobil-bekas-dijual/indonesia?page_size=25&page_number=44&sort=best.match",44,"indonesia?page_size=25&page_number=44&sort=best.match","https://www.carmudi.co.id/mobil-bekas-dijual/indonesia?page_size=25&page_number=44&sort=best.match"
1788,"https://www.carmudi.co.id/mobil-bekas-dijual/indonesia?page_size=25&page_number=44&sort=modification_date_search.desc",44,"indonesia?page_size=25&page_number=44&sort=modification_date_search.desc","https://www.carmudi.co.id/mobil-bekas-dijual/indonesia?page_size=25&page_number=44&sort=modification_date_search.desc"
1789,"https://www.carmudi.co.id/mobil-bekas-dijual/indonesia?page_size=25&page_number=44&sort=price.asc",44,"indonesia?page_size=25&page_number=44&sort=price.asc","https://www.carmudi.co.id/mobil-bekas-dijual/indonesia?page_size=25&page_number=44&sort=price.asc"
1790,"https://www.carmudi.co.id/mobil-bekas-dijual/indonesia?page_size=25&page_number=44&sort=price.desc",44,"indonesia?page_size=25&page_number=44&sort=price.desc","https://www.carmudi.co.id/mobil-bekas-dijual/indonesia?page_size=25&page_number=44&sort=price.desc"
1791,"https://www.carmudi.co.id/mobil-bekas-dijual/indonesia?page_size=25&page_number=44&sort=year.desc",44,"indonesia?page_size=25&page_number=44&sort=year.desc","https://www.carmudi.co.id/mobil-bekas-dijual/indonesia?page_size=25&page_number=44&sort=year.desc"
1792,"https://www.carmudi.co.id/mobil-bekas-dijual/indonesia?page_size=25&page_number=44&sort=year.asc",44,"indonesia?page_size=25&page_number=44&sort=year.asc","https://www.carmudi.co.id/mobil-bekas-dijual/indonesia?page_size=25&page_number=44&sort=year.asc"
1793,"https://www.carmudi.co.id/mobil-bekas-dijual/indonesia?page_size=25&page_number=44&sort=mileage.asc",44,"indonesia?page_size=25&page_number=44&sort=mileage.asc","https://www.carmudi.co.id/mobil-bekas-dijual/indonesia?page_size=25&page_number=44&sort=mileage.asc"
1794,"https://www.carmudi.co.id/mobil-bekas-dijual/indonesia?page_size=25&page_number=44&sort=mileage.desc",44,"indonesia?page_size=25&page_number=44&sort=mileage.desc","https://www.carmudi.co.id/mobil-bekas-dijual/indonesia?page_size=25&page_number=44&sort=mileage.desc"
1795,"https://www.carmudi.co.id/mobil-bekas-dijual/indonesia_jabodetabek?page_size=25&page_number=44",44,"indonesia_jabodetabek?page_size=25&page_number=44","https://www.carmudi.co.id/mobil-bekas-dijual/indonesia_jabodetabek?page_size=25&page_number=44"
1796,"https://www.carmudi.co.id/mobil-bekas-dijual/indonesia_dki-jakarta?page_size=25&page_number=44",44,"indonesia_dki-jakarta?page_size=25&page_number=44","https://www.carmudi.co.id/mobil-bekas-dijual/indonesia_dki-jakarta?page_size=25&page_number=44"
1797,"https://www.carmudi.co.id/mobil-bekas-dijual/indonesia_banten?page_size=25&page_number=44",44,"indonesia_banten?page_size=25&page_number=44","https://www.carmudi.co.id/mobil-bekas-dijual/indonesia_banten?page_size=25&page_number=44"
1798,"https://www.carmudi.co.id/mobil-bekas-dijual/indonesia_jawa-barat?page_size=25&page_number=44",44,"indonesia_jawa-barat?page_size=25&page_number=44","https://www.carmudi.co.id/mobil-bekas-dijual/indonesia_jawa-barat?page_size=25&page_number=44"
1799,"https://www.carmudi.co.id/mobil-bekas-dijual/indonesia_jawa-timur?page_size=25&page_number=44",44,"indonesia_jawa-timur?page_size=25&page_number=44","https://www.carmudi.co.id/mobil-bekas-dijual/indonesia_jawa-timur?page_size=25&page_number=44"
1800,"https://www.carmudi.co.id/mobil-bekas-dijual/indonesia_jawa-tengah?page_size=25&page_number=44",44,"indonesia_jawa-tengah?page_size=25&page_number=44","https://www.carmudi.co.id/mobil-bekas-dijual/indonesia_jawa-tengah?page_size=25&page_number=44"
1801,"https://www.carmudi.co.id/mobil-bekas-dijual/indonesia_yogyakarta?page_size=25&page_number=44",44,"indonesia_yogyakarta?page_size=25&page_number=44","https://www.carmudi.co.id/mobil-bekas-dijual/indonesia_yogyakarta?page_size=25&page_number=44"
1802,"https://www.carmudi.co.id/mobil-bekas-dijual/indonesia_sumatera-utara?page_size=25&page_number=44",44,"indonesia_sumatera-utara?page_size=25&page_number=44","https://www.carmudi.co.id/mobil-bekas-dijual/indonesia_sumatera-utara?page_size=25&page_number=44"
1803,"https://www.carmudi.co.id/mobil-bekas-dijual/indonesia_bali?page_size=25&page_number=44",44,"indonesia_bali?page_size=25&page_number=44","https://www.carmudi.co.id/mobil-bekas-dijual/indonesia_bali?page_size=25&page_number=44"
1804,"https://www.carmudi.co.id/mobil-bekas-dijual/indonesia_lampung?page_size=25&page_number=44",44,"indonesia_lampung?page_size=25&page_number=44","https://www.carmudi.co.id/mobil-bekas-dijual/indonesia_lampung?page_size=25&page_number=44"
1805,"https://www.carmudi.co.id/mobil-bekas-dijual/indonesia_gorontalo?page_size=25&page_number=44",44,"indonesia_gorontalo?page_size=25&page_number=44","https://www.carmudi.co.id/mobil-bekas-dijual/indonesia_gorontalo?page_size=25&page_number=44"
1806,"https://www.carmudi.co.id/mobil-bekas-dijual/indonesia_riau?page_size=25&page_number=44",44,"indonesia_riau?page_size=25&page_number=44","https://www.carmudi.co.id/mobil-bekas-dijual/indonesia_riau?page_size=25&page_number=44"
1807,"https://www.carmudi.co.id/mobil-bekas-dijual/indonesia_sumatera-selatan?page_size=25&page_number=44",44,"indonesia_sumatera-selatan?page_size=25&page_number=44","https://www.carmudi.co.id/mobil-bekas-dijual/indonesia_sumatera-selatan?page_size=25&page_number=44"
1808,"https://www.carmudi.co.id/mobil-bekas-dijual/indonesia_sumatera-barat?page_size=25&page_number=44",44,"indonesia_sumatera-barat?page_size=25&page_number=44","https://www.carmudi.co.id/mobil-bekas-dijual/indonesia_sumatera-barat?page_size=25&page_number=44"
1809,"https://www.carmudi.co.id/mobil-bekas-dijual/indonesia_jambi?page_size=25&page_number=44",44,"indonesia_jambi?page_size=25&page_number=44","https://www.carmudi.co.id/mobil-bekas-dijual/indonesia_jambi?page_size=25&page_number=44"
1810,"https://www.carmudi.co.id/mobil-bekas-dijual/indonesia_sulawesi-selatan?page_size=25&page_number=44",44,"indonesia_sulawesi-selatan?page_size=25&page_number=44","https://www.carmudi.co.id/mobil-bekas-dijual/indonesia_sulawesi-selatan?page_size=25&page_number=44"
1811,"https://www.carmudi.co.id/mobil-bekas-dijual/indonesia_nangroe-aceh-darussalam?page_size=25&page_number=44",44,"indonesia_nangroe-aceh-darussalam?page_size=25&page_number=44","https://www.carmudi.co.id/mobil-bekas-dijual/indonesia_nangroe-aceh-darussalam?page_size=25&page_number=44"
1812,"https://www.carmudi.co.id/mobil-bekas-dijual/indonesia_sulawesi-utara?page_size=25&page_number=44",44,"indonesia_sulawesi-utara?page_size=25&page_number=44","https://www.carmudi.co.id/mobil-bekas-dijual/indonesia_sulawesi-utara?page_size=25&page_number=44"
1813,"https://www.carmudi.co.id/mobil-bekas-dijual/indonesia_kalimantan-timur?page_size=25&page_number=44",44,"indonesia_kalimantan-timur?page_size=25&page_number=44","https://www.carmudi.co.id/mobil-bekas-dijual/indonesia_kalimantan-timur?page_size=25&page_number=44"
1814,"https://www.carmudi.co.id/mobil-bekas-dijual/indonesia_nusa-tenggara-barat?page_size=25&page_number=44",44,"indonesia_nusa-tenggara-barat?page_size=25&page_number=44","https://www.carmudi.co.id/mobil-bekas-dijual/indonesia_nusa-tenggara-barat?page_size=25&page_number=44"
1815,"https://www.carmudi.co.id/mobil-bekas-dijual/indonesia_sulawesi-tengah?page_size=25&page_number=44",44,"indonesia_sulawesi-tengah?page_size=25&page_number=44","https://www.carmudi.co.id/mobil-bekas-dijual/indonesia_sulawesi-tengah?page_size=25&page_number=44"
1816,"https://www.carmudi.co.id/mobil-bekas-dijual/indonesia_kalimantan-barat?page_size=25&page_number=44",44,"indonesia_kalimantan-barat?page_size=25&page_number=44","https://www.carmudi.co.id/mobil-bekas-dijual/indonesia_kalimantan-barat?page_size=25&page_number=44"
1817,"https://www.carmudi.co.id/mobil-bekas-dijual/indonesia_maluku?page_size=25&page_number=44",44,"indonesia_maluku?page_size=25&page_number=44","https://www.carmudi.co.id/mobil-bekas-dijual/indonesia_maluku?page_size=25&page_number=44"
1818,"https://www.carmudi.co.id/mobil-bekas-dijual/indonesia_maluku-utara?page_size=25&page_number=44",44,"indonesia_maluku-utara?page_size=25&page_number=44","https://www.carmudi.co.id/mobil-bekas-dijual/indonesia_maluku-utara?page_size=25&page_number=44"
1819,"https://www.carmudi.co.id/mobil-bekas-dijual/indonesia_sulawesi-barat?page_size=25&page_number=44",44,"indonesia_sulawesi-barat?page_size=25&page_number=44","https://www.carmudi.co.id/mobil-bekas-dijual/indonesia_sulawesi-barat?page_size=25&page_number=44"
1820,"https://www.carmudi.co.id/mobil-bekas-dijual/indonesia_sulawesi-tenggara?page_size=25&page_number=44",44,"indonesia_sulawesi-tenggara?page_size=25&page_number=44","https://www.carmudi.co.id/mobil-bekas-dijual/indonesia_sulawesi-tenggara?page_size=25&page_number=44"
1821,"https://www.carmudi.co.id/mobil-bekas-dijual/indonesia?page_number=45&page_size=25",45,"indonesia?page_number=45&page_size=25","https://www.carmudi.co.id/mobil-bekas-dijual/indonesia?page_number=45&page_size=25"
1822,"https://www.carmudi.co.id/mobil-bekas-dijual/indonesia?page_size=25&page_number=45",45,"indonesia?page_size=25&page_number=45","https://www.carmudi.co.id/mobil-bekas-dijual/indonesia?page_size=25&page_number=45"
1823,"https://www.carmudi.co.id/mobil-bekas-dijual/indonesia?transmission=automatic&page_size=25&page_number=45",45,"indonesia?transmission=automatic&page_size=25&page_number=45","https://www.carmudi.co.id/mobil-bekas-dijual/indonesia?transmission=automatic&page_size=25&page_number=45"
1824,"https://www.carmudi.co.id/mobil-bekas-dijual/indonesia?transmission=manual&page_size=25&page_number=45",45,"indonesia?transmission=manual&page_size=25&page_number=45","https://www.carmudi.co.id/mobil-bekas-dijual/indonesia?transmission=manual&page_size=25&page_number=45"
1825,"https://www.carmudi.co.id/mobil-bekas-dijual/indonesia?page_size=25&page_number=45&sort=best.match",45,"indonesia?page_size=25&page_number=45&sort=best.match","https://www.carmudi.co.id/mobil-bekas-dijual/indonesia?page_size=25&page_number=45&sort=best.match"
1826,"https://www.carmudi.co.id/mobil-bekas-dijual/indonesia?page_size=25&page_number=45&sort=modification_date_search.desc",45,"indonesia?page_size=25&page_number=45&sort=modification_date_search.desc","https://www.carmudi.co.id/mobil-bekas-dijual/indonesia?page_size=25&page_number=45&sort=modification_date_search.desc"
1827,"https://www.carmudi.co.id/mobil-bekas-dijual/indonesia?page_size=25&page_number=45&sort=price.asc",45,"indonesia?page_size=25&page_number=45&sort=price.asc","https://www.carmudi.co.id/mobil-bekas-dijual/indonesia?page_size=25&page_number=45&sort=price.asc"
1828,"https://www.carmudi.co.id/mobil-bekas-dijual/indonesia?page_size=25&page_number=45&sort=price.desc",45,"indonesia?page_size=25&page_number=45&sort=price.desc","https://www.carmudi.co.id/mobil-bekas-dijual/indonesia?page_size=25&page_number=45&sort=price.desc"
1829,"https://www.carmudi.co.id/mobil-bekas-dijual/indonesia?page_size=25&page_number=45&sort=year.desc",45,"indonesia?page_size=25&page_number=45&sort=year.desc","https://www.carmudi.co.id/mobil-bekas-dijual/indonesia?page_size=25&page_number=45&sort=year.desc"
1830,"https://www.carmudi.co.id/mobil-bekas-dijual/indonesia?page_size=25&page_number=45&sort=year.asc",45,"indonesia?page_size=25&page_number=45&sort=year.asc","https://www.carmudi.co.id/mobil-bekas-dijual/indonesia?page_size=25&page_number=45&sort=year.asc"
1831,"https://www.carmudi.co.id/mobil-bekas-dijual/indonesia?page_size=25&page_number=45&sort=mileage.asc",45,"indonesia?page_size=25&page_number=45&sort=mileage.asc","https://www.carmudi.co.id/mobil-bekas-dijual/indonesia?page_size=25&page_number=45&sort=mileage.asc"
1832,"https://www.carmudi.co.id/mobil-bekas-dijual/indonesia?page_size=25&page_number=45&sort=mileage.desc",45,"indonesia?page_size=25&page_number=45&sort=mileage.desc","https://www.carmudi.co.id/mobil-bekas-dijual/indonesia?page_size=25&page_number=45&sort=mileage.desc"
1833,"https://www.carmudi.co.id/mobil-bekas-dijual/indonesia_jabodetabek?page_size=25&page_number=45",45,"indonesia_jabodetabek?page_size=25&page_number=45","https://www.carmudi.co.id/mobil-bekas-dijual/indonesia_jabodetabek?page_size=25&page_number=45"
1834,"https://www.carmudi.co.id/mobil-bekas-dijual/indonesia_dki-jakarta?page_size=25&page_number=45",45,"indonesia_dki-jakarta?page_size=25&page_number=45","https://www.carmudi.co.id/mobil-bekas-dijual/indonesia_dki-jakarta?page_size=25&page_number=45"
1835,"https://www.carmudi.co.id/mobil-bekas-dijual/indonesia_banten?page_size=25&page_number=45",45,"indonesia_banten?page_size=25&page_number=45","https://www.carmudi.co.id/mobil-bekas-dijual/indonesia_banten?page_size=25&page_number=45"
1836,"https://www.carmudi.co.id/mobil-bekas-dijual/indonesia_jawa-barat?page_size=25&page_number=45",45,"indonesia_jawa-barat?page_size=25&page_number=45","https://www.carmudi.co.id/mobil-bekas-dijual/indonesia_jawa-barat?page_size=25&page_number=45"
1837,"https://www.carmudi.co.id/mobil-bekas-dijual/indonesia_jawa-timur?page_size=25&page_number=45",45,"indonesia_jawa-timur?page_size=25&page_number=45","https://www.carmudi.co.id/mobil-bekas-dijual/indonesia_jawa-timur?page_size=25&page_number=45"
1838,"https://www.carmudi.co.id/mobil-bekas-dijual/indonesia_jawa-tengah?page_size=25&page_number=45",45,"indonesia_jawa-tengah?page_size=25&page_number=45","https://www.carmudi.co.id/mobil-bekas-dijual/indonesia_jawa-tengah?page_size=25&page_number=45"
1839,"https://www.carmudi.co.id/mobil-bekas-dijual/indonesia_yogyakarta?page_size=25&page_number=45",45,"indonesia_yogyakarta?page_size=25&page_number=45","https://www.carmudi.co.id/mobil-bekas-dijual/indonesia_yogyakarta?page_size=25&page_number=45"
1840,"https://www.carmudi.co.id/mobil-bekas-dijual/indonesia_sumatera-utara?page_size=25&page_number=45",45,"indonesia_sumatera-utara?page_size=25&page_number=45","https://www.carmudi.co.id/mobil-bekas-dijual/indonesia_sumatera-utara?page_size=25&page_number=45"
1841,"https://www.carmudi.co.id/mobil-bekas-dijual/indonesia_bali?page_size=25&page_number=45",45,"indonesia_bali?page_size=25&page_number=45","https://www.carmudi.co.id/mobil-bekas-dijual/indonesia_bali?page_size=25&page_number=45"
1842,"https://www.carmudi.co.id/mobil-bekas-dijual/indonesia_lampung?page_size=25&page_number=45",45,"indonesia_lampung?page_size=25&page_number=45","https://www.carmudi.co.id/mobil-bekas-dijual/indonesia_lampung?page_size=25&page_number=45"
1843,"https://www.carmudi.co.id/mobil-bekas-dijual/indonesia_gorontalo?page_size=25&page_number=45",45,"indonesia_gorontalo?page_size=25&page_number=45","https://www.carmudi.co.id/mobil-bekas-dijual/indonesia_gorontalo?page_size=25&page_number=45"
1844,"https://www.carmudi.co.id/mobil-bekas-dijual/indonesia_riau?page_size=25&page_number=45",45,"indonesia_riau?page_size=25&page_number=45","https://www.carmudi.co.id/mobil-bekas-dijual/indonesia_riau?page_size=25&page_number=45"
1845,"https://www.carmudi.co.id/mobil-bekas-dijual/indonesia_sumatera-selatan?page_size=25&page_number=45",45,"indonesia_sumatera-selatan?page_size=25&page_number=45","https://www.carmudi.co.id/mobil-bekas-dijual/indonesia_sumatera-selatan?page_size=25&page_number=45"
1846,"https://www.carmudi.co.id/mobil-bekas-dijual/indonesia_sumatera-barat?page_size=25&page_number=45",45,"indonesia_sumatera-barat?page_size=25&page_number=45","https://www.carmudi.co.id/mobil-bekas-dijual/indonesia_sumatera-barat?page_size=25&page_number=45"
1847,"https://www.carmudi.co.id/mobil-bekas-dijual/indonesia_jambi?page_size=25&page_number=45",45,"indonesia_jambi?page_size=25&page_number=45","https://www.carmudi.co.id/mobil-bekas-dijual/indonesia_jambi?page_size=25&page_number=45"
1848,"https://www.carmudi.co.id/mobil-bekas-dijual/indonesia_sulawesi-selatan?page_size=25&page_number=45",45,"indonesia_sulawesi-selatan?page_size=25&page_number=45","https://www.carmudi.co.id/mobil-bekas-dijual/indonesia_sulawesi-selatan?page_size=25&page_number=45"
1849,"https://www.carmudi.co.id/mobil-bekas-dijual/indonesia_nangroe-aceh-darussalam?page_size=25&page_number=45",45,"indonesia_nangroe-aceh-darussalam?page_size=25&page_number=45","https://www.carmudi.co.id/mobil-bekas-dijual/indonesia_nangroe-aceh-darussalam?page_size=25&page_number=45"
1850,"https://www.carmudi.co.id/mobil-bekas-dijual/indonesia_sulawesi-utara?page_size=25&page_number=45",45,"indonesia_sulawesi-utara?page_size=25&page_number=45","https://www.carmudi.co.id/mobil-bekas-dijual/indonesia_sulawesi-utara?page_size=25&page_number=45"
1851,"https://www.carmudi.co.id/mobil-bekas-dijual/indonesia_kalimantan-timur?page_size=25&page_number=45",45,"indonesia_kalimantan-timur?page_size=25&page_number=45","https://www.carmudi.co.id/mobil-bekas-dijual/indonesia_kalimantan-timur?page_size=25&page_number=45"
1852,"https://www.carmudi.co.id/mobil-bekas-dijual/indonesia_nusa-tenggara-barat?page_size=25&page_number=45",45,"indonesia_nusa-tenggara-barat?page_size=25&page_number=45","https://www.carmudi.co.id/mobil-bekas-dijual/indonesia_nusa-tenggara-barat?page_size=25&page_number=45"
1853,"https://www.carmudi.co.id/mobil-bekas-dijual/indonesia_sulawesi-tengah?page_size=25&page_number=45",45,"indonesia_sulawesi-tengah?page_size=25&page_number=45","https://www.carmudi.co.id/mobil-bekas-dijual/indonesia_sulawesi-tengah?page_size=25&page_number=45"
1854,"https://www.carmudi.co.id/mobil-bekas-dijual/indonesia_kalimantan-barat?page_size=25&page_number=45",45,"indonesia_kalimantan-barat?page_size=25&page_number=45","https://www.carmudi.co.id/mobil-bekas-dijual/indonesia_kalimantan-barat?page_size=25&page_number=45"
1855,"https://www.carmudi.co.id/mobil-bekas-dijual/indonesia_maluku?page_size=25&page_number=45",45,"indonesia_maluku?page_size=25&page_number=45","https://www.carmudi.co.id/mobil-bekas-dijual/indonesia_maluku?page_size=25&page_number=45"
1856,"https://www.carmudi.co.id/mobil-bekas-dijual/indonesia_maluku-utara?page_size=25&page_number=45",45,"indonesia_maluku-utara?page_size=25&page_number=45","https://www.carmudi.co.id/mobil-bekas-dijual/indonesia_maluku-utara?page_size=25&page_number=45"
1857,"https://www.carmudi.co.id/mobil-bekas-dijual/indonesia_sulawesi-barat?page_size=25&page_number=45",45,"indonesia_sulawesi-barat?page_size=25&page_number=45","https://www.carmudi.co.id/mobil-bekas-dijual/indonesia_sulawesi-barat?page_size=25&page_number=45"
1858,"https://www.carmudi.co.id/mobil-bekas-dijual/indonesia_sulawesi-tenggara?page_size=25&page_number=45",45,"indonesia_sulawesi-tenggara?page_size=25&page_number=45","https://www.carmudi.co.id/mobil-bekas-dijual/indonesia_sulawesi-tenggara?page_size=25&page_number=45"
1859,"https://www.carmudi.co.id/mobil-bekas-dijual/indonesia?page_number=46&page_size=25",46,"indonesia?page_number=46&page_size=25","https://www.carmudi.co.id/mobil-bekas-dijual/indonesia?page_number=46&page_size=25"
1860,"https://www.carmudi.co.id/mobil-bekas-dijual/indonesia?page_size=25&page_number=46",46,"indonesia?page_size=25&page_number=46","https://www.carmudi.co.id/mobil-bekas-dijual/indonesia?page_size=25&page_number=46"
1861,"https://www.carmudi.co.id/mobil-bekas-dijual/indonesia?transmission=automatic&page_size=25&page_number=46",46,"indonesia?transmission=automatic&page_size=25&page_number=46","https://www.carmudi.co.id/mobil-bekas-dijual/indonesia?transmission=automatic&page_size=25&page_number=46"
1862,"https://www.carmudi.co.id/mobil-bekas-dijual/indonesia?transmission=manual&page_size=25&page_number=46",46,"indonesia?transmission=manual&page_size=25&page_number=46","https://www.carmudi.co.id/mobil-bekas-dijual/indonesia?transmission=manual&page_size=25&page_number=46"
1863,"https://www.carmudi.co.id/mobil-bekas-dijual/indonesia?page_size=25&page_number=46&sort=best.match",46,"indonesia?page_size=25&page_number=46&sort=best.match","https://www.carmudi.co.id/mobil-bekas-dijual/indonesia?page_size=25&page_number=46&sort=best.match"
1864,"https://www.carmudi.co.id/mobil-bekas-dijual/indonesia?page_size=25&page_number=46&sort=modification_date_search.desc",46,"indonesia?page_size=25&page_number=46&sort=modification_date_search.desc","https://www.carmudi.co.id/mobil-bekas-dijual/indonesia?page_size=25&page_number=46&sort=modification_date_search.desc"
1865,"https://www.carmudi.co.id/mobil-bekas-dijual/indonesia?page_size=25&page_number=46&sort=price.asc",46,"indonesia?page_size=25&page_number=46&sort=price.asc","https://www.carmudi.co.id/mobil-bekas-dijual/indonesia?page_size=25&page_number=46&sort=price.asc"
1866,"https://www.carmudi.co.id/mobil-bekas-dijual/indonesia?page_size=25&page_number=46&sort=price.desc",46,"indonesia?page_size=25&page_number=46&sort=price.desc","https://www.carmudi.co.id/mobil-bekas-dijual/indonesia?page_size=25&page_number=46&sort=price.desc"
1867,"https://www.carmudi.co.id/mobil-bekas-dijual/indonesia?page_size=25&page_number=46&sort=year.desc",46,"indonesia?page_size=25&page_number=46&sort=year.desc","https://www.carmudi.co.id/mobil-bekas-dijual/indonesia?page_size=25&page_number=46&sort=year.desc"
1868,"https://www.carmudi.co.id/mobil-bekas-dijual/indonesia?page_size=25&page_number=46&sort=year.asc",46,"indonesia?page_size=25&page_number=46&sort=year.asc","https://www.carmudi.co.id/mobil-bekas-dijual/indonesia?page_size=25&page_number=46&sort=year.asc"
1869,"https://www.carmudi.co.id/mobil-bekas-dijual/indonesia?page_size=25&page_number=46&sort=mileage.asc",46,"indonesia?page_size=25&page_number=46&sort=mileage.asc","https://www.carmudi.co.id/mobil-bekas-dijual/indonesia?page_size=25&page_number=46&sort=mileage.asc"
1870,"https://www.carmudi.co.id/mobil-bekas-dijual/indonesia?page_size=25&page_number=46&sort=mileage.desc",46,"indonesia?page_size=25&page_number=46&sort=mileage.desc","https://www.carmudi.co.id/mobil-bekas-dijual/indonesia?page_size=25&page_number=46&sort=mileage.desc"
1871,"https://www.carmudi.co.id/mobil-bekas-dijual/indonesia_jabodetabek?page_size=25&page_number=46",46,"indonesia_jabodetabek?page_size=25&page_number=46","https://www.carmudi.co.id/mobil-bekas-dijual/indonesia_jabodetabek?page_size=25&page_number=46"
1872,"https://www.carmudi.co.id/mobil-bekas-dijual/indonesia_dki-jakarta?page_size=25&page_number=46",46,"indonesia_dki-jakarta?page_size=25&page_number=46","https://www.carmudi.co.id/mobil-bekas-dijual/indonesia_dki-jakarta?page_size=25&page_number=46"
1873,"https://www.carmudi.co.id/mobil-bekas-dijual/indonesia_banten?page_size=25&page_number=46",46,"indonesia_banten?page_size=25&page_number=46","https://www.carmudi.co.id/mobil-bekas-dijual/indonesia_banten?page_size=25&page_number=46"
1874,"https://www.carmudi.co.id/mobil-bekas-dijual/indonesia_jawa-barat?page_size=25&page_number=46",46,"indonesia_jawa-barat?page_size=25&page_number=46","https://www.carmudi.co.id/mobil-bekas-dijual/indonesia_jawa-barat?page_size=25&page_number=46"
1875,"https://www.carmudi.co.id/mobil-bekas-dijual/indonesia_jawa-timur?page_size=25&page_number=46",46,"indonesia_jawa-timur?page_size=25&page_number=46","https://www.carmudi.co.id/mobil-bekas-dijual/indonesia_jawa-timur?page_size=25&page_number=46"
1876,"https://www.carmudi.co.id/mobil-bekas-dijual/indonesia_jawa-tengah?page_size=25&page_number=46",46,"indonesia_jawa-tengah?page_size=25&page_number=46","https://www.carmudi.co.id/mobil-bekas-dijual/indonesia_jawa-tengah?page_size=25&page_number=46"
1877,"https://www.carmudi.co.id/mobil-bekas-dijual/indonesia_yogyakarta?page_size=25&page_number=46",46,"indonesia_yogyakarta?page_size=25&page_number=46","https://www.carmudi.co.id/mobil-bekas-dijual/indonesia_yogyakarta?page_size=25&page_number=46"
1878,"https://www.carmudi.co.id/mobil-bekas-dijual/indonesia_sumatera-utara?page_size=25&page_number=46",46,"indonesia_sumatera-utara?page_size=25&page_number=46","https://www.carmudi.co.id/mobil-bekas-dijual/indonesia_sumatera-utara?page_size=25&page_number=46"
1879,"https://www.carmudi.co.id/mobil-bekas-dijual/indonesia_bali?page_size=25&page_number=46",46,"indonesia_bali?page_size=25&page_number=46","https://www.carmudi.co.id/mobil-bekas-dijual/indonesia_bali?page_size=25&page_number=46"
1880,"https://www.carmudi.co.id/mobil-bekas-dijual/indonesia_lampung?page_size=25&page_number=46",46,"indonesia_lampung?page_size=25&page_number=46","https://www.carmudi.co.id/mobil-bekas-dijual/indonesia_lampung?page_size=25&page_number=46"
1881,"https://www.carmudi.co.id/mobil-bekas-dijual/indonesia_gorontalo?page_size=25&page_number=46",46,"indonesia_gorontalo?page_size=25&page_number=46","https://www.carmudi.co.id/mobil-bekas-dijual/indonesia_gorontalo?page_size=25&page_number=46"
1882,"https://www.carmudi.co.id/mobil-bekas-dijual/indonesia_riau?page_size=25&page_number=46",46,"indonesia_riau?page_size=25&page_number=46","https://www.carmudi.co.id/mobil-bekas-dijual/indonesia_riau?page_size=25&page_number=46"
1883,"https://www.carmudi.co.id/mobil-bekas-dijual/indonesia_sumatera-selatan?page_size=25&page_number=46",46,"indonesia_sumatera-selatan?page_size=25&page_number=46","https://www.carmudi.co.id/mobil-bekas-dijual/indonesia_sumatera-selatan?page_size=25&page_number=46"
1884,"https://www.carmudi.co.id/mobil-bekas-dijual/indonesia_sumatera-barat?page_size=25&page_number=46",46,"indonesia_sumatera-barat?page_size=25&page_number=46","https://www.carmudi.co.id/mobil-bekas-dijual/indonesia_sumatera-barat?page_size=25&page_number=46"
1885,"https://www.carmudi.co.id/mobil-bekas-dijual/indonesia_jambi?page_size=25&page_number=46",46,"indonesia_jambi?page_size=25&page_number=46","https://www.carmudi.co.id/mobil-bekas-dijual/indonesia_jambi?page_size=25&page_number=46"
1886,"https://www.carmudi.co.id/mobil-bekas-dijual/indonesia_sulawesi-selatan?page_size=25&page_number=46",46,"indonesia_sulawesi-selatan?page_size=25&page_number=46","https://www.carmudi.co.id/mobil-bekas-dijual/indonesia_sulawesi-selatan?page_size=25&page_number=46"
1887,"https://www.carmudi.co.id/mobil-bekas-dijual/indonesia_nangroe-aceh-darussalam?page_size=25&page_number=46",46,"indonesia_nangroe-aceh-darussalam?page_size=25&page_number=46","https://www.carmudi.co.id/mobil-bekas-dijual/indonesia_nangroe-aceh-darussalam?page_size=25&page_number=46"
1888,"https://www.carmudi.co.id/mobil-bekas-dijual/indonesia_sulawesi-utara?page_size=25&page_number=46",46,"indonesia_sulawesi-utara?page_size=25&page_number=46","https://www.carmudi.co.id/mobil-bekas-dijual/indonesia_sulawesi-utara?page_size=25&page_number=46"
1889,"https://www.carmudi.co.id/mobil-bekas-dijual/indonesia_kalimantan-timur?page_size=25&page_number=46",46,"indonesia_kalimantan-timur?page_size=25&page_number=46","https://www.carmudi.co.id/mobil-bekas-dijual/indonesia_kalimantan-timur?page_size=25&page_number=46"
1890,"https://www.carmudi.co.id/mobil-bekas-dijual/indonesia_nusa-tenggara-barat?page_size=25&page_number=46",46,"indonesia_nusa-tenggara-barat?page_size=25&page_number=46","https://www.carmudi.co.id/mobil-bekas-dijual/indonesia_nusa-tenggara-barat?page_size=25&page_number=46"
1891,"https://www.carmudi.co.id/mobil-bekas-dijual/indonesia_sulawesi-tengah?page_size=25&page_number=46",46,"indonesia_sulawesi-tengah?page_size=25&page_number=46","https://www.carmudi.co.id/mobil-bekas-dijual/indonesia_sulawesi-tengah?page_size=25&page_number=46"
1892,"https://www.carmudi.co.id/mobil-bekas-dijual/indonesia_kalimantan-barat?page_size=25&page_number=46",46,"indonesia_kalimantan-barat?page_size=25&page_number=46","https://www.carmudi.co.id/mobil-bekas-dijual/indonesia_kalimantan-barat?page_size=25&page_number=46"
1893,"https://www.carmudi.co.id/mobil-bekas-dijual/indonesia_maluku?page_size=25&page_number=46",46,"indonesia_maluku?page_size=25&page_number=46","https://www.carmudi.co.id/mobil-bekas-dijual/indonesia_maluku?page_size=25&page_number=46"
1894,"https://www.carmudi.co.id/mobil-bekas-dijual/indonesia_maluku-utara?page_size=25&page_number=46",46,"indonesia_maluku-utara?page_size=25&page_number=46","https://www.carmudi.co.id/mobil-bekas-dijual/indonesia_maluku-utara?page_size=25&page_number=46"
1895,"https://www.carmudi.co.id/mobil-bekas-dijual/indonesia_sulawesi-barat?page_size=25&page_number=46",46,"indonesia_sulawesi-barat?page_size=25&page_number=46","https://www.carmudi.co.id/mobil-bekas-dijual/indonesia_sulawesi-barat?page_size=25&page_number=46"
1896,"https://www.carmudi.co.id/mobil-bekas-dijual/indonesia_sulawesi-tenggara?page_size=25&page_number=46",46,"indonesia_sulawesi-tenggara?page_size=25&page_number=46","https://www.carmudi.co.id/mobil-bekas-dijual/indonesia_sulawesi-tenggara?page_size=25&page_number=46"
1897,"https://www.carmudi.co.id/mobil-bekas-dijual/indonesia?page_number=47&page_size=25",47,"indonesia?page_number=47&page_size=25","https://www.carmudi.co.id/mobil-bekas-dijual/indonesia?page_number=47&page_size=25"
1898,"https://www.carmudi.co.id/mobil-bekas-dijual/indonesia?page_size=25&page_number=47",47,"indonesia?page_size=25&page_number=47","https://www.carmudi.co.id/mobil-bekas-dijual/indonesia?page_size=25&page_number=47"
1899,"https://www.carmudi.co.id/mobil-bekas-dijual/indonesia?transmission=automatic&page_size=25&page_number=47",47,"indonesia?transmission=automatic&page_size=25&page_number=47","https://www.carmudi.co.id/mobil-bekas-dijual/indonesia?transmission=automatic&page_size=25&page_number=47"
1900,"https://www.carmudi.co.id/mobil-bekas-dijual/indonesia?transmission=manual&page_size=25&page_number=47",47,"indonesia?transmission=manual&page_size=25&page_number=47","https://www.carmudi.co.id/mobil-bekas-dijual/indonesia?transmission=manual&page_size=25&page_number=47"
1901,"https://www.carmudi.co.id/mobil-bekas-dijual/indonesia?page_size=25&page_number=47&sort=best.match",47,"indonesia?page_size=25&page_number=47&sort=best.match","https://www.carmudi.co.id/mobil-bekas-dijual/indonesia?page_size=25&page_number=47&sort=best.match"
1902,"https://www.carmudi.co.id/mobil-bekas-dijual/indonesia?page_size=25&page_number=47&sort=modification_date_search.desc",47,"indonesia?page_size=25&page_number=47&sort=modification_date_search.desc","https://www.carmudi.co.id/mobil-bekas-dijual/indonesia?page_size=25&page_number=47&sort=modification_date_search.desc"
1903,"https://www.carmudi.co.id/mobil-bekas-dijual/indonesia?page_size=25&page_number=47&sort=price.asc",47,"indonesia?page_size=25&page_number=47&sort=price.asc","https://www.carmudi.co.id/mobil-bekas-dijual/indonesia?page_size=25&page_number=47&sort=price.asc"
1904,"https://www.carmudi.co.id/mobil-bekas-dijual/indonesia?page_size=25&page_number=47&sort=price.desc",47,"indonesia?page_size=25&page_number=47&sort=price.desc","https://www.carmudi.co.id/mobil-bekas-dijual/indonesia?page_size=25&page_number=47&sort=price.desc"
1905,"https://www.carmudi.co.id/mobil-bekas-dijual/indonesia?page_size=25&page_number=47&sort=year.desc",47,"indonesia?page_size=25&page_number=47&sort=year.desc","https://www.carmudi.co.id/mobil-bekas-dijual/indonesia?page_size=25&page_number=47&sort=year.desc"
1906,"https://www.carmudi.co.id/mobil-bekas-dijual/indonesia?page_size=25&page_number=47&sort=year.asc",47,"indonesia?page_size=25&page_number=47&sort=year.asc","https://www.carmudi.co.id/mobil-bekas-dijual/indonesia?page_size=25&page_number=47&sort=year.asc"
1907,"https://www.carmudi.co.id/mobil-bekas-dijual/indonesia?page_size=25&page_number=47&sort=mileage.asc",47,"indonesia?page_size=25&page_number=47&sort=mileage.asc","https://www.carmudi.co.id/mobil-bekas-dijual/indonesia?page_size=25&page_number=47&sort=mileage.asc"
1908,"https://www.carmudi.co.id/mobil-bekas-dijual/indonesia?page_size=25&page_number=47&sort=mileage.desc",47,"indonesia?page_size=25&page_number=47&sort=mileage.desc","https://www.carmudi.co.id/mobil-bekas-dijual/indonesia?page_size=25&page_number=47&sort=mileage.desc"
1909,"https://www.carmudi.co.id/mobil-bekas-dijual/indonesia_jabodetabek?page_size=25&page_number=47",47,"indonesia_jabodetabek?page_size=25&page_number=47","https://www.carmudi.co.id/mobil-bekas-dijual/indonesia_jabodetabek?page_size=25&page_number=47"
1910,"https://www.carmudi.co.id/mobil-bekas-dijual/indonesia_dki-jakarta?page_size=25&page_number=47",47,"indonesia_dki-jakarta?page_size=25&page_number=47","https://www.carmudi.co.id/mobil-bekas-dijual/indonesia_dki-jakarta?page_size=25&page_number=47"
1911,"https://www.carmudi.co.id/mobil-bekas-dijual/indonesia_banten?page_size=25&page_number=47",47,"indonesia_banten?page_size=25&page_number=47","https://www.carmudi.co.id/mobil-bekas-dijual/indonesia_banten?page_size=25&page_number=47"
1912,"https://www.carmudi.co.id/mobil-bekas-dijual/indonesia_jawa-barat?page_size=25&page_number=47",47,"indonesia_jawa-barat?page_size=25&page_number=47","https://www.carmudi.co.id/mobil-bekas-dijual/indonesia_jawa-barat?page_size=25&page_number=47"
1913,"https://www.carmudi.co.id/mobil-bekas-dijual/indonesia_jawa-timur?page_size=25&page_number=47",47,"indonesia_jawa-timur?page_size=25&page_number=47","https://www.carmudi.co.id/mobil-bekas-dijual/indonesia_jawa-timur?page_size=25&page_number=47"
1914,"https://www.carmudi.co.id/mobil-bekas-dijual/indonesia_jawa-tengah?page_size=25&page_number=47",47,"indonesia_jawa-tengah?page_size=25&page_number=47","https://www.carmudi.co.id/mobil-bekas-dijual/indonesia_jawa-tengah?page_size=25&page_number=47"
1915,"https://www.carmudi.co.id/mobil-bekas-dijual/indonesia_yogyakarta?page_size=25&page_number=47",47,"indonesia_yogyakarta?page_size=25&page_number=47","https://www.carmudi.co.id/mobil-bekas-dijual/indonesia_yogyakarta?page_size=25&page_number=47"
1916,"https://www.carmudi.co.id/mobil-bekas-dijual/indonesia_sumatera-utara?page_size=25&page_number=47",47,"indonesia_sumatera-utara?page_size=25&page_number=47","https://www.carmudi.co.id/mobil-bekas-dijual/indonesia_sumatera-utara?page_size=25&page_number=47"
1917,"https://www.carmudi.co.id/mobil-bekas-dijual/indonesia_bali?page_size=25&page_number=47",47,"indonesia_bali?page_size=25&page_number=47","https://www.carmudi.co.id/mobil-bekas-dijual/indonesia_bali?page_size=25&page_number=47"
1918,"https://www.carmudi.co.id/mobil-bekas-dijual/indonesia_lampung?page_size=25&page_number=47",47,"indonesia_lampung?page_size=25&page_number=47","https://www.carmudi.co.id/mobil-bekas-dijual/indonesia_lampung?page_size=25&page_number=47"
1919,"https://www.carmudi.co.id/mobil-bekas-dijual/indonesia_gorontalo?page_size=25&page_number=47",47,"indonesia_gorontalo?page_size=25&page_number=47","https://www.carmudi.co.id/mobil-bekas-dijual/indonesia_gorontalo?page_size=25&page_number=47"
1920,"https://www.carmudi.co.id/mobil-bekas-dijual/indonesia_riau?page_size=25&page_number=47",47,"indonesia_riau?page_size=25&page_number=47","https://www.carmudi.co.id/mobil-bekas-dijual/indonesia_riau?page_size=25&page_number=47"
1921,"https://www.carmudi.co.id/mobil-bekas-dijual/indonesia_sumatera-selatan?page_size=25&page_number=47",47,"indonesia_sumatera-selatan?page_size=25&page_number=47","https://www.carmudi.co.id/mobil-bekas-dijual/indonesia_sumatera-selatan?page_size=25&page_number=47"
1922,"https://www.carmudi.co.id/mobil-bekas-dijual/indonesia_sumatera-barat?page_size=25&page_number=47",47,"indonesia_sumatera-barat?page_size=25&page_number=47","https://www.carmudi.co.id/mobil-bekas-dijual/indonesia_sumatera-barat?page_size=25&page_number=47"
1923,"https://www.carmudi.co.id/mobil-bekas-dijual/indonesia_jambi?page_size=25&page_number=47",47,"indonesia_jambi?page_size=25&page_number=47","https://www.carmudi.co.id/mobil-bekas-dijual/indonesia_jambi?page_size=25&page_number=47"
1924,"https://www.carmudi.co.id/mobil-bekas-dijual/indonesia_sulawesi-selatan?page_size=25&page_number=47",47,"indonesia_sulawesi-selatan?page_size=25&page_number=47","https://www.carmudi.co.id/mobil-bekas-dijual/indonesia_sulawesi-selatan?page_size=25&page_number=47"
1925,"https://www.carmudi.co.id/mobil-bekas-dijual/indonesia_nangroe-aceh-darussalam?page_size=25&page_number=47",47,"indonesia_nangroe-aceh-darussalam?page_size=25&page_number=47","https://www.carmudi.co.id/mobil-bekas-dijual/indonesia_nangroe-aceh-darussalam?page_size=25&page_number=47"
1926,"https://www.carmudi.co.id/mobil-bekas-dijual/indonesia_sulawesi-utara?page_size=25&page_number=47",47,"indonesia_sulawesi-utara?page_size=25&page_number=47","https://www.carmudi.co.id/mobil-bekas-dijual/indonesia_sulawesi-utara?page_size=25&page_number=47"
1927,"https://www.carmudi.co.id/mobil-bekas-dijual/indonesia_kalimantan-timur?page_size=25&page_number=47",47,"indonesia_kalimantan-timur?page_size=25&page_number=47","https://www.carmudi.co.id/mobil-bekas-dijual/indonesia_kalimantan-timur?page_size=25&page_number=47"
1928,"https://www.carmudi.co.id/mobil-bekas-dijual/indonesia_nusa-tenggara-barat?page_size=25&page_number=47",47,"indonesia_nusa-tenggara-barat?page_size=25&page_number=47","https://www.carmudi.co.id/mobil-bekas-dijual/indonesia_nusa-tenggara-barat?page_size=25&page_number=47"
1929,"https://www.carmudi.co.id/mobil-bekas-dijual/indonesia_sulawesi-tengah?page_size=25&page_number=47",47,"indonesia_sulawesi-tengah?page_size=25&page_number=47","https://www.carmudi.co.id/mobil-bekas-dijual/indonesia_sulawesi-tengah?page_size=25&page_number=47"
1930,"https://www.carmudi.co.id/mobil-bekas-dijual/indonesia_kalimantan-barat?page_size=25&page_number=47",47,"indonesia_kalimantan-barat?page_size=25&page_number=47","https://www.carmudi.co.id/mobil-bekas-dijual/indonesia_kalimantan-barat?page_size=25&page_number=47"
1931,"https://www.carmudi.co.id/mobil-bekas-dijual/indonesia_maluku?page_size=25&page_number=47",47,"indonesia_maluku?page_size=25&page_number=47","https://www.carmudi.co.id/mobil-bekas-dijual/indonesia_maluku?page_size=25&page_number=47"
1932,"https://www.carmudi.co.id/mobil-bekas-dijual/indonesia_maluku-utara?page_size=25&page_number=47",47,"indonesia_maluku-utara?page_size=25&page_number=47","https://www.carmudi.co.id/mobil-bekas-dijual/indonesia_maluku-utara?page_size=25&page_number=47"
1933,"https://www.carmudi.co.id/mobil-bekas-dijual/indonesia_sulawesi-barat?page_size=25&page_number=47",47,"indonesia_sulawesi-barat?page_size=25&page_number=47","https://www.carmudi.co.id/mobil-bekas-dijual/indonesia_sulawesi-barat?page_size=25&page_number=47"
1934,"https://www.carmudi.co.id/mobil-bekas-dijual/indonesia_sulawesi-tenggara?page_size=25&page_number=47",47,"indonesia_sulawesi-tenggara?page_size=25&page_number=47","https://www.carmudi.co.id/mobil-bekas-dijual/indonesia_sulawesi-tenggara?page_size=25&page_number=47"
1935,"https://www.carmudi.co.id/mobil-bekas-dijual/indonesia?page_number=48&page_size=25",48,"indonesia?page_number=48&page_size=25","https://www.carmudi.co.id/mobil-bekas-dijual/indonesia?page_number=48&page_size=25"
1936,"https://www.carmudi.co.id/mobil-bekas-dijual/indonesia?page_size=25&page_number=48",48,"indonesia?page_size=25&page_number=48","https://www.carmudi.co.id/mobil-bekas-dijual/indonesia?page_size=25&page_number=48"
1937,"https://www.carmudi.co.id/mobil-bekas-dijual/indonesia?transmission=automatic&page_size=25&page_number=48",48,"indonesia?transmission=automatic&page_size=25&page_number=48","https://www.carmudi.co.id/mobil-bekas-dijual/indonesia?transmission=automatic&page_size=25&page_number=48"
1938,"https://www.carmudi.co.id/mobil-bekas-dijual/indonesia?transmission=manual&page_size=25&page_number=48",48,"indonesia?transmission=manual&page_size=25&page_number=48","https://www.carmudi.co.id/mobil-bekas-dijual/indonesia?transmission=manual&page_size=25&page_number=48"
1939,"https://www.carmudi.co.id/mobil-bekas-dijual/indonesia?page_size=25&page_number=48&sort=best.match",48,"indonesia?page_size=25&page_number=48&sort=best.match","https://www.carmudi.co.id/mobil-bekas-dijual/indonesia?page_size=25&page_number=48&sort=best.match"
1940,"https://www.carmudi.co.id/mobil-bekas-dijual/indonesia?page_size=25&page_number=48&sort=modification_date_search.desc",48,"indonesia?page_size=25&page_number=48&sort=modification_date_search.desc","https://www.carmudi.co.id/mobil-bekas-dijual/indonesia?page_size=25&page_number=48&sort=modification_date_search.desc"
1941,"https://www.carmudi.co.id/mobil-bekas-dijual/indonesia?page_size=25&page_number=48&sort=price.asc",48,"indonesia?page_size=25&page_number=48&sort=price.asc","https://www.carmudi.co.id/mobil-bekas-dijual/indonesia?page_size=25&page_number=48&sort=price.asc"
1942,"https://www.carmudi.co.id/mobil-bekas-dijual/indonesia?page_size=25&page_number=48&sort=price.desc",48,"indonesia?page_size=25&page_number=48&sort=price.desc","https://www.carmudi.co.id/mobil-bekas-dijual/indonesia?page_size=25&page_number=48&sort=price.desc"
1943,"https://www.carmudi.co.id/mobil-bekas-dijual/indonesia?page_size=25&page_number=48&sort=year.desc",48,"indonesia?page_size=25&page_number=48&sort=year.desc","https://www.carmudi.co.id/mobil-bekas-dijual/indonesia?page_size=25&page_number=48&sort=year.desc"
1944,"https://www.carmudi.co.id/mobil-bekas-dijual/indonesia?page_size=25&page_number=48&sort=year.asc",48,"indonesia?page_size=25&page_number=48&sort=year.asc","https://www.carmudi.co.id/mobil-bekas-dijual/indonesia?page_size=25&page_number=48&sort=year.asc"
1945,"https://www.carmudi.co.id/mobil-bekas-dijual/indonesia?page_size=25&page_number=48&sort=mileage.asc",48,"indonesia?page_size=25&page_number=48&sort=mileage.asc","https://www.carmudi.co.id/mobil-bekas-dijual/indonesia?page_size=25&page_number=48&sort=mileage.asc"
1946,"https://www.carmudi.co.id/mobil-bekas-dijual/indonesia?page_size=25&page_number=48&sort=mileage.desc",48,"indonesia?page_size=25&page_number=48&sort=mileage.desc","https://www.carmudi.co.id/mobil-bekas-dijual/indonesia?page_size=25&page_number=48&sort=mileage.desc"
1947,"https://www.carmudi.co.id/mobil-bekas-dijual/indonesia_jabodetabek?page_size=25&page_number=48",48,"indonesia_jabodetabek?page_size=25&page_number=48","https://www.carmudi.co.id/mobil-bekas-dijual/indonesia_jabodetabek?page_size=25&page_number=48"
1948,"https://www.carmudi.co.id/mobil-bekas-dijual/indonesia_dki-jakarta?page_size=25&page_number=48",48,"indonesia_dki-jakarta?page_size=25&page_number=48","https://www.carmudi.co.id/mobil-bekas-dijual/indonesia_dki-jakarta?page_size=25&page_number=48"
1949,"https://www.carmudi.co.id/mobil-bekas-dijual/indonesia_banten?page_size=25&page_number=48",48,"indonesia_banten?page_size=25&page_number=48","https://www.carmudi.co.id/mobil-bekas-dijual/indonesia_banten?page_size=25&page_number=48"
1950,"https://www.carmudi.co.id/mobil-bekas-dijual/indonesia_jawa-barat?page_size=25&page_number=48",48,"indonesia_jawa-barat?page_size=25&page_number=48","https://www.carmudi.co.id/mobil-bekas-dijual/indonesia_jawa-barat?page_size=25&page_number=48"
1951,"https://www.carmudi.co.id/mobil-bekas-dijual/indonesia_jawa-timur?page_size=25&page_number=48",48,"indonesia_jawa-timur?page_size=25&page_number=48","https://www.carmudi.co.id/mobil-bekas-dijual/indonesia_jawa-timur?page_size=25&page_number=48"
1952,"https://www.carmudi.co.id/mobil-bekas-dijual/indonesia_jawa-tengah?page_size=25&page_number=48",48,"indonesia_jawa-tengah?page_size=25&page_number=48","https://www.carmudi.co.id/mobil-bekas-dijual/indonesia_jawa-tengah?page_size=25&page_number=48"
1953,"https://www.carmudi.co.id/mobil-bekas-dijual/indonesia_yogyakarta?page_size=25&page_number=48",48,"indonesia_yogyakarta?page_size=25&page_number=48","https://www.carmudi.co.id/mobil-bekas-dijual/indonesia_yogyakarta?page_size=25&page_number=48"
1954,"https://www.carmudi.co.id/mobil-bekas-dijual/indonesia_sumatera-utara?page_size=25&page_number=48",48,"indonesia_sumatera-utara?page_size=25&page_number=48","https://www.carmudi.co.id/mobil-bekas-dijual/indonesia_sumatera-utara?page_size=25&page_number=48"
1955,"https://www.carmudi.co.id/mobil-bekas-dijual/indonesia_bali?page_size=25&page_number=48",48,"indonesia_bali?page_size=25&page_number=48","https://www.carmudi.co.id/mobil-bekas-dijual/indonesia_bali?page_size=25&page_number=48"
1956,"https://www.carmudi.co.id/mobil-bekas-dijual/indonesia_lampung?page_size=25&page_number=48",48,"indonesia_lampung?page_size=25&page_number=48","https://www.carmudi.co.id/mobil-bekas-dijual/indonesia_lampung?page_size=25&page_number=48"
1957,"https://www.carmudi.co.id/mobil-bekas-dijual/indonesia_gorontalo?page_size=25&page_number=48",48,"indonesia_gorontalo?page_size=25&page_number=48","https://www.carmudi.co.id/mobil-bekas-dijual/indonesia_gorontalo?page_size=25&page_number=48"
1958,"https://www.carmudi.co.id/mobil-bekas-dijual/indonesia_riau?page_size=25&page_number=48",48,"indonesia_riau?page_size=25&page_number=48","https://www.carmudi.co.id/mobil-bekas-dijual/indonesia_riau?page_size=25&page_number=48"
1959,"https://www.carmudi.co.id/mobil-bekas-dijual/indonesia_sumatera-selatan?page_size=25&page_number=48",48,"indonesia_sumatera-selatan?page_size=25&page_number=48","https://www.carmudi.co.id/mobil-bekas-dijual/indonesia_sumatera-selatan?page_size=25&page_number=48"
1960,"https://www.carmudi.co.id/mobil-bekas-dijual/indonesia_sumatera-barat?page_size=25&page_number=48",48,"indonesia_sumatera-barat?page_size=25&page_number=48","https://www.carmudi.co.id/mobil-bekas-dijual/indonesia_sumatera-barat?page_size=25&page_number=48"
1961,"https://www.carmudi.co.id/mobil-bekas-dijual/indonesia_jambi?page_size=25&page_number=48",48,"indonesia_jambi?page_size=25&page_number=48","https://www.carmudi.co.id/mobil-bekas-dijual/indonesia_jambi?page_size=25&page_number=48"
1962,"https://www.carmudi.co.id/mobil-bekas-dijual/indonesia_sulawesi-selatan?page_size=25&page_number=48",48,"indonesia_sulawesi-selatan?page_size=25&page_number=48","https://www.carmudi.co.id/mobil-bekas-dijual/indonesia_sulawesi-selatan?page_size=25&page_number=48"
1963,"https://www.carmudi.co.id/mobil-bekas-dijual/indonesia_nangroe-aceh-darussalam?page_size=25&page_number=48",48,"indonesia_nangroe-aceh-darussalam?page_size=25&page_number=48","https://www.carmudi.co.id/mobil-bekas-dijual/indonesia_nangroe-aceh-darussalam?page_size=25&page_number=48"
1964,"https://www.carmudi.co.id/mobil-bekas-dijual/indonesia_sulawesi-utara?page_size=25&page_number=48",48,"indonesia_sulawesi-utara?page_size=25&page_number=48","https://www.carmudi.co.id/mobil-bekas-dijual/indonesia_sulawesi-utara?page_size=25&page_number=48"
1965,"https://www.carmudi.co.id/mobil-bekas-dijual/indonesia_kalimantan-timur?page_size=25&page_number=48",48,"indonesia_kalimantan-timur?page_size=25&page_number=48","https://www.carmudi.co.id/mobil-bekas-dijual/indonesia_kalimantan-timur?page_size=25&page_number=48"
1966,"https://www.carmudi.co.id/mobil-bekas-dijual/indonesia_nusa-tenggara-barat?page_size=25&page_number=48",48,"indonesia_nusa-tenggara-barat?page_size=25&page_number=48","https://www.carmudi.co.id/mobil-bekas-dijual/indonesia_nusa-tenggara-barat?page_size=25&page_number=48"
1967,"https://www.carmudi.co.id/mobil-bekas-dijual/indonesia_sulawesi-tengah?page_size=25&page_number=48",48,"indonesia_sulawesi-tengah?page_size=25&page_number=48","https://www.carmudi.co.id/mobil-bekas-dijual/indonesia_sulawesi-tengah?page_size=25&page_number=48"
1968,"https://www.carmudi.co.id/mobil-bekas-dijual/indonesia_kalimantan-barat?page_size=25&page_number=48",48,"indonesia_kalimantan-barat?page_size=25&page_number=48","https://www.carmudi.co.id/mobil-bekas-dijual/indonesia_kalimantan-barat?page_size=25&page_number=48"
1969,"https://www.carmudi.co.id/mobil-bekas-dijual/indonesia_maluku?page_size=25&page_number=48",48,"indonesia_maluku?page_size=25&page_number=48","https://www.carmudi.co.id/mobil-bekas-dijual/indonesia_maluku?page_size=25&page_number=48"
1970,"https://www.carmudi.co.id/mobil-bekas-dijual/indonesia_maluku-utara?page_size=25&page_number=48",48,"indonesia_maluku-utara?page_size=25&page_number=48","https://www.carmudi.co.id/mobil-bekas-dijual/indonesia_maluku-utara?page_size=25&page_number=48"
1971,"https://www.carmudi.co.id/mobil-bekas-dijual/indonesia_sulawesi-barat?page_size=25&page_number=48",48,"indonesia_sulawesi-barat?page_size=25&page_number=48","https://www.carmudi.co.id/mobil-bekas-dijual/indonesia_sulawesi-barat?page_size=25&page_number=48"
1972,"https://www.carmudi.co.id/mobil-bekas-dijual/indonesia_sulawesi-tenggara?page_size=25&page_number=48",48,"indonesia_sulawesi-tenggara?page_size=25&page_number=48","https://www.carmudi.co.id/mobil-bekas-dijual/indonesia_sulawesi-tenggara?page_size=25&page_number=48"
1973,"https://www.carmudi.co.id/mobil-bekas-dijual/indonesia?page_number=49&page_size=25",49,"indonesia?page_number=49&page_size=25","https://www.carmudi.co.id/mobil-bekas-dijual/indonesia?page_number=49&page_size=25"
1974,"https://www.carmudi.co.id/mobil-bekas-dijual/indonesia?page_size=25&page_number=49",49,"indonesia?page_size=25&page_number=49","https://www.carmudi.co.id/mobil-bekas-dijual/indonesia?page_size=25&page_number=49"
1975,"https://www.carmudi.co.id/mobil-bekas-dijual/indonesia?transmission=automatic&page_size=25&page_number=49",49,"indonesia?transmission=automatic&page_size=25&page_number=49","https://www.carmudi.co.id/mobil-bekas-dijual/indonesia?transmission=automatic&page_size=25&page_number=49"
1976,"https://www.carmudi.co.id/mobil-bekas-dijual/indonesia?transmission=manual&page_size=25&page_number=49",49,"indonesia?transmission=manual&page_size=25&page_number=49","https://www.carmudi.co.id/mobil-bekas-dijual/indonesia?transmission=manual&page_size=25&page_number=49"
1977,"https://www.carmudi.co.id/mobil-bekas-dijual/indonesia?page_size=25&page_number=49&sort=best.match",49,"indonesia?page_size=25&page_number=49&sort=best.match","https://www.carmudi.co.id/mobil-bekas-dijual/indonesia?page_size=25&page_number=49&sort=best.match"
1978,"https://www.carmudi.co.id/mobil-bekas-dijual/indonesia?page_size=25&page_number=49&sort=modification_date_search.desc",49,"indonesia?page_size=25&page_number=49&sort=modification_date_search.desc","https://www.carmudi.co.id/mobil-bekas-dijual/indonesia?page_size=25&page_number=49&sort=modification_date_search.desc"
1979,"https://www.carmudi.co.id/mobil-bekas-dijual/indonesia?page_size=25&page_number=49&sort=price.asc",49,"indonesia?page_size=25&page_number=49&sort=price.asc","https://www.carmudi.co.id/mobil-bekas-dijual/indonesia?page_size=25&page_number=49&sort=price.asc"
1980,"https://www.carmudi.co.id/mobil-bekas-dijual/indonesia?page_size=25&page_number=49&sort=price.desc",49,"indonesia?page_size=25&page_number=49&sort=price.desc","https://www.carmudi.co.id/mobil-bekas-dijual/indonesia?page_size=25&page_number=49&sort=price.desc"
1981,"https://www.carmudi.co.id/mobil-bekas-dijual/indonesia?page_size=25&page_number=49&sort=year.desc",49,"indonesia?page_size=25&page_number=49&sort=year.desc","https://www.carmudi.co.id/mobil-bekas-dijual/indonesia?page_size=25&page_number=49&sort=year.desc"
1982,"https://www.carmudi.co.id/mobil-bekas-dijual/indonesia?page_size=25&page_number=49&sort=year.asc",49,"indonesia?page_size=25&page_number=49&sort=year.asc","https://www.carmudi.co.id/mobil-bekas-dijual/indonesia?page_size=25&page_number=49&sort=year.asc"
1983,"https://www.carmudi.co.id/mobil-bekas-dijual/indonesia?page_size=25&page_number=49&sort=mileage.asc",49,"indonesia?page_size=25&page_number=49&sort=mileage.asc","https://www.carmudi.co.id/mobil-bekas-dijual/indonesia?page_size=25&page_number=49&sort=mileage.asc"
1984,"https://www.carmudi.co.id/mobil-bekas-dijual/indonesia?page_size=25&page_number=49&sort=mileage.desc",49,"indonesia?page_size=25&page_number=49&sort=mileage.desc","https://www.carmudi.co.id/mobil-bekas-dijual/indonesia?page_size=25&page_number=49&sort=mileage.desc"
1985,"https://www.carmudi.co.id/mobil-bekas-dijual/indonesia_jabodetabek?page_size=25&page_number=49",49,"indonesia_jabodetabek?page_size=25&page_number=49","https://www.carmudi.co.id/mobil-bekas-dijual/indonesia_jabodetabek?page_size=25&page_number=49"
1986,"https://www.carmudi.co.id/mobil-bekas-dijual/indonesia_dki-jakarta?page_size=25&page_number=49",49,"indonesia_dki-jakarta?page_size=25&page_number=49","https://www.carmudi.co.id/mobil-bekas-dijual/indonesia_dki-jakarta?page_size=25&page_number=49"
1987,"https://www.carmudi.co.id/mobil-bekas-dijual/indonesia_banten?page_size=25&page_number=49",49,"indonesia_banten?page_size=25&page_number=49","https://www.carmudi.co.id/mobil-bekas-dijual/indonesia_banten?page_size=25&page_number=49"
1988,"https://www.carmudi.co.id/mobil-bekas-dijual/indonesia_jawa-barat?page_size=25&page_number=49",49,"indonesia_jawa-barat?page_size=25&page_number=49","https://www.carmudi.co.id/mobil-bekas-dijual/indonesia_jawa-barat?page_size=25&page_number=49"
1989,"https://www.carmudi.co.id/mobil-bekas-dijual/indonesia_jawa-timur?page_size=25&page_number=49",49,"indonesia_jawa-timur?page_size=25&page_number=49","https://www.carmudi.co.id/mobil-bekas-dijual/indonesia_jawa-timur?page_size=25&page_number=49"
1990,"https://www.carmudi.co.id/mobil-bekas-dijual/indonesia_jawa-tengah?page_size=25&page_number=49",49,"indonesia_jawa-tengah?page_size=25&page_number=49","https://www.carmudi.co.id/mobil-bekas-dijual/indonesia_jawa-tengah?page_size=25&page_number=49"
1991,"https://www.carmudi.co.id/mobil-bekas-dijual/indonesia_yogyakarta?page_size=25&page_number=49",49,"indonesia_yogyakarta?page_size=25&page_number=49","https://www.carmudi.co.id/mobil-bekas-dijual/indonesia_yogyakarta?page_size=25&page_number=49"
1992,"https://www.carmudi.co.id/mobil-bekas-dijual/indonesia_sumatera-utara?page_size=25&page_number=49",49,"indonesia_sumatera-utara?page_size=25&page_number=49","https://www.carmudi.co.id/mobil-bekas-dijual/indonesia_sumatera-utara?page_size=25&page_number=49"
1993,"https://www.carmudi.co.id/mobil-bekas-dijual/indonesia_bali?page_size=25&page_number=49",49,"indonesia_bali?page_size=25&page_number=49","https://www.carmudi.co.id/mobil-bekas-dijual/indonesia_bali?page_size=25&page_number=49"
1994,"https://www.carmudi.co.id/mobil-bekas-dijual/indonesia_lampung?page_size=25&page_number=49",49,"indonesia_lampung?page_size=25&page_number=49","https://www.carmudi.co.id/mobil-bekas-dijual/indonesia_lampung?page_size=25&page_number=49"
1995,"https://www.carmudi.co.id/mobil-bekas-dijual/indonesia_gorontalo?page_size=25&page_number=49",49,"indonesia_gorontalo?page_size=25&page_number=49","https://www.carmudi.co.id/mobil-bekas-dijual/indonesia_gorontalo?page_size=25&page_number=49"
1996,"https://www.carmudi.co.id/mobil-bekas-dijual/indonesia_riau?page_size=25&page_number=49",49,"indonesia_riau?page_size=25&page_number=49","https://www.carmudi.co.id/mobil-bekas-dijual/indonesia_riau?page_size=25&page_number=49"
1997,"https://www.carmudi.co.id/mobil-bekas-dijual/indonesia_sumatera-selatan?page_size=25&page_number=49",49,"indonesia_sumatera-selatan?page_size=25&page_number=49","https://www.carmudi.co.id/mobil-bekas-dijual/indonesia_sumatera-selatan?page_size=25&page_number=49"
1998,"https://www.carmudi.co.id/mobil-bekas-dijual/indonesia_sumatera-barat?page_size=25&page_number=49",49,"indonesia_sumatera-barat?page_size=25&page_number=49","https://www.carmudi.co.id/mobil-bekas-dijual/indonesia_sumatera-barat?page_size=25&page_number=49"
1999,"https://www.carmudi.co.id/mobil-bekas-dijual/indonesia_jambi?page_size=25&page_number=49",49,"indonesia_jambi?page_size=25&page_number=49","https://www.carmudi.co.id/mobil-bekas-dijual/indonesia_jambi?page_size=25&page_number=49"
2000,"https://www.carmudi.co.id/mobil-bekas-dijual/indonesia_sulawesi-selatan?page_size=25&page_number=49",49,"indonesia_sulawesi-selatan?page_size=25&page_number=49","https://www.carmudi.co.id/mobil-bekas-dijual/indonesia_sulawesi-selatan?page_size=25&page_number=49"
2001,"https://www.carmudi.co.id/mobil-bekas-dijual/indonesia_nangroe-aceh-darussalam?page_size=25&page_number=49",49,"indonesia_nangroe-aceh-darussalam?page_size=25&page_number=49","https://www.carmudi.co.id/mobil-bekas-dijual/indonesia_nangroe-aceh-darussalam?page_size=25&page_number=49"
2002,"https://www.carmudi.co.id/mobil-bekas-dijual/indonesia_sulawesi-utara?page_size=25&page_number=49",49,"indonesia_sulawesi-utara?page_size=25&page_number=49","https://www.carmudi.co.id/mobil-bekas-dijual/indonesia_sulawesi-utara?page_size=25&page_number=49"
2003,"https://www.carmudi.co.id/mobil-bekas-dijual/indonesia_kalimantan-timur?page_size=25&page_number=49",49,"indonesia_kalimantan-timur?page_size=25&page_number=49","https://www.carmudi.co.id/mobil-bekas-dijual/indonesia_kalimantan-timur?page_size=25&page_number=49"
2004,"https://www.carmudi.co.id/mobil-bekas-dijual/indonesia_nusa-tenggara-barat?page_size=25&page_number=49",49,"indonesia_nusa-tenggara-barat?page_size=25&page_number=49","https://www.carmudi.co.id/mobil-bekas-dijual/indonesia_nusa-tenggara-barat?page_size=25&page_number=49"
2005,"https://www.carmudi.co.id/mobil-bekas-dijual/indonesia_sulawesi-tengah?page_size=25&page_number=49",49,"indonesia_sulawesi-tengah?page_size=25&page_number=49","https://www.carmudi.co.id/mobil-bekas-dijual/indonesia_sulawesi-tengah?page_size=25&page_number=49"
2006,"https://www.carmudi.co.id/mobil-bekas-dijual/indonesia_kalimantan-barat?page_size=25&page_number=49",49,"indonesia_kalimantan-barat?page_size=25&page_number=49","https://www.carmudi.co.id/mobil-bekas-dijual/indonesia_kalimantan-barat?page_size=25&page_number=49"
2007,"https://www.carmudi.co.id/mobil-bekas-dijual/indonesia_maluku?page_size=25&page_number=49",49,"indonesia_maluku?page_size=25&page_number=49","https://www.carmudi.co.id/mobil-bekas-dijual/indonesia_maluku?page_size=25&page_number=49"
2008,"https://www.carmudi.co.id/mobil-bekas-dijual/indonesia_maluku-utara?page_size=25&page_number=49",49,"indonesia_maluku-utara?page_size=25&page_number=49","https://www.carmudi.co.id/mobil-bekas-dijual/indonesia_maluku-utara?page_size=25&page_number=49"
2009,"https://www.carmudi.co.id/mobil-bekas-dijual/indonesia_sulawesi-barat?page_size=25&page_number=49",49,"indonesia_sulawesi-barat?page_size=25&page_number=49","https://www.carmudi.co.id/mobil-bekas-dijual/indonesia_sulawesi-barat?page_size=25&page_number=49"
2010,"https://www.carmudi.co.id/mobil-bekas-dijual/indonesia_sulawesi-tenggara?page_size=25&page_number=49",49,"indonesia_sulawesi-tenggara?page_size=25&page_number=49","https://www.carmudi.co.id/mobil-bekas-dijual/indonesia_sulawesi-tenggara?page_size=25&page_number=49"
2011,"https://www.carmudi.co.id/mobil-bekas-dijual/indonesia?page_number=50&page_size=25",50,"indonesia?page_number=50&page_size=25","https://www.carmudi.co.id/mobil-bekas-dijual/indonesia?page_number=50&page_size=25"
2012,"https://www.carmudi.co.id/mobil-bekas-dijual/indonesia?page_size=25&page_number=50",50,"indonesia?page_size=25&page_number=50","https://www.carmudi.co.id/mobil-bekas-dijual/indonesia?page_size=25&page_number=50"
2013,"https://www.carmudi.co.id/mobil-bekas-dijual/indonesia?transmission=automatic&page_size=25&page_number=50",50,"indonesia?transmission=automatic&page_size=25&page_number=50","https://www.carmudi.co.id/mobil-bekas-dijual/indonesia?transmission=automatic&page_size=25&page_number=50"
2014,"https://www.carmudi.co.id/mobil-bekas-dijual/indonesia?transmission=manual&page_size=25&page_number=50",50,"indonesia?transmission=manual&page_size=25&page_number=50","https://www.carmudi.co.id/mobil-bekas-dijual/indonesia?transmission=manual&page_size=25&page_number=50"
2015,"https://www.carmudi.co.id/mobil-bekas-dijual/indonesia?page_size=25&page_number=50&sort=best.match",50,"indonesia?page_size=25&page_number=50&sort=best.match","https://www.carmudi.co.id/mobil-bekas-dijual/indonesia?page_size=25&page_number=50&sort=best.match"
2016,"https://www.carmudi.co.id/mobil-bekas-dijual/indonesia?page_size=25&page_number=50&sort=modification_date_search.desc",50,"indonesia?page_size=25&page_number=50&sort=modification_date_search.desc","https://www.carmudi.co.id/mobil-bekas-dijual/indonesia?page_size=25&page_number=50&sort=modification_date_search.desc"
2017,"https://www.carmudi.co.id/mobil-bekas-dijual/indonesia?page_size=25&page_number=50&sort=price.asc",50,"indonesia?page_size=25&page_number=50&sort=price.asc","https://www.carmudi.co.id/mobil-bekas-dijual/indonesia?page_size=25&page_number=50&sort=price.asc"
2018,"https://www.carmudi.co.id/mobil-bekas-dijual/indonesia?page_size=25&page_number=50&sort=price.desc",50,"indonesia?page_size=25&page_number=50&sort=price.desc","https://www.carmudi.co.id/mobil-bekas-dijual/indonesia?page_size=25&page_number=50&sort=price.desc"
2019,"https://www.carmudi.co.id/mobil-bekas-dijual/indonesia?page_size=25&page_number=50&sort=year.desc",50,"indonesia?page_size=25&page_number=50&sort=year.desc","https://www.carmudi.co.id/mobil-bekas-dijual/indonesia?page_size=25&page_number=50&sort=year.desc"
2020,"https://www.carmudi.co.id/mobil-bekas-dijual/indonesia?page_size=25&page_number=50&sort=year.asc",50,"indonesia?page_size=25&page_number=50&sort=year.asc","https://www.carmudi.co.id/mobil-bekas-dijual/indonesia?page_size=25&page_number=50&sort=year.asc"
2021,"https://www.carmudi.co.id/mobil-bekas-dijual/indonesia?page_size=25&page_number=50&sort=mileage.asc",50,"indonesia?page_size=25&page_number=50&sort=mileage.asc","https://www.carmudi.co.id/mobil-bekas-dijual/indonesia?page_size=25&page_number=50&sort=mileage.asc"
2022,"https://www.carmudi.co.id/mobil-bekas-dijual/indonesia?page_size=25&page_number=50&sort=mileage.desc",50,"indonesia?page_size=25&page_number=50&sort=mileage.desc","https://www.carmudi.co.id/mobil-bekas-dijual/indonesia?page_size=25&page_number=50&sort=mileage.desc"
2023,"https://www.carmudi.co.id/mobil-bekas-dijual/indonesia_jabodetabek?page_size=25&page_number=50",50,"indonesia_jabodetabek?page_size=25&page_number=50","https://www.carmudi.co.id/mobil-bekas-dijual/indonesia_jabodetabek?page_size=25&page_number=50"
2024,"https://www.carmudi.co.id/mobil-bekas-dijual/indonesia_dki-jakarta?page_size=25&page_number=50",50,"indonesia_dki-jakarta?page_size=25&page_number=50","https://www.carmudi.co.id/mobil-bekas-dijual/indonesia_dki-jakarta?page_size=25&page_number=50"
2025,"https://www.carmudi.co.id/mobil-bekas-dijual/indonesia_banten?page_size=25&page_number=50",50,"indonesia_banten?page_size=25&page_number=50","https://www.carmudi.co.id/mobil-bekas-dijual/indonesia_banten?page_size=25&page_number=50"
2026,"https://www.carmudi.co.id/mobil-bekas-dijual/indonesia_jawa-barat?page_size=25&page_number=50",50,"indonesia_jawa-barat?page_size=25&page_number=50","https://www.carmudi.co.id/mobil-bekas-dijual/indonesia_jawa-barat?page_size=25&page_number=50"
2027,"https://www.carmudi.co.id/mobil-bekas-dijual/indonesia_jawa-timur?page_size=25&page_number=50",50,"indonesia_jawa-timur?page_size=25&page_number=50","https://www.carmudi.co.id/mobil-bekas-dijual/indonesia_jawa-timur?page_size=25&page_number=50"
2028,"https://www.carmudi.co.id/mobil-bekas-dijual/indonesia_jawa-tengah?page_size=25&page_number=50",50,"indonesia_jawa-tengah?page_size=25&page_number=50","https://www.carmudi.co.id/mobil-bekas-dijual/indonesia_jawa-tengah?page_size=25&page_number=50"
2029,"https://www.carmudi.co.id/mobil-bekas-dijual/indonesia_yogyakarta?page_size=25&page_number=50",50,"indonesia_yogyakarta?page_size=25&page_number=50","https://www.carmudi.co.id/mobil-bekas-dijual/indonesia_yogyakarta?page_size=25&page_number=50"
2030,"https://www.carmudi.co.id/mobil-bekas-dijual/indonesia_sumatera-utara?page_size=25&page_number=50",50,"indonesia_sumatera-utara?page_size=25&page_number=50","https://www.carmudi.co.id/mobil-bekas-dijual/indonesia_sumatera-utara?page_size=25&page_number=50"
2031,"https://www.carmudi.co.id/mobil-bekas-dijual/indonesia_bali?page_size=25&page_number=50",50,"indonesia_bali?page_size=25&page_number=50","https://www.carmudi.co.id/mobil-bekas-dijual/indonesia_bali?page_size=25&page_number=50"
2032,"https://www.carmudi.co.id/mobil-bekas-dijual/indonesia_lampung?page_size=25&page_number=50",50,"indonesia_lampung?page_size=25&page_number=50","https://www.carmudi.co.id/mobil-bekas-dijual/indonesia_lampung?page_size=25&page_number=50"
2033,"https://www.carmudi.co.id/mobil-bekas-dijual/indonesia_gorontalo?page_size=25&page_number=50",50,"indonesia_gorontalo?page_size=25&page_number=50","https://www.carmudi.co.id/mobil-bekas-dijual/indonesia_gorontalo?page_size=25&page_number=50"
2034,"https://www.carmudi.co.id/mobil-bekas-dijual/indonesia_riau?page_size=25&page_number=50",50,"indonesia_riau?page_size=25&page_number=50","https://www.carmudi.co.id/mobil-bekas-dijual/indonesia_riau?page_size=25&page_number=50"
2035,"https://www.carmudi.co.id/mobil-bekas-dijual/indonesia_sumatera-selatan?page_size=25&page_number=50",50,"indonesia_sumatera-selatan?page_size=25&page_number=50","https://www.carmudi.co.id/mobil-bekas-dijual/indonesia_sumatera-selatan?page_size=25&page_number=50"
2036,"https://www.carmudi.co.id/mobil-bekas-dijual/indonesia_sumatera-barat?page_size=25&page_number=50",50,"indonesia_sumatera-barat?page_size=25&page_number=50","https://www.carmudi.co.id/mobil-bekas-dijual/indonesia_sumatera-barat?page_size=25&page_number=50"
2037,"https://www.carmudi.co.id/mobil-bekas-dijual/indonesia_jambi?page_size=25&page_number=50",50,"indonesia_jambi?page_size=25&page_number=50","https://www.carmudi.co.id/mobil-bekas-dijual/indonesia_jambi?page_size=25&page_number=50"
2038,"https://www.carmudi.co.id/mobil-bekas-dijual/indonesia_sulawesi-selatan?page_size=25&page_number=50",50,"indonesia_sulawesi-selatan?page_size=25&page_number=50","https://www.carmudi.co.id/mobil-bekas-dijual/indonesia_sulawesi-selatan?page_size=25&page_number=50"
2039,"https://www.carmudi.co.id/mobil-bekas-dijual/indonesia_nangroe-aceh-darussalam?page_size=25&page_number=50",50,"indonesia_nangroe-aceh-darussalam?page_size=25&page_number=50","https://www.carmudi.co.id/mobil-bekas-dijual/indonesia_nangroe-aceh-darussalam?page_size=25&page_number=50"
2040,"https://www.carmudi.co.id/mobil-bekas-dijual/indonesia_sulawesi-utara?page_size=25&page_number=50",50,"indonesia_sulawesi-utara?page_size=25&page_number=50","https://www.carmudi.co.id/mobil-bekas-dijual/indonesia_sulawesi-utara?page_size=25&page_number=50"
2041,"https://www.carmudi.co.id/mobil-bekas-dijual/indonesia_kalimantan-timur?page_size=25&page_number=50",50,"indonesia_kalimantan-timur?page_size=25&page_number=50","https://www.carmudi.co.id/mobil-bekas-dijual/indonesia_kalimantan-timur?page_size=25&page_number=50"
2042,"https://www.carmudi.co.id/mobil-bekas-dijual/indonesia_nusa-tenggara-barat?page_size=25&page_number=50",50,"indonesia_nusa-tenggara-barat?page_size=25&page_number=50","https://www.carmudi.co.id/mobil-bekas-dijual/indonesia_nusa-tenggara-barat?page_size=25&page_number=50"
2043,"https://www.carmudi.co.id/mobil-bekas-dijual/indonesia_sulawesi-tengah?page_size=25&page_number=50",50,"indonesia_sulawesi-tengah?page_size=25&page_number=50","https://www.carmudi.co.id/mobil-bekas-dijual/indonesia_sulawesi-tengah?page_size=25&page_number=50"
2044,"https://www.carmudi.co.id/mobil-bekas-dijual/indonesia_kalimantan-barat?page_size=25&page_number=50",50,"indonesia_kalimantan-barat?page_size=25&page_number=50","https://www.carmudi.co.id/mobil-bekas-dijual/indonesia_kalimantan-barat?page_size=25&page_number=50"
2045,"https://www.carmudi.co.id/mobil-bekas-dijual/indonesia_maluku?page_size=25&page_number=50",50,"indonesia_maluku?page_size=25&page_number=50","https://www.carmudi.co.id/mobil-bekas-dijual/indonesia_maluku?page_size=25&page_number=50"
2046,"https://www.carmudi.co.id/mobil-bekas-dijual/indonesia_maluku-utara?page_size=25&page_number=50",50,"indonesia_maluku-utara?page_size=25&page_number=50","https://www.carmudi.co.id/mobil-bekas-dijual/indonesia_maluku-utara?page_size=25&page_number=50"
2047,"https://www.carmudi.co.id/mobil-bekas-dijual/indonesia_sulawesi-barat?page_size=25&page_number=50",50,"indonesia_sulawesi-barat?page_size=25&page_number=50","https://www.carmudi.co.id/mobil-bekas-dijual/indonesia_sulawesi-barat?page_size=25&page_number=50"
2048,"https://www.carmudi.co.id/mobil-bekas-dijual/indonesia_sulawesi-tenggara?page_size=25&page_number=50",50,"indonesia_sulawesi-tenggara?page_size=25&page_number=50","https://www.carmudi.co.id/mobil-bekas-dijual/indonesia_sulawesi-tenggara?page_size=25&page_number=50"
2049,"https://www.carmudi.co.id/mobil-bekas-dijual/indonesia?page_number=51&page_size=25",51,"indonesia?page_number=51&page_size=25","https://www.carmudi.co.id/mobil-bekas-dijual/indonesia?page_number=51&page_size=25"
2050,"https://www.carmudi.co.id/mobil-bekas-dijual/indonesia?page_size=25&page_number=51",51,"indonesia?page_size=25&page_number=51","https://www.carmudi.co.id/mobil-bekas-dijual/indonesia?page_size=25&page_number=51"
2051,"https://www.carmudi.co.id/mobil-bekas-dijual/indonesia?transmission=automatic&page_size=25&page_number=51",51,"indonesia?transmission=automatic&page_size=25&page_number=51","https://www.carmudi.co.id/mobil-bekas-dijual/indonesia?transmission=automatic&page_size=25&page_number=51"
2052,"https://www.carmudi.co.id/mobil-bekas-dijual/indonesia?transmission=manual&page_size=25&page_number=51",51,"indonesia?transmission=manual&page_size=25&page_number=51","https://www.carmudi.co.id/mobil-bekas-dijual/indonesia?transmission=manual&page_size=25&page_number=51"
2053,"https://www.carmudi.co.id/mobil-bekas-dijual/indonesia?page_size=25&page_number=51&sort=best.match",51,"indonesia?page_size=25&page_number=51&sort=best.match","https://www.carmudi.co.id/mobil-bekas-dijual/indonesia?page_size=25&page_number=51&sort=best.match"
2054,"https://www.carmudi.co.id/mobil-bekas-dijual/indonesia?page_size=25&page_number=51&sort=modification_date_search.desc",51,"indonesia?page_size=25&page_number=51&sort=modification_date_search.desc","https://www.carmudi.co.id/mobil-bekas-dijual/indonesia?page_size=25&page_number=51&sort=modification_date_search.desc"
2055,"https://www.carmudi.co.id/mobil-bekas-dijual/indonesia?page_size=25&page_number=51&sort=price.asc",51,"indonesia?page_size=25&page_number=51&sort=price.asc","https://www.carmudi.co.id/mobil-bekas-dijual/indonesia?page_size=25&page_number=51&sort=price.asc"
2056,"https://www.carmudi.co.id/mobil-bekas-dijual/indonesia?page_size=25&page_number=51&sort=price.desc",51,"indonesia?page_size=25&page_number=51&sort=price.desc","https://www.carmudi.co.id/mobil-bekas-dijual/indonesia?page_size=25&page_number=51&sort=price.desc"
2057,"https://www.carmudi.co.id/mobil-bekas-dijual/indonesia?page_size=25&page_number=51&sort=year.desc",51,"indonesia?page_size=25&page_number=51&sort=year.desc","https://www.carmudi.co.id/mobil-bekas-dijual/indonesia?page_size=25&page_number=51&sort=year.desc"
2058,"https://www.carmudi.co.id/mobil-bekas-dijual/indonesia?page_size=25&page_number=51&sort=year.asc",51,"indonesia?page_size=25&page_number=51&sort=year.asc","https://www.carmudi.co.id/mobil-bekas-dijual/indonesia?page_size=25&page_number=51&sort=year.asc"
2059,"https://www.carmudi.co.id/mobil-bekas-dijual/indonesia?page_size=25&page_number=51&sort=mileage.asc",51,"indonesia?page_size=25&page_number=51&sort=mileage.asc","https://www.carmudi.co.id/mobil-bekas-dijual/indonesia?page_size=25&page_number=51&sort=mileage.asc"
2060,"https://www.carmudi.co.id/mobil-bekas-dijual/indonesia?page_size=25&page_number=51&sort=mileage.desc",51,"indonesia?page_size=25&page_number=51&sort=mileage.desc","https://www.carmudi.co.id/mobil-bekas-dijual/indonesia?page_size=25&page_number=51&sort=mileage.desc"
2061,"https://www.carmudi.co.id/mobil-bekas-dijual/indonesia_jabodetabek?page_size=25&page_number=51",51,"indonesia_jabodetabek?page_size=25&page_number=51","https://www.carmudi.co.id/mobil-bekas-dijual/indonesia_jabodetabek?page_size=25&page_number=51"
2062,"https://www.carmudi.co.id/mobil-bekas-dijual/indonesia_dki-jakarta?page_size=25&page_number=51",51,"indonesia_dki-jakarta?page_size=25&page_number=51","https://www.carmudi.co.id/mobil-bekas-dijual/indonesia_dki-jakarta?page_size=25&page_number=51"
2063,"https://www.carmudi.co.id/mobil-bekas-dijual/indonesia_banten?page_size=25&page_number=51",51,"indonesia_banten?page_size=25&page_number=51","https://www.carmudi.co.id/mobil-bekas-dijual/indonesia_banten?page_size=25&page_number=51"
2064,"https://www.carmudi.co.id/mobil-bekas-dijual/indonesia_jawa-barat?page_size=25&page_number=51",51,"indonesia_jawa-barat?page_size=25&page_number=51","https://www.carmudi.co.id/mobil-bekas-dijual/indonesia_jawa-barat?page_size=25&page_number=51"
2065,"https://www.carmudi.co.id/mobil-bekas-dijual/indonesia_jawa-timur?page_size=25&page_number=51",51,"indonesia_jawa-timur?page_size=25&page_number=51","https://www.carmudi.co.id/mobil-bekas-dijual/indonesia_jawa-timur?page_size=25&page_number=51"
2066,"https://www.carmudi.co.id/mobil-bekas-dijual/indonesia_jawa-tengah?page_size=25&page_number=51",51,"indonesia_jawa-tengah?page_size=25&page_number=51","https://www.carmudi.co.id/mobil-bekas-dijual/indonesia_jawa-tengah?page_size=25&page_number=51"
2067,"https://www.carmudi.co.id/mobil-bekas-dijual/indonesia_yogyakarta?page_size=25&page_number=51",51,"indonesia_yogyakarta?page_size=25&page_number=51","https://www.carmudi.co.id/mobil-bekas-dijual/indonesia_yogyakarta?page_size=25&page_number=51"
2068,"https://www.carmudi.co.id/mobil-bekas-dijual/indonesia_sumatera-utara?page_size=25&page_number=51",51,"indonesia_sumatera-utara?page_size=25&page_number=51","https://www.carmudi.co.id/mobil-bekas-dijual/indonesia_sumatera-utara?page_size=25&page_number=51"
2069,"https://www.carmudi.co.id/mobil-bekas-dijual/indonesia_bali?page_size=25&page_number=51",51,"indonesia_bali?page_size=25&page_number=51","https://www.carmudi.co.id/mobil-bekas-dijual/indonesia_bali?page_size=25&page_number=51"
2070,"https://www.carmudi.co.id/mobil-bekas-dijual/indonesia_lampung?page_size=25&page_number=51",51,"indonesia_lampung?page_size=25&page_number=51","https://www.carmudi.co.id/mobil-bekas-dijual/indonesia_lampung?page_size=25&page_number=51"
2071,"https://www.carmudi.co.id/mobil-bekas-dijual/indonesia_gorontalo?page_size=25&page_number=51",51,"indonesia_gorontalo?page_size=25&page_number=51","https://www.carmudi.co.id/mobil-bekas-dijual/indonesia_gorontalo?page_size=25&page_number=51"
2072,"https://www.carmudi.co.id/mobil-bekas-dijual/indonesia_riau?page_size=25&page_number=51",51,"indonesia_riau?page_size=25&page_number=51","https://www.carmudi.co.id/mobil-bekas-dijual/indonesia_riau?page_size=25&page_number=51"
2073,"https://www.carmudi.co.id/mobil-bekas-dijual/indonesia_sumatera-selatan?page_size=25&page_number=51",51,"indonesia_sumatera-selatan?page_size=25&page_number=51","https://www.carmudi.co.id/mobil-bekas-dijual/indonesia_sumatera-selatan?page_size=25&page_number=51"
2074,"https://www.carmudi.co.id/mobil-bekas-dijual/indonesia_sumatera-barat?page_size=25&page_number=51",51,"indonesia_sumatera-barat?page_size=25&page_number=51","https://www.carmudi.co.id/mobil-bekas-dijual/indonesia_sumatera-barat?page_size=25&page_number=51"
2075,"https://www.carmudi.co.id/mobil-bekas-dijual/indonesia_jambi?page_size=25&page_number=51",51,"indonesia_jambi?page_size=25&page_number=51","https://www.carmudi.co.id/mobil-bekas-dijual/indonesia_jambi?page_size=25&page_number=51"
2076,"https://www.carmudi.co.id/mobil-bekas-dijual/indonesia_sulawesi-selatan?page_size=25&page_number=51",51,"indonesia_sulawesi-selatan?page_size=25&page_number=51","https://www.carmudi.co.id/mobil-bekas-dijual/indonesia_sulawesi-selatan?page_size=25&page_number=51"
2077,"https://www.carmudi.co.id/mobil-bekas-dijual/indonesia_nangroe-aceh-darussalam?page_size=25&page_number=51",51,"indonesia_nangroe-aceh-darussalam?page_size=25&page_number=51","https://www.carmudi.co.id/mobil-bekas-dijual/indonesia_nangroe-aceh-darussalam?page_size=25&page_number=51"
2078,"https://www.carmudi.co.id/mobil-bekas-dijual/indonesia_sulawesi-utara?page_size=25&page_number=51",51,"indonesia_sulawesi-utara?page_size=25&page_number=51","https://www.carmudi.co.id/mobil-bekas-dijual/indonesia_sulawesi-utara?page_size=25&page_number=51"
2079,"https://www.carmudi.co.id/mobil-bekas-dijual/indonesia_kalimantan-timur?page_size=25&page_number=51",51,"indonesia_kalimantan-timur?page_size=25&page_number=51","https://www.carmudi.co.id/mobil-bekas-dijual/indonesia_kalimantan-timur?page_size=25&page_number=51"
2080,"https://www.carmudi.co.id/mobil-bekas-dijual/indonesia_nusa-tenggara-barat?page_size=25&page_number=51",51,"indonesia_nusa-tenggara-barat?page_size=25&page_number=51","https://www.carmudi.co.id/mobil-bekas-dijual/indonesia_nusa-tenggara-barat?page_size=25&page_number=51"
2081,"https://www.carmudi.co.id/mobil-bekas-dijual/indonesia_sulawesi-tengah?page_size=25&page_number=51",51,"indonesia_sulawesi-tengah?page_size=25&page_number=51","https://www.carmudi.co.id/mobil-bekas-dijual/indonesia_sulawesi-tengah?page_size=25&page_number=51"
2082,"https://www.carmudi.co.id/mobil-bekas-dijual/indonesia_kalimantan-barat?page_size=25&page_number=51",51,"indonesia_kalimantan-barat?page_size=25&page_number=51","https://www.carmudi.co.id/mobil-bekas-dijual/indonesia_kalimantan-barat?page_size=25&page_number=51"
2083,"https://www.carmudi.co.id/mobil-bekas-dijual/indonesia_maluku?page_size=25&page_number=51",51,"indonesia_maluku?page_size=25&page_number=51","https://www.carmudi.co.id/mobil-bekas-dijual/indonesia_maluku?page_size=25&page_number=51"
2084,"https://www.carmudi.co.id/mobil-bekas-dijual/indonesia_maluku-utara?page_size=25&page_number=51",51,"indonesia_maluku-utara?page_size=25&page_number=51","https://www.carmudi.co.id/mobil-bekas-dijual/indonesia_maluku-utara?page_size=25&page_number=51"
2085,"https://www.carmudi.co.id/mobil-bekas-dijual/indonesia_sulawesi-barat?page_size=25&page_number=51",51,"indonesia_sulawesi-barat?page_size=25&page_number=51","https://www.carmudi.co.id/mobil-bekas-dijual/indonesia_sulawesi-barat?page_size=25&page_number=51"
2086,"https://www.carmudi.co.id/mobil-bekas-dijual/indonesia_sulawesi-tenggara?page_size=25&page_number=51",51,"indonesia_sulawesi-tenggara?page_size=25&page_number=51","https://www.carmudi.co.id/mobil-bekas-dijual/indonesia_sulawesi-tenggara?page_size=25&page_number=51"
2087,"https://www.carmudi.co.id/mobil-bekas-dijual/indonesia?page_number=52&page_size=25",52,"indonesia?page_number=52&page_size=25","https://www.carmudi.co.id/mobil-bekas-dijual/indonesia?page_number=52&page_size=25"
2088,"https://www.carmudi.co.id/mobil-bekas-dijual/indonesia?page_size=25&page_number=52",52,"indonesia?page_size=25&page_number=52","https://www.carmudi.co.id/mobil-bekas-dijual/indonesia?page_size=25&page_number=52"
2089,"https://www.carmudi.co.id/mobil-bekas-dijual/indonesia?transmission=automatic&page_size=25&page_number=52",52,"indonesia?transmission=automatic&page_size=25&page_number=52","https://www.carmudi.co.id/mobil-bekas-dijual/indonesia?transmission=automatic&page_size=25&page_number=52"
2090,"https://www.carmudi.co.id/mobil-bekas-dijual/indonesia?transmission=manual&page_size=25&page_number=52",52,"indonesia?transmission=manual&page_size=25&page_number=52","https://www.carmudi.co.id/mobil-bekas-dijual/indonesia?transmission=manual&page_size=25&page_number=52"
2091,"https://www.carmudi.co.id/mobil-bekas-dijual/indonesia?page_size=25&page_number=52&sort=best.match",52,"indonesia?page_size=25&page_number=52&sort=best.match","https://www.carmudi.co.id/mobil-bekas-dijual/indonesia?page_size=25&page_number=52&sort=best.match"
2092,"https://www.carmudi.co.id/mobil-bekas-dijual/indonesia?page_size=25&page_number=52&sort=modification_date_search.desc",52,"indonesia?page_size=25&page_number=52&sort=modification_date_search.desc","https://www.carmudi.co.id/mobil-bekas-dijual/indonesia?page_size=25&page_number=52&sort=modification_date_search.desc"
2093,"https://www.carmudi.co.id/mobil-bekas-dijual/indonesia?page_size=25&page_number=52&sort=price.asc",52,"indonesia?page_size=25&page_number=52&sort=price.asc","https://www.carmudi.co.id/mobil-bekas-dijual/indonesia?page_size=25&page_number=52&sort=price.asc"
2094,"https://www.carmudi.co.id/mobil-bekas-dijual/indonesia?page_size=25&page_number=52&sort=price.desc",52,"indonesia?page_size=25&page_number=52&sort=price.desc","https://www.carmudi.co.id/mobil-bekas-dijual/indonesia?page_size=25&page_number=52&sort=price.desc"
2095,"https://www.carmudi.co.id/mobil-bekas-dijual/indonesia?page_size=25&page_number=52&sort=year.desc",52,"indonesia?page_size=25&page_number=52&sort=year.desc","https://www.carmudi.co.id/mobil-bekas-dijual/indonesia?page_size=25&page_number=52&sort=year.desc"
2096,"https://www.carmudi.co.id/mobil-bekas-dijual/indonesia?page_size=25&page_number=52&sort=year.asc",52,"indonesia?page_size=25&page_number=52&sort=year.asc","https://www.carmudi.co.id/mobil-bekas-dijual/indonesia?page_size=25&page_number=52&sort=year.asc"
2097,"https://www.carmudi.co.id/mobil-bekas-dijual/indonesia?page_size=25&page_number=52&sort=mileage.asc",52,"indonesia?page_size=25&page_number=52&sort=mileage.asc","https://www.carmudi.co.id/mobil-bekas-dijual/indonesia?page_size=25&page_number=52&sort=mileage.asc"
2098,"https://www.carmudi.co.id/mobil-bekas-dijual/indonesia?page_size=25&page_number=52&sort=mileage.desc",52,"indonesia?page_size=25&page_number=52&sort=mileage.desc","https://www.carmudi.co.id/mobil-bekas-dijual/indonesia?page_size=25&page_number=52&sort=mileage.desc"
2099,"https://www.carmudi.co.id/mobil-bekas-dijual/indonesia_jabodetabek?page_size=25&page_number=52",52,"indonesia_jabodetabek?page_size=25&page_number=52","https://www.carmudi.co.id/mobil-bekas-dijual/indonesia_jabodetabek?page_size=25&page_number=52"
2100,"https://www.carmudi.co.id/mobil-bekas-dijual/indonesia_dki-jakarta?page_size=25&page_number=52",52,"indonesia_dki-jakarta?page_size=25&page_number=52","https://www.carmudi.co.id/mobil-bekas-dijual/indonesia_dki-jakarta?page_size=25&page_number=52"
2101,"https://www.carmudi.co.id/mobil-bekas-dijual/indonesia_banten?page_size=25&page_number=52",52,"indonesia_banten?page_size=25&page_number=52","https://www.carmudi.co.id/mobil-bekas-dijual/indonesia_banten?page_size=25&page_number=52"
2102,"https://www.carmudi.co.id/mobil-bekas-dijual/indonesia_jawa-barat?page_size=25&page_number=52",52,"indonesia_jawa-barat?page_size=25&page_number=52","https://www.carmudi.co.id/mobil-bekas-dijual/indonesia_jawa-barat?page_size=25&page_number=52"
2103,"https://www.carmudi.co.id/mobil-bekas-dijual/indonesia_jawa-timur?page_size=25&page_number=52",52,"indonesia_jawa-timur?page_size=25&page_number=52","https://www.carmudi.co.id/mobil-bekas-dijual/indonesia_jawa-timur?page_size=25&page_number=52"
2104,"https://www.carmudi.co.id/mobil-bekas-dijual/indonesia_jawa-tengah?page_size=25&page_number=52",52,"indonesia_jawa-tengah?page_size=25&page_number=52","https://www.carmudi.co.id/mobil-bekas-dijual/indonesia_jawa-tengah?page_size=25&page_number=52"
2105,"https://www.carmudi.co.id/mobil-bekas-dijual/indonesia_yogyakarta?page_size=25&page_number=52",52,"indonesia_yogyakarta?page_size=25&page_number=52","https://www.carmudi.co.id/mobil-bekas-dijual/indonesia_yogyakarta?page_size=25&page_number=52"
2106,"https://www.carmudi.co.id/mobil-bekas-dijual/indonesia_sumatera-utara?page_size=25&page_number=52",52,"indonesia_sumatera-utara?page_size=25&page_number=52","https://www.carmudi.co.id/mobil-bekas-dijual/indonesia_sumatera-utara?page_size=25&page_number=52"
2107,"https://www.carmudi.co.id/mobil-bekas-dijual/indonesia_bali?page_size=25&page_number=52",52,"indonesia_bali?page_size=25&page_number=52","https://www.carmudi.co.id/mobil-bekas-dijual/indonesia_bali?page_size=25&page_number=52"
2108,"https://www.carmudi.co.id/mobil-bekas-dijual/indonesia_lampung?page_size=25&page_number=52",52,"indonesia_lampung?page_size=25&page_number=52","https://www.carmudi.co.id/mobil-bekas-dijual/indonesia_lampung?page_size=25&page_number=52"
2109,"https://www.carmudi.co.id/mobil-bekas-dijual/indonesia_gorontalo?page_size=25&page_number=52",52,"indonesia_gorontalo?page_size=25&page_number=52","https://www.carmudi.co.id/mobil-bekas-dijual/indonesia_gorontalo?page_size=25&page_number=52"
2110,"https://www.carmudi.co.id/mobil-bekas-dijual/indonesia_riau?page_size=25&page_number=52",52,"indonesia_riau?page_size=25&page_number=52","https://www.carmudi.co.id/mobil-bekas-dijual/indonesia_riau?page_size=25&page_number=52"
2111,"https://www.carmudi.co.id/mobil-bekas-dijual/indonesia_sumatera-selatan?page_size=25&page_number=52",52,"indonesia_sumatera-selatan?page_size=25&page_number=52","https://www.carmudi.co.id/mobil-bekas-dijual/indonesia_sumatera-selatan?page_size=25&page_number=52"
2112,"https://www.carmudi.co.id/mobil-bekas-dijual/indonesia_sumatera-barat?page_size=25&page_number=52",52,"indonesia_sumatera-barat?page_size=25&page_number=52","https://www.carmudi.co.id/mobil-bekas-dijual/indonesia_sumatera-barat?page_size=25&page_number=52"
2113,"https://www.carmudi.co.id/mobil-bekas-dijual/indonesia_jambi?page_size=25&page_number=52",52,"indonesia_jambi?page_size=25&page_number=52","https://www.carmudi.co.id/mobil-bekas-dijual/indonesia_jambi?page_size=25&page_number=52"
2114,"https://www.carmudi.co.id/mobil-bekas-dijual/indonesia_sulawesi-selatan?page_size=25&page_number=52",52,"indonesia_sulawesi-selatan?page_size=25&page_number=52","https://www.carmudi.co.id/mobil-bekas-dijual/indonesia_sulawesi-selatan?page_size=25&page_number=52"
2115,"https://www.carmudi.co.id/mobil-bekas-dijual/indonesia_nangroe-aceh-darussalam?page_size=25&page_number=52",52,"indonesia_nangroe-aceh-darussalam?page_size=25&page_number=52","https://www.carmudi.co.id/mobil-bekas-dijual/indonesia_nangroe-aceh-darussalam?page_size=25&page_number=52"
2116,"https://www.carmudi.co.id/mobil-bekas-dijual/indonesia_sulawesi-utara?page_size=25&page_number=52",52,"indonesia_sulawesi-utara?page_size=25&page_number=52","https://www.carmudi.co.id/mobil-bekas-dijual/indonesia_sulawesi-utara?page_size=25&page_number=52"
2117,"https://www.carmudi.co.id/mobil-bekas-dijual/indonesia_kalimantan-timur?page_size=25&page_number=52",52,"indonesia_kalimantan-timur?page_size=25&page_number=52","https://www.carmudi.co.id/mobil-bekas-dijual/indonesia_kalimantan-timur?page_size=25&page_number=52"
2118,"https://www.carmudi.co.id/mobil-bekas-dijual/indonesia_nusa-tenggara-barat?page_size=25&page_number=52",52,"indonesia_nusa-tenggara-barat?page_size=25&page_number=52","https://www.carmudi.co.id/mobil-bekas-dijual/indonesia_nusa-tenggara-barat?page_size=25&page_number=52"
2119,"https://www.carmudi.co.id/mobil-bekas-dijual/indonesia_sulawesi-tengah?page_size=25&page_number=52",52,"indonesia_sulawesi-tengah?page_size=25&page_number=52","https://www.carmudi.co.id/mobil-bekas-dijual/indonesia_sulawesi-tengah?page_size=25&page_number=52"
2120,"https://www.carmudi.co.id/mobil-bekas-dijual/indonesia_kalimantan-barat?page_size=25&page_number=52",52,"indonesia_kalimantan-barat?page_size=25&page_number=52","https://www.carmudi.co.id/mobil-bekas-dijual/indonesia_kalimantan-barat?page_size=25&page_number=52"
2121,"https://www.carmudi.co.id/mobil-bekas-dijual/indonesia_maluku?page_size=25&page_number=52",52,"indonesia_maluku?page_size=25&page_number=52","https://www.carmudi.co.id/mobil-bekas-dijual/indonesia_maluku?page_size=25&page_number=52"
2122,"https://www.carmudi.co.id/mobil-bekas-dijual/indonesia_maluku-utara?page_size=25&page_number=52",52,"indonesia_maluku-utara?page_size=25&page_number=52","https://www.carmudi.co.id/mobil-bekas-dijual/indonesia_maluku-utara?page_size=25&page_number=52"
2123,"https://www.carmudi.co.id/mobil-bekas-dijual/indonesia_sulawesi-barat?page_size=25&page_number=52",52,"indonesia_sulawesi-barat?page_size=25&page_number=52","https://www.carmudi.co.id/mobil-bekas-dijual/indonesia_sulawesi-barat?page_size=25&page_number=52"
2124,"https://www.carmudi.co.id/mobil-bekas-dijual/indonesia_sulawesi-tenggara?page_size=25&page_number=52",52,"indonesia_sulawesi-tenggara?page_size=25&page_number=52","https://www.carmudi.co.id/mobil-bekas-dijual/indonesia_sulawesi-tenggara?page_size=25&page_number=52"
2125,"https://www.carmudi.co.id/mobil-bekas-dijual/indonesia?page_number=53&page_size=25",53,"indonesia?page_number=53&page_size=25","https://www.carmudi.co.id/mobil-bekas-dijual/indonesia?page_number=53&page_size=25"
2126,"https://www.carmudi.co.id/mobil-bekas-dijual/indonesia?page_size=25&page_number=53",53,"indonesia?page_size=25&page_number=53","https://www.carmudi.co.id/mobil-bekas-dijual/indonesia?page_size=25&page_number=53"
2127,"https://www.carmudi.co.id/mobil-bekas-dijual/indonesia?transmission=automatic&page_size=25&page_number=53",53,"indonesia?transmission=automatic&page_size=25&page_number=53","https://www.carmudi.co.id/mobil-bekas-dijual/indonesia?transmission=automatic&page_size=25&page_number=53"
2128,"https://www.carmudi.co.id/mobil-bekas-dijual/indonesia?transmission=manual&page_size=25&page_number=53",53,"indonesia?transmission=manual&page_size=25&page_number=53","https://www.carmudi.co.id/mobil-bekas-dijual/indonesia?transmission=manual&page_size=25&page_number=53"
2129,"https://www.carmudi.co.id/mobil-bekas-dijual/indonesia?page_size=25&page_number=53&sort=best.match",53,"indonesia?page_size=25&page_number=53&sort=best.match","https://www.carmudi.co.id/mobil-bekas-dijual/indonesia?page_size=25&page_number=53&sort=best.match"
2130,"https://www.carmudi.co.id/mobil-bekas-dijual/indonesia?page_size=25&page_number=53&sort=modification_date_search.desc",53,"indonesia?page_size=25&page_number=53&sort=modification_date_search.desc","https://www.carmudi.co.id/mobil-bekas-dijual/indonesia?page_size=25&page_number=53&sort=modification_date_search.desc"
2131,"https://www.carmudi.co.id/mobil-bekas-dijual/indonesia?page_size=25&page_number=53&sort=price.asc",53,"indonesia?page_size=25&page_number=53&sort=price.asc","https://www.carmudi.co.id/mobil-bekas-dijual/indonesia?page_size=25&page_number=53&sort=price.asc"
2132,"https://www.carmudi.co.id/mobil-bekas-dijual/indonesia?page_size=25&page_number=53&sort=price.desc",53,"indonesia?page_size=25&page_number=53&sort=price.desc","https://www.carmudi.co.id/mobil-bekas-dijual/indonesia?page_size=25&page_number=53&sort=price.desc"
2133,"https://www.carmudi.co.id/mobil-bekas-dijual/indonesia?page_size=25&page_number=53&sort=year.desc",53,"indonesia?page_size=25&page_number=53&sort=year.desc","https://www.carmudi.co.id/mobil-bekas-dijual/indonesia?page_size=25&page_number=53&sort=year.desc"
2134,"https://www.carmudi.co.id/mobil-bekas-dijual/indonesia?page_size=25&page_number=53&sort=year.asc",53,"indonesia?page_size=25&page_number=53&sort=year.asc","https://www.carmudi.co.id/mobil-bekas-dijual/indonesia?page_size=25&page_number=53&sort=year.asc"
2135,"https://www.carmudi.co.id/mobil-bekas-dijual/indonesia?page_size=25&page_number=53&sort=mileage.asc",53,"indonesia?page_size=25&page_number=53&sort=mileage.asc","https://www.carmudi.co.id/mobil-bekas-dijual/indonesia?page_size=25&page_number=53&sort=mileage.asc"
2136,"https://www.carmudi.co.id/mobil-bekas-dijual/indonesia?page_size=25&page_number=53&sort=mileage.desc",53,"indonesia?page_size=25&page_number=53&sort=mileage.desc","https://www.carmudi.co.id/mobil-bekas-dijual/indonesia?page_size=25&page_number=53&sort=mileage.desc"
2137,"https://www.carmudi.co.id/mobil-bekas-dijual/indonesia_jabodetabek?page_size=25&page_number=53",53,"indonesia_jabodetabek?page_size=25&page_number=53","https://www.carmudi.co.id/mobil-bekas-dijual/indonesia_jabodetabek?page_size=25&page_number=53"
2138,"https://www.carmudi.co.id/mobil-bekas-dijual/indonesia_dki-jakarta?page_size=25&page_number=53",53,"indonesia_dki-jakarta?page_size=25&page_number=53","https://www.carmudi.co.id/mobil-bekas-dijual/indonesia_dki-jakarta?page_size=25&page_number=53"
2139,"https://www.carmudi.co.id/mobil-bekas-dijual/indonesia_banten?page_size=25&page_number=53",53,"indonesia_banten?page_size=25&page_number=53","https://www.carmudi.co.id/mobil-bekas-dijual/indonesia_banten?page_size=25&page_number=53"
2140,"https://www.carmudi.co.id/mobil-bekas-dijual/indonesia_jawa-barat?page_size=25&page_number=53",53,"indonesia_jawa-barat?page_size=25&page_number=53","https://www.carmudi.co.id/mobil-bekas-dijual/indonesia_jawa-barat?page_size=25&page_number=53"
2141,"https://www.carmudi.co.id/mobil-bekas-dijual/indonesia_jawa-timur?page_size=25&page_number=53",53,"indonesia_jawa-timur?page_size=25&page_number=53","https://www.carmudi.co.id/mobil-bekas-dijual/indonesia_jawa-timur?page_size=25&page_number=53"
2142,"https://www.carmudi.co.id/mobil-bekas-dijual/indonesia_jawa-tengah?page_size=25&page_number=53",53,"indonesia_jawa-tengah?page_size=25&page_number=53","https://www.carmudi.co.id/mobil-bekas-dijual/indonesia_jawa-tengah?page_size=25&page_number=53"
2143,"https://www.carmudi.co.id/mobil-bekas-dijual/indonesia_yogyakarta?page_size=25&page_number=53",53,"indonesia_yogyakarta?page_size=25&page_number=53","https://www.carmudi.co.id/mobil-bekas-dijual/indonesia_yogyakarta?page_size=25&page_number=53"
2144,"https://www.carmudi.co.id/mobil-bekas-dijual/indonesia_sumatera-utara?page_size=25&page_number=53",53,"indonesia_sumatera-utara?page_size=25&page_number=53","https://www.carmudi.co.id/mobil-bekas-dijual/indonesia_sumatera-utara?page_size=25&page_number=53"
2145,"https://www.carmudi.co.id/mobil-bekas-dijual/indonesia_bali?page_size=25&page_number=53",53,"indonesia_bali?page_size=25&page_number=53","https://www.carmudi.co.id/mobil-bekas-dijual/indonesia_bali?page_size=25&page_number=53"
2146,"https://www.carmudi.co.id/mobil-bekas-dijual/indonesia_lampung?page_size=25&page_number=53",53,"indonesia_lampung?page_size=25&page_number=53","https://www.carmudi.co.id/mobil-bekas-dijual/indonesia_lampung?page_size=25&page_number=53"
2147,"https://www.carmudi.co.id/mobil-bekas-dijual/indonesia_gorontalo?page_size=25&page_number=53",53,"indonesia_gorontalo?page_size=25&page_number=53","https://www.carmudi.co.id/mobil-bekas-dijual/indonesia_gorontalo?page_size=25&page_number=53"
2148,"https://www.carmudi.co.id/mobil-bekas-dijual/indonesia_riau?page_size=25&page_number=53",53,"indonesia_riau?page_size=25&page_number=53","https://www.carmudi.co.id/mobil-bekas-dijual/indonesia_riau?page_size=25&page_number=53"
2149,"https://www.carmudi.co.id/mobil-bekas-dijual/indonesia_sumatera-selatan?page_size=25&page_number=53",53,"indonesia_sumatera-selatan?page_size=25&page_number=53","https://www.carmudi.co.id/mobil-bekas-dijual/indonesia_sumatera-selatan?page_size=25&page_number=53"
2150,"https://www.carmudi.co.id/mobil-bekas-dijual/indonesia_sumatera-barat?page_size=25&page_number=53",53,"indonesia_sumatera-barat?page_size=25&page_number=53","https://www.carmudi.co.id/mobil-bekas-dijual/indonesia_sumatera-barat?page_size=25&page_number=53"
2151,"https://www.carmudi.co.id/mobil-bekas-dijual/indonesia_jambi?page_size=25&page_number=53",53,"indonesia_jambi?page_size=25&page_number=53","https://www.carmudi.co.id/mobil-bekas-dijual/indonesia_jambi?page_size=25&page_number=53"
2152,"https://www.carmudi.co.id/mobil-bekas-dijual/indonesia_sulawesi-selatan?page_size=25&page_number=53",53,"indonesia_sulawesi-selatan?page_size=25&page_number=53","https://www.carmudi.co.id/mobil-bekas-dijual/indonesia_sulawesi-selatan?page_size=25&page_number=53"
2153,"https://www.carmudi.co.id/mobil-bekas-dijual/indonesia_nangroe-aceh-darussalam?page_size=25&page_number=53",53,"indonesia_nangroe-aceh-darussalam?page_size=25&page_number=53","https://www.carmudi.co.id/mobil-bekas-dijual/indonesia_nangroe-aceh-darussalam?page_size=25&page_number=53"
2154,"https://www.carmudi.co.id/mobil-bekas-dijual/indonesia_sulawesi-utara?page_size=25&page_number=53",53,"indonesia_sulawesi-utara?page_size=25&page_number=53","https://www.carmudi.co.id/mobil-bekas-dijual/indonesia_sulawesi-utara?page_size=25&page_number=53"
2155,"https://www.carmudi.co.id/mobil-bekas-dijual/indonesia_kalimantan-timur?page_size=25&page_number=53",53,"indonesia_kalimantan-timur?page_size=25&page_number=53","https://www.carmudi.co.id/mobil-bekas-dijual/indonesia_kalimantan-timur?page_size=25&page_number=53"
2156,"https://www.carmudi.co.id/mobil-bekas-dijual/indonesia_nusa-tenggara-barat?page_size=25&page_number=53",53,"indonesia_nusa-tenggara-barat?page_size=25&page_number=53","https://www.carmudi.co.id/mobil-bekas-dijual/indonesia_nusa-tenggara-barat?page_size=25&page_number=53"
2157,"https://www.carmudi.co.id/mobil-bekas-dijual/indonesia_sulawesi-tengah?page_size=25&page_number=53",53,"indonesia_sulawesi-tengah?page_size=25&page_number=53","https://www.carmudi.co.id/mobil-bekas-dijual/indonesia_sulawesi-tengah?page_size=25&page_number=53"
2158,"https://www.carmudi.co.id/mobil-bekas-dijual/indonesia_kalimantan-barat?page_size=25&page_number=53",53,"indonesia_kalimantan-barat?page_size=25&page_number=53","https://www.carmudi.co.id/mobil-bekas-dijual/indonesia_kalimantan-barat?page_size=25&page_number=53"
2159,"https://www.carmudi.co.id/mobil-bekas-dijual/indonesia_maluku?page_size=25&page_number=53",53,"indonesia_maluku?page_size=25&page_number=53","https://www.carmudi.co.id/mobil-bekas-dijual/indonesia_maluku?page_size=25&page_number=53"
2160,"https://www.carmudi.co.id/mobil-bekas-dijual/indonesia_maluku-utara?page_size=25&page_number=53",53,"indonesia_maluku-utara?page_size=25&page_number=53","https://www.carmudi.co.id/mobil-bekas-dijual/indonesia_maluku-utara?page_size=25&page_number=53"
2161,"https://www.carmudi.co.id/mobil-bekas-dijual/indonesia_sulawesi-barat?page_size=25&page_number=53",53,"indonesia_sulawesi-barat?page_size=25&page_number=53","https://www.carmudi.co.id/mobil-bekas-dijual/indonesia_sulawesi-barat?page_size=25&page_number=53"
2162,"https://www.carmudi.co.id/mobil-bekas-dijual/indonesia_sulawesi-tenggara?page_size=25&page_number=53",53,"indonesia_sulawesi-tenggara?page_size=25&page_number=53","https://www.carmudi.co.id/mobil-bekas-dijual/indonesia_sulawesi-tenggara?page_size=25&page_number=53"
2163,"https://www.carmudi.co.id/mobil-bekas-dijual/indonesia?page_number=54&page_size=25",54,"indonesia?page_number=54&page_size=25","https://www.carmudi.co.id/mobil-bekas-dijual/indonesia?page_number=54&page_size=25"
2164,"https://www.carmudi.co.id/mobil-bekas-dijual/indonesia?page_size=25&page_number=54",54,"indonesia?page_size=25&page_number=54","https://www.carmudi.co.id/mobil-bekas-dijual/indonesia?page_size=25&page_number=54"
2165,"https://www.carmudi.co.id/mobil-bekas-dijual/indonesia?transmission=automatic&page_size=25&page_number=54",54,"indonesia?transmission=automatic&page_size=25&page_number=54","https://www.carmudi.co.id/mobil-bekas-dijual/indonesia?transmission=automatic&page_size=25&page_number=54"
2166,"https://www.carmudi.co.id/mobil-bekas-dijual/indonesia?transmission=manual&page_size=25&page_number=54",54,"indonesia?transmission=manual&page_size=25&page_number=54","https://www.carmudi.co.id/mobil-bekas-dijual/indonesia?transmission=manual&page_size=25&page_number=54"
2167,"https://www.carmudi.co.id/mobil-bekas-dijual/indonesia?page_size=25&page_number=54&sort=best.match",54,"indonesia?page_size=25&page_number=54&sort=best.match","https://www.carmudi.co.id/mobil-bekas-dijual/indonesia?page_size=25&page_number=54&sort=best.match"
2168,"https://www.carmudi.co.id/mobil-bekas-dijual/indonesia?page_size=25&page_number=54&sort=modification_date_search.desc",54,"indonesia?page_size=25&page_number=54&sort=modification_date_search.desc","https://www.carmudi.co.id/mobil-bekas-dijual/indonesia?page_size=25&page_number=54&sort=modification_date_search.desc"
2169,"https://www.carmudi.co.id/mobil-bekas-dijual/indonesia?page_size=25&page_number=54&sort=price.asc",54,"indonesia?page_size=25&page_number=54&sort=price.asc","https://www.carmudi.co.id/mobil-bekas-dijual/indonesia?page_size=25&page_number=54&sort=price.asc"
2170,"https://www.carmudi.co.id/mobil-bekas-dijual/indonesia?page_size=25&page_number=54&sort=price.desc",54,"indonesia?page_size=25&page_number=54&sort=price.desc","https://www.carmudi.co.id/mobil-bekas-dijual/indonesia?page_size=25&page_number=54&sort=price.desc"
2171,"https://www.carmudi.co.id/mobil-bekas-dijual/indonesia?page_size=25&page_number=54&sort=year.desc",54,"indonesia?page_size=25&page_number=54&sort=year.desc","https://www.carmudi.co.id/mobil-bekas-dijual/indonesia?page_size=25&page_number=54&sort=year.desc"
2172,"https://www.carmudi.co.id/mobil-bekas-dijual/indonesia?page_size=25&page_number=54&sort=year.asc",54,"indonesia?page_size=25&page_number=54&sort=year.asc","https://www.carmudi.co.id/mobil-bekas-dijual/indonesia?page_size=25&page_number=54&sort=year.asc"
2173,"https://www.carmudi.co.id/mobil-bekas-dijual/indonesia?page_size=25&page_number=54&sort=mileage.asc",54,"indonesia?page_size=25&page_number=54&sort=mileage.asc","https://www.carmudi.co.id/mobil-bekas-dijual/indonesia?page_size=25&page_number=54&sort=mileage.asc"
2174,"https://www.carmudi.co.id/mobil-bekas-dijual/indonesia?page_size=25&page_number=54&sort=mileage.desc",54,"indonesia?page_size=25&page_number=54&sort=mileage.desc","https://www.carmudi.co.id/mobil-bekas-dijual/indonesia?page_size=25&page_number=54&sort=mileage.desc"
2175,"https://www.carmudi.co.id/mobil-bekas-dijual/indonesia_jabodetabek?page_size=25&page_number=54",54,"indonesia_jabodetabek?page_size=25&page_number=54","https://www.carmudi.co.id/mobil-bekas-dijual/indonesia_jabodetabek?page_size=25&page_number=54"
2176,"https://www.carmudi.co.id/mobil-bekas-dijual/indonesia_dki-jakarta?page_size=25&page_number=54",54,"indonesia_dki-jakarta?page_size=25&page_number=54","https://www.carmudi.co.id/mobil-bekas-dijual/indonesia_dki-jakarta?page_size=25&page_number=54"
2177,"https://www.carmudi.co.id/mobil-bekas-dijual/indonesia_banten?page_size=25&page_number=54",54,"indonesia_banten?page_size=25&page_number=54","https://www.carmudi.co.id/mobil-bekas-dijual/indonesia_banten?page_size=25&page_number=54"
2178,"https://www.carmudi.co.id/mobil-bekas-dijual/indonesia_jawa-barat?page_size=25&page_number=54",54,"indonesia_jawa-barat?page_size=25&page_number=54","https://www.carmudi.co.id/mobil-bekas-dijual/indonesia_jawa-barat?page_size=25&page_number=54"
2179,"https://www.carmudi.co.id/mobil-bekas-dijual/indonesia_jawa-timur?page_size=25&page_number=54",54,"indonesia_jawa-timur?page_size=25&page_number=54","https://www.carmudi.co.id/mobil-bekas-dijual/indonesia_jawa-timur?page_size=25&page_number=54"
2180,"https://www.carmudi.co.id/mobil-bekas-dijual/indonesia_jawa-tengah?page_size=25&page_number=54",54,"indonesia_jawa-tengah?page_size=25&page_number=54","https://www.carmudi.co.id/mobil-bekas-dijual/indonesia_jawa-tengah?page_size=25&page_number=54"
2181,"https://www.carmudi.co.id/mobil-bekas-dijual/indonesia_yogyakarta?page_size=25&page_number=54",54,"indonesia_yogyakarta?page_size=25&page_number=54","https://www.carmudi.co.id/mobil-bekas-dijual/indonesia_yogyakarta?page_size=25&page_number=54"
2182,"https://www.carmudi.co.id/mobil-bekas-dijual/indonesia_sumatera-utara?page_size=25&page_number=54",54,"indonesia_sumatera-utara?page_size=25&page_number=54","https://www.carmudi.co.id/mobil-bekas-dijual/indonesia_sumatera-utara?page_size=25&page_number=54"
2183,"https://www.carmudi.co.id/mobil-bekas-dijual/indonesia_bali?page_size=25&page_number=54",54,"indonesia_bali?page_size=25&page_number=54","https://www.carmudi.co.id/mobil-bekas-dijual/indonesia_bali?page_size=25&page_number=54"
2184,"https://www.carmudi.co.id/mobil-bekas-dijual/indonesia_lampung?page_size=25&page_number=54",54,"indonesia_lampung?page_size=25&page_number=54","https://www.carmudi.co.id/mobil-bekas-dijual/indonesia_lampung?page_size=25&page_number=54"
2185,"https://www.carmudi.co.id/mobil-bekas-dijual/indonesia_gorontalo?page_size=25&page_number=54",54,"indonesia_gorontalo?page_size=25&page_number=54","https://www.carmudi.co.id/mobil-bekas-dijual/indonesia_gorontalo?page_size=25&page_number=54"
2186,"https://www.carmudi.co.id/mobil-bekas-dijual/indonesia_riau?page_size=25&page_number=54",54,"indonesia_riau?page_size=25&page_number=54","https://www.carmudi.co.id/mobil-bekas-dijual/indonesia_riau?page_size=25&page_number=54"
2187,"https://www.carmudi.co.id/mobil-bekas-dijual/indonesia_sumatera-selatan?page_size=25&page_number=54",54,"indonesia_sumatera-selatan?page_size=25&page_number=54","https://www.carmudi.co.id/mobil-bekas-dijual/indonesia_sumatera-selatan?page_size=25&page_number=54"
2188,"https://www.carmudi.co.id/mobil-bekas-dijual/indonesia_sumatera-barat?page_size=25&page_number=54",54,"indonesia_sumatera-barat?page_size=25&page_number=54","https://www.carmudi.co.id/mobil-bekas-dijual/indonesia_sumatera-barat?page_size=25&page_number=54"
2189,"https://www.carmudi.co.id/mobil-bekas-dijual/indonesia_jambi?page_size=25&page_number=54",54,"indonesia_jambi?page_size=25&page_number=54","https://www.carmudi.co.id/mobil-bekas-dijual/indonesia_jambi?page_size=25&page_number=54"
2190,"https://www.carmudi.co.id/mobil-bekas-dijual/indonesia_sulawesi-selatan?page_size=25&page_number=54",54,"indonesia_sulawesi-selatan?page_size=25&page_number=54","https://www.carmudi.co.id/mobil-bekas-dijual/indonesia_sulawesi-selatan?page_size=25&page_number=54"
2191,"https://www.carmudi.co.id/mobil-bekas-dijual/indonesia_nangroe-aceh-darussalam?page_size=25&page_number=54",54,"indonesia_nangroe-aceh-darussalam?page_size=25&page_number=54","https://www.carmudi.co.id/mobil-bekas-dijual/indonesia_nangroe-aceh-darussalam?page_size=25&page_number=54"
2192,"https://www.carmudi.co.id/mobil-bekas-dijual/indonesia_sulawesi-utara?page_size=25&page_number=54",54,"indonesia_sulawesi-utara?page_size=25&page_number=54","https://www.carmudi.co.id/mobil-bekas-dijual/indonesia_sulawesi-utara?page_size=25&page_number=54"
2193,"https://www.carmudi.co.id/mobil-bekas-dijual/indonesia_kalimantan-timur?page_size=25&page_number=54",54,"indonesia_kalimantan-timur?page_size=25&page_number=54","https://www.carmudi.co.id/mobil-bekas-dijual/indonesia_kalimantan-timur?page_size=25&page_number=54"
2194,"https://www.carmudi.co.id/mobil-bekas-dijual/indonesia_nusa-tenggara-barat?page_size=25&page_number=54",54,"indonesia_nusa-tenggara-barat?page_size=25&page_number=54","https://www.carmudi.co.id/mobil-bekas-dijual/indonesia_nusa-tenggara-barat?page_size=25&page_number=54"
2195,"https://www.carmudi.co.id/mobil-bekas-dijual/indonesia_sulawesi-tengah?page_size=25&page_number=54",54,"indonesia_sulawesi-tengah?page_size=25&page_number=54","https://www.carmudi.co.id/mobil-bekas-dijual/indonesia_sulawesi-tengah?page_size=25&page_number=54"
2196,"https://www.carmudi.co.id/mobil-bekas-dijual/indonesia_kalimantan-barat?page_size=25&page_number=54",54,"indonesia_kalimantan-barat?page_size=25&page_number=54","https://www.carmudi.co.id/mobil-bekas-dijual/indonesia_kalimantan-barat?page_size=25&page_number=54"
2197,"https://www.carmudi.co.id/mobil-bekas-dijual/indonesia_maluku?page_size=25&page_number=54",54,"indonesia_maluku?page_size=25&page_number=54","https://www.carmudi.co.id/mobil-bekas-dijual/indonesia_maluku?page_size=25&page_number=54"
2198,"https://www.carmudi.co.id/mobil-bekas-dijual/indonesia_maluku-utara?page_size=25&page_number=54",54,"indonesia_maluku-utara?page_size=25&page_number=54","https://www.carmudi.co.id/mobil-bekas-dijual/indonesia_maluku-utara?page_size=25&page_number=54"
2199,"https://www.carmudi.co.id/mobil-bekas-dijual/indonesia_sulawesi-barat?page_size=25&page_number=54",54,"indonesia_sulawesi-barat?page_size=25&page_number=54","https://www.carmudi.co.id/mobil-bekas-dijual/indonesia_sulawesi-barat?page_size=25&page_number=54"
2200,"https://www.carmudi.co.id/mobil-bekas-dijual/indonesia_sulawesi-tenggara?page_size=25&page_number=54",54,"indonesia_sulawesi-tenggara?page_size=25&page_number=54","https://www.carmudi.co.id/mobil-bekas-dijual/indonesia_sulawesi-tenggara?page_size=25&page_number=54"
2201,"https://www.carmudi.co.id/mobil-bekas-dijual/indonesia?page_number=55&page_size=25",55,"indonesia?page_number=55&page_size=25","https://www.carmudi.co.id/mobil-bekas-dijual/indonesia?page_number=55&page_size=25"
2202,"https://www.carmudi.co.id/mobil-bekas-dijual/indonesia?page_size=25&page_number=55",55,"indonesia?page_size=25&page_number=55","https://www.carmudi.co.id/mobil-bekas-dijual/indonesia?page_size=25&page_number=55"
2203,"https://www.carmudi.co.id/mobil-bekas-dijual/indonesia?transmission=automatic&page_size=25&page_number=55",55,"indonesia?transmission=automatic&page_size=25&page_number=55","https://www.carmudi.co.id/mobil-bekas-dijual/indonesia?transmission=automatic&page_size=25&page_number=55"
2204,"https://www.carmudi.co.id/mobil-bekas-dijual/indonesia?transmission=manual&page_size=25&page_number=55",55,"indonesia?transmission=manual&page_size=25&page_number=55","https://www.carmudi.co.id/mobil-bekas-dijual/indonesia?transmission=manual&page_size=25&page_number=55"
2205,"https://www.carmudi.co.id/mobil-bekas-dijual/indonesia?page_size=25&page_number=55&sort=best.match",55,"indonesia?page_size=25&page_number=55&sort=best.match","https://www.carmudi.co.id/mobil-bekas-dijual/indonesia?page_size=25&page_number=55&sort=best.match"
2206,"https://www.carmudi.co.id/mobil-bekas-dijual/indonesia?page_size=25&page_number=55&sort=modification_date_search.desc",55,"indonesia?page_size=25&page_number=55&sort=modification_date_search.desc","https://www.carmudi.co.id/mobil-bekas-dijual/indonesia?page_size=25&page_number=55&sort=modification_date_search.desc"
2207,"https://www.carmudi.co.id/mobil-bekas-dijual/indonesia?page_size=25&page_number=55&sort=price.asc",55,"indonesia?page_size=25&page_number=55&sort=price.asc","https://www.carmudi.co.id/mobil-bekas-dijual/indonesia?page_size=25&page_number=55&sort=price.asc"
2208,"https://www.carmudi.co.id/mobil-bekas-dijual/indonesia?page_size=25&page_number=55&sort=price.desc",55,"indonesia?page_size=25&page_number=55&sort=price.desc","https://www.carmudi.co.id/mobil-bekas-dijual/indonesia?page_size=25&page_number=55&sort=price.desc"
2209,"https://www.carmudi.co.id/mobil-bekas-dijual/indonesia?page_size=25&page_number=55&sort=year.desc",55,"indonesia?page_size=25&page_number=55&sort=year.desc","https://www.carmudi.co.id/mobil-bekas-dijual/indonesia?page_size=25&page_number=55&sort=year.desc"
2210,"https://www.carmudi.co.id/mobil-bekas-dijual/indonesia?page_size=25&page_number=55&sort=year.asc",55,"indonesia?page_size=25&page_number=55&sort=year.asc","https://www.carmudi.co.id/mobil-bekas-dijual/indonesia?page_size=25&page_number=55&sort=year.asc"
2211,"https://www.carmudi.co.id/mobil-bekas-dijual/indonesia?page_size=25&page_number=55&sort=mileage.asc",55,"indonesia?page_size=25&page_number=55&sort=mileage.asc","https://www.carmudi.co.id/mobil-bekas-dijual/indonesia?page_size=25&page_number=55&sort=mileage.asc"
2212,"https://www.carmudi.co.id/mobil-bekas-dijual/indonesia?page_size=25&page_number=55&sort=mileage.desc",55,"indonesia?page_size=25&page_number=55&sort=mileage.desc","https://www.carmudi.co.id/mobil-bekas-dijual/indonesia?page_size=25&page_number=55&sort=mileage.desc"
2213,"https://www.carmudi.co.id/mobil-bekas-dijual/indonesia_jabodetabek?page_size=25&page_number=55",55,"indonesia_jabodetabek?page_size=25&page_number=55","https://www.carmudi.co.id/mobil-bekas-dijual/indonesia_jabodetabek?page_size=25&page_number=55"
2214,"https://www.carmudi.co.id/mobil-bekas-dijual/indonesia_dki-jakarta?page_size=25&page_number=55",55,"indonesia_dki-jakarta?page_size=25&page_number=55","https://www.carmudi.co.id/mobil-bekas-dijual/indonesia_dki-jakarta?page_size=25&page_number=55"
2215,"https://www.carmudi.co.id/mobil-bekas-dijual/indonesia_banten?page_size=25&page_number=55",55,"indonesia_banten?page_size=25&page_number=55","https://www.carmudi.co.id/mobil-bekas-dijual/indonesia_banten?page_size=25&page_number=55"
2216,"https://www.carmudi.co.id/mobil-bekas-dijual/indonesia_jawa-barat?page_size=25&page_number=55",55,"indonesia_jawa-barat?page_size=25&page_number=55","https://www.carmudi.co.id/mobil-bekas-dijual/indonesia_jawa-barat?page_size=25&page_number=55"
2217,"https://www.carmudi.co.id/mobil-bekas-dijual/indonesia_jawa-timur?page_size=25&page_number=55",55,"indonesia_jawa-timur?page_size=25&page_number=55","https://www.carmudi.co.id/mobil-bekas-dijual/indonesia_jawa-timur?page_size=25&page_number=55"
2218,"https://www.carmudi.co.id/mobil-bekas-dijual/indonesia_jawa-tengah?page_size=25&page_number=55",55,"indonesia_jawa-tengah?page_size=25&page_number=55","https://www.carmudi.co.id/mobil-bekas-dijual/indonesia_jawa-tengah?page_size=25&page_number=55"
2219,"https://www.carmudi.co.id/mobil-bekas-dijual/indonesia_yogyakarta?page_size=25&page_number=55",55,"indonesia_yogyakarta?page_size=25&page_number=55","https://www.carmudi.co.id/mobil-bekas-dijual/indonesia_yogyakarta?page_size=25&page_number=55"
2220,"https://www.carmudi.co.id/mobil-bekas-dijual/indonesia_sumatera-utara?page_size=25&page_number=55",55,"indonesia_sumatera-utara?page_size=25&page_number=55","https://www.carmudi.co.id/mobil-bekas-dijual/indonesia_sumatera-utara?page_size=25&page_number=55"
2221,"https://www.carmudi.co.id/mobil-bekas-dijual/indonesia_bali?page_size=25&page_number=55",55,"indonesia_bali?page_size=25&page_number=55","https://www.carmudi.co.id/mobil-bekas-dijual/indonesia_bali?page_size=25&page_number=55"
2222,"https://www.carmudi.co.id/mobil-bekas-dijual/indonesia_lampung?page_size=25&page_number=55",55,"indonesia_lampung?page_size=25&page_number=55","https://www.carmudi.co.id/mobil-bekas-dijual/indonesia_lampung?page_size=25&page_number=55"
2223,"https://www.carmudi.co.id/mobil-bekas-dijual/indonesia_gorontalo?page_size=25&page_number=55",55,"indonesia_gorontalo?page_size=25&page_number=55","https://www.carmudi.co.id/mobil-bekas-dijual/indonesia_gorontalo?page_size=25&page_number=55"
2224,"https://www.carmudi.co.id/mobil-bekas-dijual/indonesia_riau?page_size=25&page_number=55",55,"indonesia_riau?page_size=25&page_number=55","https://www.carmudi.co.id/mobil-bekas-dijual/indonesia_riau?page_size=25&page_number=55"
2225,"https://www.carmudi.co.id/mobil-bekas-dijual/indonesia_sumatera-selatan?page_size=25&page_number=55",55,"indonesia_sumatera-selatan?page_size=25&page_number=55","https://www.carmudi.co.id/mobil-bekas-dijual/indonesia_sumatera-selatan?page_size=25&page_number=55"
2226,"https://www.carmudi.co.id/mobil-bekas-dijual/indonesia_sumatera-barat?page_size=25&page_number=55",55,"indonesia_sumatera-barat?page_size=25&page_number=55","https://www.carmudi.co.id/mobil-bekas-dijual/indonesia_sumatera-barat?page_size=25&page_number=55"
2227,"https://www.carmudi.co.id/mobil-bekas-dijual/indonesia_jambi?page_size=25&page_number=55",55,"indonesia_jambi?page_size=25&page_number=55","https://www.carmudi.co.id/mobil-bekas-dijual/indonesia_jambi?page_size=25&page_number=55"
2228,"https://www.carmudi.co.id/mobil-bekas-dijual/indonesia_sulawesi-selatan?page_size=25&page_number=55",55,"indonesia_sulawesi-selatan?page_size=25&page_number=55","https://www.carmudi.co.id/mobil-bekas-dijual/indonesia_sulawesi-selatan?page_size=25&page_number=55"
2229,"https://www.carmudi.co.id/mobil-bekas-dijual/indonesia_nangroe-aceh-darussalam?page_size=25&page_number=55",55,"indonesia_nangroe-aceh-darussalam?page_size=25&page_number=55","https://www.carmudi.co.id/mobil-bekas-dijual/indonesia_nangroe-aceh-darussalam?page_size=25&page_number=55"
2230,"https://www.carmudi.co.id/mobil-bekas-dijual/indonesia_sulawesi-utara?page_size=25&page_number=55",55,"indonesia_sulawesi-utara?page_size=25&page_number=55","https://www.carmudi.co.id/mobil-bekas-dijual/indonesia_sulawesi-utara?page_size=25&page_number=55"
2231,"https://www.carmudi.co.id/mobil-bekas-dijual/indonesia_kalimantan-timur?page_size=25&page_number=55",55,"indonesia_kalimantan-timur?page_size=25&page_number=55","https://www.carmudi.co.id/mobil-bekas-dijual/indonesia_kalimantan-timur?page_size=25&page_number=55"
2232,"https://www.carmudi.co.id/mobil-bekas-dijual/indonesia_nusa-tenggara-barat?page_size=25&page_number=55",55,"indonesia_nusa-tenggara-barat?page_size=25&page_number=55","https://www.carmudi.co.id/mobil-bekas-dijual/indonesia_nusa-tenggara-barat?page_size=25&page_number=55"
2233,"https://www.carmudi.co.id/mobil-bekas-dijual/indonesia_sulawesi-tengah?page_size=25&page_number=55",55,"indonesia_sulawesi-tengah?page_size=25&page_number=55","https://www.carmudi.co.id/mobil-bekas-dijual/indonesia_sulawesi-tengah?page_size=25&page_number=55"
2234,"https://www.carmudi.co.id/mobil-bekas-dijual/indonesia_kalimantan-barat?page_size=25&page_number=55",55,"indonesia_kalimantan-barat?page_size=25&page_number=55","https://www.carmudi.co.id/mobil-bekas-dijual/indonesia_kalimantan-barat?page_size=25&page_number=55"
2235,"https://www.carmudi.co.id/mobil-bekas-dijual/indonesia_maluku?page_size=25&page_number=55",55,"indonesia_maluku?page_size=25&page_number=55","https://www.carmudi.co.id/mobil-bekas-dijual/indonesia_maluku?page_size=25&page_number=55"
2236,"https://www.carmudi.co.id/mobil-bekas-dijual/indonesia_maluku-utara?page_size=25&page_number=55",55,"indonesia_maluku-utara?page_size=25&page_number=55","https://www.carmudi.co.id/mobil-bekas-dijual/indonesia_maluku-utara?page_size=25&page_number=55"
2237,"https://www.carmudi.co.id/mobil-bekas-dijual/indonesia_sulawesi-barat?page_size=25&page_number=55",55,"indonesia_sulawesi-barat?page_size=25&page_number=55","https://www.carmudi.co.id/mobil-bekas-dijual/indonesia_sulawesi-barat?page_size=25&page_number=55"
2238,"https://www.carmudi.co.id/mobil-bekas-dijual/indonesia_sulawesi-tenggara?page_size=25&page_number=55",55,"indonesia_sulawesi-tenggara?page_size=25&page_number=55","https://www.carmudi.co.id/mobil-bekas-dijual/indonesia_sulawesi-tenggara?page_size=25&page_number=55"
2239,"https://www.carmudi.co.id/mobil-bekas-dijual/indonesia?page_number=56&page_size=25",56,"indonesia?page_number=56&page_size=25","https://www.carmudi.co.id/mobil-bekas-dijual/indonesia?page_number=56&page_size=25"
2240,"https://www.carmudi.co.id/mobil-bekas-dijual/indonesia?page_size=25&page_number=56",56,"indonesia?page_size=25&page_number=56","https://www.carmudi.co.id/mobil-bekas-dijual/indonesia?page_size=25&page_number=56"
2241,"https://www.carmudi.co.id/mobil-bekas-dijual/indonesia?transmission=automatic&page_size=25&page_number=56",56,"indonesia?transmission=automatic&page_size=25&page_number=56","https://www.carmudi.co.id/mobil-bekas-dijual/indonesia?transmission=automatic&page_size=25&page_number=56"
2242,"https://www.carmudi.co.id/mobil-bekas-dijual/indonesia?transmission=manual&page_size=25&page_number=56",56,"indonesia?transmission=manual&page_size=25&page_number=56","https://www.carmudi.co.id/mobil-bekas-dijual/indonesia?transmission=manual&page_size=25&page_number=56"
2243,"https://www.carmudi.co.id/mobil-bekas-dijual/indonesia?page_size=25&page_number=56&sort=best.match",56,"indonesia?page_size=25&page_number=56&sort=best.match","https://www.carmudi.co.id/mobil-bekas-dijual/indonesia?page_size=25&page_number=56&sort=best.match"
2244,"https://www.carmudi.co.id/mobil-bekas-dijual/indonesia?page_size=25&page_number=56&sort=modification_date_search.desc",56,"indonesia?page_size=25&page_number=56&sort=modification_date_search.desc","https://www.carmudi.co.id/mobil-bekas-dijual/indonesia?page_size=25&page_number=56&sort=modification_date_search.desc"
2245,"https://www.carmudi.co.id/mobil-bekas-dijual/indonesia?page_size=25&page_number=56&sort=price.asc",56,"indonesia?page_size=25&page_number=56&sort=price.asc","https://www.carmudi.co.id/mobil-bekas-dijual/indonesia?page_size=25&page_number=56&sort=price.asc"
2246,"https://www.carmudi.co.id/mobil-bekas-dijual/indonesia?page_size=25&page_number=56&sort=price.desc",56,"indonesia?page_size=25&page_number=56&sort=price.desc","https://www.carmudi.co.id/mobil-bekas-dijual/indonesia?page_size=25&page_number=56&sort=price.desc"
2247,"https://www.carmudi.co.id/mobil-bekas-dijual/indonesia?page_size=25&page_number=56&sort=year.desc",56,"indonesia?page_size=25&page_number=56&sort=year.desc","https://www.carmudi.co.id/mobil-bekas-dijual/indonesia?page_size=25&page_number=56&sort=year.desc"
2248,"https://www.carmudi.co.id/mobil-bekas-dijual/indonesia?page_size=25&page_number=56&sort=year.asc",56,"indonesia?page_size=25&page_number=56&sort=year.asc","https://www.carmudi.co.id/mobil-bekas-dijual/indonesia?page_size=25&page_number=56&sort=year.asc"
2249,"https://www.carmudi.co.id/mobil-bekas-dijual/indonesia?page_size=25&page_number=56&sort=mileage.asc",56,"indonesia?page_size=25&page_number=56&sort=mileage.asc","https://www.carmudi.co.id/mobil-bekas-dijual/indonesia?page_size=25&page_number=56&sort=mileage.asc"
2250,"https://www.carmudi.co.id/mobil-bekas-dijual/indonesia?page_size=25&page_number=56&sort=mileage.desc",56,"indonesia?page_size=25&page_number=56&sort=mileage.desc","https://www.carmudi.co.id/mobil-bekas-dijual/indonesia?page_size=25&page_number=56&sort=mileage.desc"
2251,"https://www.carmudi.co.id/mobil-bekas-dijual/indonesia_jabodetabek?page_size=25&page_number=56",56,"indonesia_jabodetabek?page_size=25&page_number=56","https://www.carmudi.co.id/mobil-bekas-dijual/indonesia_jabodetabek?page_size=25&page_number=56"
2252,"https://www.carmudi.co.id/mobil-bekas-dijual/indonesia_dki-jakarta?page_size=25&page_number=56",56,"indonesia_dki-jakarta?page_size=25&page_number=56","https://www.carmudi.co.id/mobil-bekas-dijual/indonesia_dki-jakarta?page_size=25&page_number=56"
2253,"https://www.carmudi.co.id/mobil-bekas-dijual/indonesia_banten?page_size=25&page_number=56",56,"indonesia_banten?page_size=25&page_number=56","https://www.carmudi.co.id/mobil-bekas-dijual/indonesia_banten?page_size=25&page_number=56"
2254,"https://www.carmudi.co.id/mobil-bekas-dijual/indonesia_jawa-barat?page_size=25&page_number=56",56,"indonesia_jawa-barat?page_size=25&page_number=56","https://www.carmudi.co.id/mobil-bekas-dijual/indonesia_jawa-barat?page_size=25&page_number=56"
2255,"https://www.carmudi.co.id/mobil-bekas-dijual/indonesia_jawa-timur?page_size=25&page_number=56",56,"indonesia_jawa-timur?page_size=25&page_number=56","https://www.carmudi.co.id/mobil-bekas-dijual/indonesia_jawa-timur?page_size=25&page_number=56"
2256,"https://www.carmudi.co.id/mobil-bekas-dijual/indonesia_jawa-tengah?page_size=25&page_number=56",56,"indonesia_jawa-tengah?page_size=25&page_number=56","https://www.carmudi.co.id/mobil-bekas-dijual/indonesia_jawa-tengah?page_size=25&page_number=56"
2257,"https://www.carmudi.co.id/mobil-bekas-dijual/indonesia_yogyakarta?page_size=25&page_number=56",56,"indonesia_yogyakarta?page_size=25&page_number=56","https://www.carmudi.co.id/mobil-bekas-dijual/indonesia_yogyakarta?page_size=25&page_number=56"
2258,"https://www.carmudi.co.id/mobil-bekas-dijual/indonesia_sumatera-utara?page_size=25&page_number=56",56,"indonesia_sumatera-utara?page_size=25&page_number=56","https://www.carmudi.co.id/mobil-bekas-dijual/indonesia_sumatera-utara?page_size=25&page_number=56"
2259,"https://www.carmudi.co.id/mobil-bekas-dijual/indonesia_bali?page_size=25&page_number=56",56,"indonesia_bali?page_size=25&page_number=56","https://www.carmudi.co.id/mobil-bekas-dijual/indonesia_bali?page_size=25&page_number=56"
2260,"https://www.carmudi.co.id/mobil-bekas-dijual/indonesia_lampung?page_size=25&page_number=56",56,"indonesia_lampung?page_size=25&page_number=56","https://www.carmudi.co.id/mobil-bekas-dijual/indonesia_lampung?page_size=25&page_number=56"
2261,"https://www.carmudi.co.id/mobil-bekas-dijual/indonesia_gorontalo?page_size=25&page_number=56",56,"indonesia_gorontalo?page_size=25&page_number=56","https://www.carmudi.co.id/mobil-bekas-dijual/indonesia_gorontalo?page_size=25&page_number=56"
2262,"https://www.carmudi.co.id/mobil-bekas-dijual/indonesia_riau?page_size=25&page_number=56",56,"indonesia_riau?page_size=25&page_number=56","https://www.carmudi.co.id/mobil-bekas-dijual/indonesia_riau?page_size=25&page_number=56"
2263,"https://www.carmudi.co.id/mobil-bekas-dijual/indonesia_sumatera-selatan?page_size=25&page_number=56",56,"indonesia_sumatera-selatan?page_size=25&page_number=56","https://www.carmudi.co.id/mobil-bekas-dijual/indonesia_sumatera-selatan?page_size=25&page_number=56"
2264,"https://www.carmudi.co.id/mobil-bekas-dijual/indonesia_sumatera-barat?page_size=25&page_number=56",56,"indonesia_sumatera-barat?page_size=25&page_number=56","https://www.carmudi.co.id/mobil-bekas-dijual/indonesia_sumatera-barat?page_size=25&page_number=56"
2265,"https://www.carmudi.co.id/mobil-bekas-dijual/indonesia_jambi?page_size=25&page_number=56",56,"indonesia_jambi?page_size=25&page_number=56","https://www.carmudi.co.id/mobil-bekas-dijual/indonesia_jambi?page_size=25&page_number=56"
2266,"https://www.carmudi.co.id/mobil-bekas-dijual/indonesia_sulawesi-selatan?page_size=25&page_number=56",56,"indonesia_sulawesi-selatan?page_size=25&page_number=56","https://www.carmudi.co.id/mobil-bekas-dijual/indonesia_sulawesi-selatan?page_size=25&page_number=56"
2267,"https://www.carmudi.co.id/mobil-bekas-dijual/indonesia_nangroe-aceh-darussalam?page_size=25&page_number=56",56,"indonesia_nangroe-aceh-darussalam?page_size=25&page_number=56","https://www.carmudi.co.id/mobil-bekas-dijual/indonesia_nangroe-aceh-darussalam?page_size=25&page_number=56"
2268,"https://www.carmudi.co.id/mobil-bekas-dijual/indonesia_sulawesi-utara?page_size=25&page_number=56",56,"indonesia_sulawesi-utara?page_size=25&page_number=56","https://www.carmudi.co.id/mobil-bekas-dijual/indonesia_sulawesi-utara?page_size=25&page_number=56"
2269,"https://www.carmudi.co.id/mobil-bekas-dijual/indonesia_kalimantan-timur?page_size=25&page_number=56",56,"indonesia_kalimantan-timur?page_size=25&page_number=56","https://www.carmudi.co.id/mobil-bekas-dijual/indonesia_kalimantan-timur?page_size=25&page_number=56"
2270,"https://www.carmudi.co.id/mobil-bekas-dijual/indonesia_nusa-tenggara-barat?page_size=25&page_number=56",56,"indonesia_nusa-tenggara-barat?page_size=25&page_number=56","https://www.carmudi.co.id/mobil-bekas-dijual/indonesia_nusa-tenggara-barat?page_size=25&page_number=56"
2271,"https://www.carmudi.co.id/mobil-bekas-dijual/indonesia_sulawesi-tengah?page_size=25&page_number=56",56,"indonesia_sulawesi-tengah?page_size=25&page_number=56","https://www.carmudi.co.id/mobil-bekas-dijual/indonesia_sulawesi-tengah?page_size=25&page_number=56"
2272,"https://www.carmudi.co.id/mobil-bekas-dijual/indonesia_kalimantan-barat?page_size=25&page_number=56",56,"indonesia_kalimantan-barat?page_size=25&page_number=56","https://www.carmudi.co.id/mobil-bekas-dijual/indonesia_kalimantan-barat?page_size=25&page_number=56"
2273,"https://www.carmudi.co.id/mobil-bekas-dijual/indonesia_maluku?page_size=25&page_number=56",56,"indonesia_maluku?page_size=25&page_number=56","https://www.carmudi.co.id/mobil-bekas-dijual/indonesia_maluku?page_size=25&page_number=56"
2274,"https://www.carmudi.co.id/mobil-bekas-dijual/indonesia_maluku-utara?page_size=25&page_number=56",56,"indonesia_maluku-utara?page_size=25&page_number=56","https://www.carmudi.co.id/mobil-bekas-dijual/indonesia_maluku-utara?page_size=25&page_number=56"
2275,"https://www.carmudi.co.id/mobil-bekas-dijual/indonesia_sulawesi-barat?page_size=25&page_number=56",56,"indonesia_sulawesi-barat?page_size=25&page_number=56","https://www.carmudi.co.id/mobil-bekas-dijual/indonesia_sulawesi-barat?page_size=25&page_number=56"
2276,"https://www.carmudi.co.id/mobil-bekas-dijual/indonesia_sulawesi-tenggara?page_size=25&page_number=56",56,"indonesia_sulawesi-tenggara?page_size=25&page_number=56","https://www.carmudi.co.id/mobil-bekas-dijual/indonesia_sulawesi-tenggara?page_size=25&page_number=56"
2277,"https://www.carmudi.co.id/mobil-bekas-dijual/indonesia?page_number=57&page_size=25",57,"indonesia?page_number=57&page_size=25","https://www.carmudi.co.id/mobil-bekas-dijual/indonesia?page_number=57&page_size=25"
2278,"https://www.carmudi.co.id/mobil-bekas-dijual/indonesia?page_size=25&page_number=57",57,"indonesia?page_size=25&page_number=57","https://www.carmudi.co.id/mobil-bekas-dijual/indonesia?page_size=25&page_number=57"
2279,"https://www.carmudi.co.id/mobil-bekas-dijual/indonesia?transmission=automatic&page_size=25&page_number=57",57,"indonesia?transmission=automatic&page_size=25&page_number=57","https://www.carmudi.co.id/mobil-bekas-dijual/indonesia?transmission=automatic&page_size=25&page_number=57"
2280,"https://www.carmudi.co.id/mobil-bekas-dijual/indonesia?transmission=manual&page_size=25&page_number=57",57,"indonesia?transmission=manual&page_size=25&page_number=57","https://www.carmudi.co.id/mobil-bekas-dijual/indonesia?transmission=manual&page_size=25&page_number=57"
2281,"https://www.carmudi.co.id/mobil-bekas-dijual/indonesia?page_size=25&page_number=57&sort=best.match",57,"indonesia?page_size=25&page_number=57&sort=best.match","https://www.carmudi.co.id/mobil-bekas-dijual/indonesia?page_size=25&page_number=57&sort=best.match"
2282,"https://www.carmudi.co.id/mobil-bekas-dijual/indonesia?page_size=25&page_number=57&sort=modification_date_search.desc",57,"indonesia?page_size=25&page_number=57&sort=modification_date_search.desc","https://www.carmudi.co.id/mobil-bekas-dijual/indonesia?page_size=25&page_number=57&sort=modification_date_search.desc"
2283,"https://www.carmudi.co.id/mobil-bekas-dijual/indonesia?page_size=25&page_number=57&sort=price.asc",57,"indonesia?page_size=25&page_number=57&sort=price.asc","https://www.carmudi.co.id/mobil-bekas-dijual/indonesia?page_size=25&page_number=57&sort=price.asc"
2284,"https://www.carmudi.co.id/mobil-bekas-dijual/indonesia?page_size=25&page_number=57&sort=price.desc",57,"indonesia?page_size=25&page_number=57&sort=price.desc","https://www.carmudi.co.id/mobil-bekas-dijual/indonesia?page_size=25&page_number=57&sort=price.desc"
2285,"https://www.carmudi.co.id/mobil-bekas-dijual/indonesia?page_size=25&page_number=57&sort=year.desc",57,"indonesia?page_size=25&page_number=57&sort=year.desc","https://www.carmudi.co.id/mobil-bekas-dijual/indonesia?page_size=25&page_number=57&sort=year.desc"
2286,"https://www.carmudi.co.id/mobil-bekas-dijual/indonesia?page_size=25&page_number=57&sort=year.asc",57,"indonesia?page_size=25&page_number=57&sort=year.asc","https://www.carmudi.co.id/mobil-bekas-dijual/indonesia?page_size=25&page_number=57&sort=year.asc"
2287,"https://www.carmudi.co.id/mobil-bekas-dijual/indonesia?page_size=25&page_number=57&sort=mileage.asc",57,"indonesia?page_size=25&page_number=57&sort=mileage.asc","https://www.carmudi.co.id/mobil-bekas-dijual/indonesia?page_size=25&page_number=57&sort=mileage.asc"
2288,"https://www.carmudi.co.id/mobil-bekas-dijual/indonesia?page_size=25&page_number=57&sort=mileage.desc",57,"indonesia?page_size=25&page_number=57&sort=mileage.desc","https://www.carmudi.co.id/mobil-bekas-dijual/indonesia?page_size=25&page_number=57&sort=mileage.desc"
2289,"https://www.carmudi.co.id/mobil-bekas-dijual/indonesia_jabodetabek?page_size=25&page_number=57",57,"indonesia_jabodetabek?page_size=25&page_number=57","https://www.carmudi.co.id/mobil-bekas-dijual/indonesia_jabodetabek?page_size=25&page_number=57"
2290,"https://www.carmudi.co.id/mobil-bekas-dijual/indonesia_dki-jakarta?page_size=25&page_number=57",57,"indonesia_dki-jakarta?page_size=25&page_number=57","https://www.carmudi.co.id/mobil-bekas-dijual/indonesia_dki-jakarta?page_size=25&page_number=57"
2291,"https://www.carmudi.co.id/mobil-bekas-dijual/indonesia_banten?page_size=25&page_number=57",57,"indonesia_banten?page_size=25&page_number=57","https://www.carmudi.co.id/mobil-bekas-dijual/indonesia_banten?page_size=25&page_number=57"
2292,"https://www.carmudi.co.id/mobil-bekas-dijual/indonesia_jawa-barat?page_size=25&page_number=57",57,"indonesia_jawa-barat?page_size=25&page_number=57","https://www.carmudi.co.id/mobil-bekas-dijual/indonesia_jawa-barat?page_size=25&page_number=57"
2293,"https://www.carmudi.co.id/mobil-bekas-dijual/indonesia_jawa-timur?page_size=25&page_number=57",57,"indonesia_jawa-timur?page_size=25&page_number=57","https://www.carmudi.co.id/mobil-bekas-dijual/indonesia_jawa-timur?page_size=25&page_number=57"
2294,"https://www.carmudi.co.id/mobil-bekas-dijual/indonesia_jawa-tengah?page_size=25&page_number=57",57,"indonesia_jawa-tengah?page_size=25&page_number=57","https://www.carmudi.co.id/mobil-bekas-dijual/indonesia_jawa-tengah?page_size=25&page_number=57"
2295,"https://www.carmudi.co.id/mobil-bekas-dijual/indonesia_yogyakarta?page_size=25&page_number=57",57,"indonesia_yogyakarta?page_size=25&page_number=57","https://www.carmudi.co.id/mobil-bekas-dijual/indonesia_yogyakarta?page_size=25&page_number=57"
2296,"https://www.carmudi.co.id/mobil-bekas-dijual/indonesia_sumatera-utara?page_size=25&page_number=57",57,"indonesia_sumatera-utara?page_size=25&page_number=57","https://www.carmudi.co.id/mobil-bekas-dijual/indonesia_sumatera-utara?page_size=25&page_number=57"
2297,"https://www.carmudi.co.id/mobil-bekas-dijual/indonesia_bali?page_size=25&page_number=57",57,"indonesia_bali?page_size=25&page_number=57","https://www.carmudi.co.id/mobil-bekas-dijual/indonesia_bali?page_size=25&page_number=57"
2298,"https://www.carmudi.co.id/mobil-bekas-dijual/indonesia_lampung?page_size=25&page_number=57",57,"indonesia_lampung?page_size=25&page_number=57","https://www.carmudi.co.id/mobil-bekas-dijual/indonesia_lampung?page_size=25&page_number=57"
2299,"https://www.carmudi.co.id/mobil-bekas-dijual/indonesia_gorontalo?page_size=25&page_number=57",57,"indonesia_gorontalo?page_size=25&page_number=57","https://www.carmudi.co.id/mobil-bekas-dijual/indonesia_gorontalo?page_size=25&page_number=57"
2300,"https://www.carmudi.co.id/mobil-bekas-dijual/indonesia_riau?page_size=25&page_number=57",57,"indonesia_riau?page_size=25&page_number=57","https://www.carmudi.co.id/mobil-bekas-dijual/indonesia_riau?page_size=25&page_number=57"
2301,"https://www.carmudi.co.id/mobil-bekas-dijual/indonesia_sumatera-selatan?page_size=25&page_number=57",57,"indonesia_sumatera-selatan?page_size=25&page_number=57","https://www.carmudi.co.id/mobil-bekas-dijual/indonesia_sumatera-selatan?page_size=25&page_number=57"
2302,"https://www.carmudi.co.id/mobil-bekas-dijual/indonesia_sumatera-barat?page_size=25&page_number=57",57,"indonesia_sumatera-barat?page_size=25&page_number=57","https://www.carmudi.co.id/mobil-bekas-dijual/indonesia_sumatera-barat?page_size=25&page_number=57"
2303,"https://www.carmudi.co.id/mobil-bekas-dijual/indonesia_jambi?page_size=25&page_number=57",57,"indonesia_jambi?page_size=25&page_number=57","https://www.carmudi.co.id/mobil-bekas-dijual/indonesia_jambi?page_size=25&page_number=57"
2304,"https://www.carmudi.co.id/mobil-bekas-dijual/indonesia_sulawesi-selatan?page_size=25&page_number=57",57,"indonesia_sulawesi-selatan?page_size=25&page_number=57","https://www.carmudi.co.id/mobil-bekas-dijual/indonesia_sulawesi-selatan?page_size=25&page_number=57"
2305,"https://www.carmudi.co.id/mobil-bekas-dijual/indonesia_nangroe-aceh-darussalam?page_size=25&page_number=57",57,"indonesia_nangroe-aceh-darussalam?page_size=25&page_number=57","https://www.carmudi.co.id/mobil-bekas-dijual/indonesia_nangroe-aceh-darussalam?page_size=25&page_number=57"
2306,"https://www.carmudi.co.id/mobil-bekas-dijual/indonesia_sulawesi-utara?page_size=25&page_number=57",57,"indonesia_sulawesi-utara?page_size=25&page_number=57","https://www.carmudi.co.id/mobil-bekas-dijual/indonesia_sulawesi-utara?page_size=25&page_number=57"
2307,"https://www.carmudi.co.id/mobil-bekas-dijual/indonesia_kalimantan-timur?page_size=25&page_number=57",57,"indonesia_kalimantan-timur?page_size=25&page_number=57","https://www.carmudi.co.id/mobil-bekas-dijual/indonesia_kalimantan-timur?page_size=25&page_number=57"
2308,"https://www.carmudi.co.id/mobil-bekas-dijual/indonesia_nusa-tenggara-barat?page_size=25&page_number=57",57,"indonesia_nusa-tenggara-barat?page_size=25&page_number=57","https://www.carmudi.co.id/mobil-bekas-dijual/indonesia_nusa-tenggara-barat?page_size=25&page_number=57"
2309,"https://www.carmudi.co.id/mobil-bekas-dijual/indonesia_sulawesi-tengah?page_size=25&page_number=57",57,"indonesia_sulawesi-tengah?page_size=25&page_number=57","https://www.carmudi.co.id/mobil-bekas-dijual/indonesia_sulawesi-tengah?page_size=25&page_number=57"
2310,"https://www.carmudi.co.id/mobil-bekas-dijual/indonesia_kalimantan-barat?page_size=25&page_number=57",57,"indonesia_kalimantan-barat?page_size=25&page_number=57","https://www.carmudi.co.id/mobil-bekas-dijual/indonesia_kalimantan-barat?page_size=25&page_number=57"
2311,"https://www.carmudi.co.id/mobil-bekas-dijual/indonesia_maluku?page_size=25&page_number=57",57,"indonesia_maluku?page_size=25&page_number=57","https://www.carmudi.co.id/mobil-bekas-dijual/indonesia_maluku?page_size=25&page_number=57"
2312,"https://www.carmudi.co.id/mobil-bekas-dijual/indonesia_maluku-utara?page_size=25&page_number=57",57,"indonesia_maluku-utara?page_size=25&page_number=57","https://www.carmudi.co.id/mobil-bekas-dijual/indonesia_maluku-utara?page_size=25&page_number=57"
2313,"https://www.carmudi.co.id/mobil-bekas-dijual/indonesia_sulawesi-barat?page_size=25&page_number=57",57,"indonesia_sulawesi-barat?page_size=25&page_number=57","https://www.carmudi.co.id/mobil-bekas-dijual/indonesia_sulawesi-barat?page_size=25&page_number=57"
2314,"https://www.carmudi.co.id/mobil-bekas-dijual/indonesia_sulawesi-tenggara?page_size=25&page_number=57",57,"indonesia_sulawesi-tenggara?page_size=25&page_number=57","https://www.carmudi.co.id/mobil-bekas-dijual/indonesia_sulawesi-tenggara?page_size=25&page_number=57"
2315,"https://www.carmudi.co.id/mobil-bekas-dijual/indonesia?page_number=58&page_size=25",58,"indonesia?page_number=58&page_size=25","https://www.carmudi.co.id/mobil-bekas-dijual/indonesia?page_number=58&page_size=25"
2316,"https://www.carmudi.co.id/mobil-bekas-dijual/indonesia?page_size=25&page_number=58",58,"indonesia?page_size=25&page_number=58","https://www.carmudi.co.id/mobil-bekas-dijual/indonesia?page_size=25&page_number=58"
2317,"https://www.carmudi.co.id/mobil-bekas-dijual/indonesia?transmission=automatic&page_size=25&page_number=58",58,"indonesia?transmission=automatic&page_size=25&page_number=58","https://www.carmudi.co.id/mobil-bekas-dijual/indonesia?transmission=automatic&page_size=25&page_number=58"
2318,"https://www.carmudi.co.id/mobil-bekas-dijual/indonesia?transmission=manual&page_size=25&page_number=58",58,"indonesia?transmission=manual&page_size=25&page_number=58","https://www.carmudi.co.id/mobil-bekas-dijual/indonesia?transmission=manual&page_size=25&page_number=58"
2319,"https://www.carmudi.co.id/mobil-bekas-dijual/indonesia?page_size=25&page_number=58&sort=best.match",58,"indonesia?page_size=25&page_number=58&sort=best.match","https://www.carmudi.co.id/mobil-bekas-dijual/indonesia?page_size=25&page_number=58&sort=best.match"
2320,"https://www.carmudi.co.id/mobil-bekas-dijual/indonesia?page_size=25&page_number=58&sort=modification_date_search.desc",58,"indonesia?page_size=25&page_number=58&sort=modification_date_search.desc","https://www.carmudi.co.id/mobil-bekas-dijual/indonesia?page_size=25&page_number=58&sort=modification_date_search.desc"
2321,"https://www.carmudi.co.id/mobil-bekas-dijual/indonesia?page_size=25&page_number=58&sort=price.asc",58,"indonesia?page_size=25&page_number=58&sort=price.asc","https://www.carmudi.co.id/mobil-bekas-dijual/indonesia?page_size=25&page_number=58&sort=price.asc"
2322,"https://www.carmudi.co.id/mobil-bekas-dijual/indonesia?page_size=25&page_number=58&sort=price.desc",58,"indonesia?page_size=25&page_number=58&sort=price.desc","https://www.carmudi.co.id/mobil-bekas-dijual/indonesia?page_size=25&page_number=58&sort=price.desc"
2323,"https://www.carmudi.co.id/mobil-bekas-dijual/indonesia?page_size=25&page_number=58&sort=year.desc",58,"indonesia?page_size=25&page_number=58&sort=year.desc","https://www.carmudi.co.id/mobil-bekas-dijual/indonesia?page_size=25&page_number=58&sort=year.desc"
2324,"https://www.carmudi.co.id/mobil-bekas-dijual/indonesia?page_size=25&page_number=58&sort=year.asc",58,"indonesia?page_size=25&page_number=58&sort=year.asc","https://www.carmudi.co.id/mobil-bekas-dijual/indonesia?page_size=25&page_number=58&sort=year.asc"
2325,"https://www.carmudi.co.id/mobil-bekas-dijual/indonesia?page_size=25&page_number=58&sort=mileage.asc",58,"indonesia?page_size=25&page_number=58&sort=mileage.asc","https://www.carmudi.co.id/mobil-bekas-dijual/indonesia?page_size=25&page_number=58&sort=mileage.asc"
2326,"https://www.carmudi.co.id/mobil-bekas-dijual/indonesia?page_size=25&page_number=58&sort=mileage.desc",58,"indonesia?page_size=25&page_number=58&sort=mileage.desc","https://www.carmudi.co.id/mobil-bekas-dijual/indonesia?page_size=25&page_number=58&sort=mileage.desc"
2327,"https://www.carmudi.co.id/mobil-bekas-dijual/indonesia_jabodetabek?page_size=25&page_number=58",58,"indonesia_jabodetabek?page_size=25&page_number=58","https://www.carmudi.co.id/mobil-bekas-dijual/indonesia_jabodetabek?page_size=25&page_number=58"
2328,"https://www.carmudi.co.id/mobil-bekas-dijual/indonesia_dki-jakarta?page_size=25&page_number=58",58,"indonesia_dki-jakarta?page_size=25&page_number=58","https://www.carmudi.co.id/mobil-bekas-dijual/indonesia_dki-jakarta?page_size=25&page_number=58"
2329,"https://www.carmudi.co.id/mobil-bekas-dijual/indonesia_banten?page_size=25&page_number=58",58,"indonesia_banten?page_size=25&page_number=58","https://www.carmudi.co.id/mobil-bekas-dijual/indonesia_banten?page_size=25&page_number=58"
2330,"https://www.carmudi.co.id/mobil-bekas-dijual/indonesia_jawa-barat?page_size=25&page_number=58",58,"indonesia_jawa-barat?page_size=25&page_number=58","https://www.carmudi.co.id/mobil-bekas-dijual/indonesia_jawa-barat?page_size=25&page_number=58"
2331,"https://www.carmudi.co.id/mobil-bekas-dijual/indonesia_jawa-timur?page_size=25&page_number=58",58,"indonesia_jawa-timur?page_size=25&page_number=58","https://www.carmudi.co.id/mobil-bekas-dijual/indonesia_jawa-timur?page_size=25&page_number=58"
2332,"https://www.carmudi.co.id/mobil-bekas-dijual/indonesia_jawa-tengah?page_size=25&page_number=58",58,"indonesia_jawa-tengah?page_size=25&page_number=58","https://www.carmudi.co.id/mobil-bekas-dijual/indonesia_jawa-tengah?page_size=25&page_number=58"
2333,"https://www.carmudi.co.id/mobil-bekas-dijual/indonesia_yogyakarta?page_size=25&page_number=58",58,"indonesia_yogyakarta?page_size=25&page_number=58","https://www.carmudi.co.id/mobil-bekas-dijual/indonesia_yogyakarta?page_size=25&page_number=58"
2334,"https://www.carmudi.co.id/mobil-bekas-dijual/indonesia_sumatera-utara?page_size=25&page_number=58",58,"indonesia_sumatera-utara?page_size=25&page_number=58","https://www.carmudi.co.id/mobil-bekas-dijual/indonesia_sumatera-utara?page_size=25&page_number=58"
2335,"https://www.carmudi.co.id/mobil-bekas-dijual/indonesia_bali?page_size=25&page_number=58",58,"indonesia_bali?page_size=25&page_number=58","https://www.carmudi.co.id/mobil-bekas-dijual/indonesia_bali?page_size=25&page_number=58"
2336,"https://www.carmudi.co.id/mobil-bekas-dijual/indonesia_lampung?page_size=25&page_number=58",58,"indonesia_lampung?page_size=25&page_number=58","https://www.carmudi.co.id/mobil-bekas-dijual/indonesia_lampung?page_size=25&page_number=58"
2337,"https://www.carmudi.co.id/mobil-bekas-dijual/indonesia_gorontalo?page_size=25&page_number=58",58,"indonesia_gorontalo?page_size=25&page_number=58","https://www.carmudi.co.id/mobil-bekas-dijual/indonesia_gorontalo?page_size=25&page_number=58"
2338,"https://www.carmudi.co.id/mobil-bekas-dijual/indonesia_riau?page_size=25&page_number=58",58,"indonesia_riau?page_size=25&page_number=58","https://www.carmudi.co.id/mobil-bekas-dijual/indonesia_riau?page_size=25&page_number=58"
2339,"https://www.carmudi.co.id/mobil-bekas-dijual/indonesia_sumatera-selatan?page_size=25&page_number=58",58,"indonesia_sumatera-selatan?page_size=25&page_number=58","https://www.carmudi.co.id/mobil-bekas-dijual/indonesia_sumatera-selatan?page_size=25&page_number=58"
2340,"https://www.carmudi.co.id/mobil-bekas-dijual/indonesia_sumatera-barat?page_size=25&page_number=58",58,"indonesia_sumatera-barat?page_size=25&page_number=58","https://www.carmudi.co.id/mobil-bekas-dijual/indonesia_sumatera-barat?page_size=25&page_number=58"
2341,"https://www.carmudi.co.id/mobil-bekas-dijual/indonesia_jambi?page_size=25&page_number=58",58,"indonesia_jambi?page_size=25&page_number=58","https://www.carmudi.co.id/mobil-bekas-dijual/indonesia_jambi?page_size=25&page_number=58"
2342,"https://www.carmudi.co.id/mobil-bekas-dijual/indonesia_sulawesi-selatan?page_size=25&page_number=58",58,"indonesia_sulawesi-selatan?page_size=25&page_number=58","https://www.carmudi.co.id/mobil-bekas-dijual/indonesia_sulawesi-selatan?page_size=25&page_number=58"
2343,"https://www.carmudi.co.id/mobil-bekas-dijual/indonesia_nangroe-aceh-darussalam?page_size=25&page_number=58",58,"indonesia_nangroe-aceh-darussalam?page_size=25&page_number=58","https://www.carmudi.co.id/mobil-bekas-dijual/indonesia_nangroe-aceh-darussalam?page_size=25&page_number=58"
2344,"https://www.carmudi.co.id/mobil-bekas-dijual/indonesia_sulawesi-utara?page_size=25&page_number=58",58,"indonesia_sulawesi-utara?page_size=25&page_number=58","https://www.carmudi.co.id/mobil-bekas-dijual/indonesia_sulawesi-utara?page_size=25&page_number=58"
2345,"https://www.carmudi.co.id/mobil-bekas-dijual/indonesia_kalimantan-timur?page_size=25&page_number=58",58,"indonesia_kalimantan-timur?page_size=25&page_number=58","https://www.carmudi.co.id/mobil-bekas-dijual/indonesia_kalimantan-timur?page_size=25&page_number=58"
2346,"https://www.carmudi.co.id/mobil-bekas-dijual/indonesia_nusa-tenggara-barat?page_size=25&page_number=58",58,"indonesia_nusa-tenggara-barat?page_size=25&page_number=58","https://www.carmudi.co.id/mobil-bekas-dijual/indonesia_nusa-tenggara-barat?page_size=25&page_number=58"
2347,"https://www.carmudi.co.id/mobil-bekas-dijual/indonesia_sulawesi-tengah?page_size=25&page_number=58",58,"indonesia_sulawesi-tengah?page_size=25&page_number=58","https://www.carmudi.co.id/mobil-bekas-dijual/indonesia_sulawesi-tengah?page_size=25&page_number=58"
2348,"https://www.carmudi.co.id/mobil-bekas-dijual/indonesia_kalimantan-barat?page_size=25&page_number=58",58,"indonesia_kalimantan-barat?page_size=25&page_number=58","https://www.carmudi.co.id/mobil-bekas-dijual/indonesia_kalimantan-barat?page_size=25&page_number=58"
2349,"https://www.carmudi.co.id/mobil-bekas-dijual/indonesia_maluku?page_size=25&page_number=58",58,"indonesia_maluku?page_size=25&page_number=58","https://www.carmudi.co.id/mobil-bekas-dijual/indonesia_maluku?page_size=25&page_number=58"
2350,"https://www.carmudi.co.id/mobil-bekas-dijual/indonesia_maluku-utara?page_size=25&page_number=58",58,"indonesia_maluku-utara?page_size=25&page_number=58","https://www.carmudi.co.id/mobil-bekas-dijual/indonesia_maluku-utara?page_size=25&page_number=58"
2351,"https://www.carmudi.co.id/mobil-bekas-dijual/indonesia_sulawesi-barat?page_size=25&page_number=58",58,"indonesia_sulawesi-barat?page_size=25&page_number=58","https://www.carmudi.co.id/mobil-bekas-dijual/indonesia_sulawesi-barat?page_size=25&page_number=58"
2352,"https://www.carmudi.co.id/mobil-bekas-dijual/indonesia_sulawesi-tenggara?page_size=25&page_number=58",58,"indonesia_sulawesi-tenggara?page_size=25&page_number=58","https://www.carmudi.co.id/mobil-bekas-dijual/indonesia_sulawesi-tenggara?page_size=25&page_number=58"
2353,"https://www.carmudi.co.id/mobil-bekas-dijual/indonesia?page_number=59&page_size=25",59,"indonesia?page_number=59&page_size=25","https://www.carmudi.co.id/mobil-bekas-dijual/indonesia?page_number=59&page_size=25"
2354,"https://www.carmudi.co.id/mobil-bekas-dijual/indonesia?page_size=25&page_number=59",59,"indonesia?page_size=25&page_number=59","https://www.carmudi.co.id/mobil-bekas-dijual/indonesia?page_size=25&page_number=59"
2355,"https://www.carmudi.co.id/mobil-bekas-dijual/indonesia?transmission=automatic&page_size=25&page_number=59",59,"indonesia?transmission=automatic&page_size=25&page_number=59","https://www.carmudi.co.id/mobil-bekas-dijual/indonesia?transmission=automatic&page_size=25&page_number=59"
2356,"https://www.carmudi.co.id/mobil-bekas-dijual/indonesia?transmission=manual&page_size=25&page_number=59",59,"indonesia?transmission=manual&page_size=25&page_number=59","https://www.carmudi.co.id/mobil-bekas-dijual/indonesia?transmission=manual&page_size=25&page_number=59"
2357,"https://www.carmudi.co.id/mobil-bekas-dijual/indonesia?page_size=25&page_number=59&sort=best.match",59,"indonesia?page_size=25&page_number=59&sort=best.match","https://www.carmudi.co.id/mobil-bekas-dijual/indonesia?page_size=25&page_number=59&sort=best.match"
2358,"https://www.carmudi.co.id/mobil-bekas-dijual/indonesia?page_size=25&page_number=59&sort=modification_date_search.desc",59,"indonesia?page_size=25&page_number=59&sort=modification_date_search.desc","https://www.carmudi.co.id/mobil-bekas-dijual/indonesia?page_size=25&page_number=59&sort=modification_date_search.desc"
2359,"https://www.carmudi.co.id/mobil-bekas-dijual/indonesia?page_size=25&page_number=59&sort=price.asc",59,"indonesia?page_size=25&page_number=59&sort=price.asc","https://www.carmudi.co.id/mobil-bekas-dijual/indonesia?page_size=25&page_number=59&sort=price.asc"
2360,"https://www.carmudi.co.id/mobil-bekas-dijual/indonesia?page_size=25&page_number=59&sort=price.desc",59,"indonesia?page_size=25&page_number=59&sort=price.desc","https://www.carmudi.co.id/mobil-bekas-dijual/indonesia?page_size=25&page_number=59&sort=price.desc"
2361,"https://www.carmudi.co.id/mobil-bekas-dijual/indonesia?page_size=25&page_number=59&sort=year.desc",59,"indonesia?page_size=25&page_number=59&sort=year.desc","https://www.carmudi.co.id/mobil-bekas-dijual/indonesia?page_size=25&page_number=59&sort=year.desc"
2362,"https://www.carmudi.co.id/mobil-bekas-dijual/indonesia?page_size=25&page_number=59&sort=year.asc",59,"indonesia?page_size=25&page_number=59&sort=year.asc","https://www.carmudi.co.id/mobil-bekas-dijual/indonesia?page_size=25&page_number=59&sort=year.asc"
2363,"https://www.carmudi.co.id/mobil-bekas-dijual/indonesia?page_size=25&page_number=59&sort=mileage.asc",59,"indonesia?page_size=25&page_number=59&sort=mileage.asc","https://www.carmudi.co.id/mobil-bekas-dijual/indonesia?page_size=25&page_number=59&sort=mileage.asc"
2364,"https://www.carmudi.co.id/mobil-bekas-dijual/indonesia?page_size=25&page_number=59&sort=mileage.desc",59,"indonesia?page_size=25&page_number=59&sort=mileage.desc","https://www.carmudi.co.id/mobil-bekas-dijual/indonesia?page_size=25&page_number=59&sort=mileage.desc"
2365,"https://www.carmudi.co.id/mobil-bekas-dijual/indonesia_jabodetabek?page_size=25&page_number=59",59,"indonesia_jabodetabek?page_size=25&page_number=59","https://www.carmudi.co.id/mobil-bekas-dijual/indonesia_jabodetabek?page_size=25&page_number=59"
2366,"https://www.carmudi.co.id/mobil-bekas-dijual/indonesia_dki-jakarta?page_size=25&page_number=59",59,"indonesia_dki-jakarta?page_size=25&page_number=59","https://www.carmudi.co.id/mobil-bekas-dijual/indonesia_dki-jakarta?page_size=25&page_number=59"
2367,"https://www.carmudi.co.id/mobil-bekas-dijual/indonesia_banten?page_size=25&page_number=59",59,"indonesia_banten?page_size=25&page_number=59","https://www.carmudi.co.id/mobil-bekas-dijual/indonesia_banten?page_size=25&page_number=59"
2368,"https://www.carmudi.co.id/mobil-bekas-dijual/indonesia_jawa-barat?page_size=25&page_number=59",59,"indonesia_jawa-barat?page_size=25&page_number=59","https://www.carmudi.co.id/mobil-bekas-dijual/indonesia_jawa-barat?page_size=25&page_number=59"
2369,"https://www.carmudi.co.id/mobil-bekas-dijual/indonesia_jawa-timur?page_size=25&page_number=59",59,"indonesia_jawa-timur?page_size=25&page_number=59","https://www.carmudi.co.id/mobil-bekas-dijual/indonesia_jawa-timur?page_size=25&page_number=59"
2370,"https://www.carmudi.co.id/mobil-bekas-dijual/indonesia_jawa-tengah?page_size=25&page_number=59",59,"indonesia_jawa-tengah?page_size=25&page_number=59","https://www.carmudi.co.id/mobil-bekas-dijual/indonesia_jawa-tengah?page_size=25&page_number=59"
2371,"https://www.carmudi.co.id/mobil-bekas-dijual/indonesia_yogyakarta?page_size=25&page_number=59",59,"indonesia_yogyakarta?page_size=25&page_number=59","https://www.carmudi.co.id/mobil-bekas-dijual/indonesia_yogyakarta?page_size=25&page_number=59"
2372,"https://www.carmudi.co.id/mobil-bekas-dijual/indonesia_sumatera-utara?page_size=25&page_number=59",59,"indonesia_sumatera-utara?page_size=25&page_number=59","https://www.carmudi.co.id/mobil-bekas-dijual/indonesia_sumatera-utara?page_size=25&page_number=59"
2373,"https://www.carmudi.co.id/mobil-bekas-dijual/indonesia_bali?page_size=25&page_number=59",59,"indonesia_bali?page_size=25&page_number=59","https://www.carmudi.co.id/mobil-bekas-dijual/indonesia_bali?page_size=25&page_number=59"
2374,"https://www.carmudi.co.id/mobil-bekas-dijual/indonesia_lampung?page_size=25&page_number=59",59,"indonesia_lampung?page_size=25&page_number=59","https://www.carmudi.co.id/mobil-bekas-dijual/indonesia_lampung?page_size=25&page_number=59"
2375,"https://www.carmudi.co.id/mobil-bekas-dijual/indonesia_gorontalo?page_size=25&page_number=59",59,"indonesia_gorontalo?page_size=25&page_number=59","https://www.carmudi.co.id/mobil-bekas-dijual/indonesia_gorontalo?page_size=25&page_number=59"
2376,"https://www.carmudi.co.id/mobil-bekas-dijual/indonesia_riau?page_size=25&page_number=59",59,"indonesia_riau?page_size=25&page_number=59","https://www.carmudi.co.id/mobil-bekas-dijual/indonesia_riau?page_size=25&page_number=59"
2377,"https://www.carmudi.co.id/mobil-bekas-dijual/indonesia_sumatera-selatan?page_size=25&page_number=59",59,"indonesia_sumatera-selatan?page_size=25&page_number=59","https://www.carmudi.co.id/mobil-bekas-dijual/indonesia_sumatera-selatan?page_size=25&page_number=59"
2378,"https://www.carmudi.co.id/mobil-bekas-dijual/indonesia_sumatera-barat?page_size=25&page_number=59",59,"indonesia_sumatera-barat?page_size=25&page_number=59","https://www.carmudi.co.id/mobil-bekas-dijual/indonesia_sumatera-barat?page_size=25&page_number=59"
2379,"https://www.carmudi.co.id/mobil-bekas-dijual/indonesia_jambi?page_size=25&page_number=59",59,"indonesia_jambi?page_size=25&page_number=59","https://www.carmudi.co.id/mobil-bekas-dijual/indonesia_jambi?page_size=25&page_number=59"
2380,"https://www.carmudi.co.id/mobil-bekas-dijual/indonesia_sulawesi-selatan?page_size=25&page_number=59",59,"indonesia_sulawesi-selatan?page_size=25&page_number=59","https://www.carmudi.co.id/mobil-bekas-dijual/indonesia_sulawesi-selatan?page_size=25&page_number=59"
2381,"https://www.carmudi.co.id/mobil-bekas-dijual/indonesia_nangroe-aceh-darussalam?page_size=25&page_number=59",59,"indonesia_nangroe-aceh-darussalam?page_size=25&page_number=59","https://www.carmudi.co.id/mobil-bekas-dijual/indonesia_nangroe-aceh-darussalam?page_size=25&page_number=59"
2382,"https://www.carmudi.co.id/mobil-bekas-dijual/indonesia_sulawesi-utara?page_size=25&page_number=59",59,"indonesia_sulawesi-utara?page_size=25&page_number=59","https://www.carmudi.co.id/mobil-bekas-dijual/indonesia_sulawesi-utara?page_size=25&page_number=59"
2383,"https://www.carmudi.co.id/mobil-bekas-dijual/indonesia_kalimantan-timur?page_size=25&page_number=59",59,"indonesia_kalimantan-timur?page_size=25&page_number=59","https://www.carmudi.co.id/mobil-bekas-dijual/indonesia_kalimantan-timur?page_size=25&page_number=59"
2384,"https://www.carmudi.co.id/mobil-bekas-dijual/indonesia_nusa-tenggara-barat?page_size=25&page_number=59",59,"indonesia_nusa-tenggara-barat?page_size=25&page_number=59","https://www.carmudi.co.id/mobil-bekas-dijual/indonesia_nusa-tenggara-barat?page_size=25&page_number=59"
2385,"https://www.carmudi.co.id/mobil-bekas-dijual/indonesia_sulawesi-tengah?page_size=25&page_number=59",59,"indonesia_sulawesi-tengah?page_size=25&page_number=59","https://www.carmudi.co.id/mobil-bekas-dijual/indonesia_sulawesi-tengah?page_size=25&page_number=59"
2386,"https://www.carmudi.co.id/mobil-bekas-dijual/indonesia_kalimantan-barat?page_size=25&page_number=59",59,"indonesia_kalimantan-barat?page_size=25&page_number=59","https://www.carmudi.co.id/mobil-bekas-dijual/indonesia_kalimantan-barat?page_size=25&page_number=59"
2387,"https://www.carmudi.co.id/mobil-bekas-dijual/indonesia_maluku?page_size=25&page_number=59",59,"indonesia_maluku?page_size=25&page_number=59","https://www.carmudi.co.id/mobil-bekas-dijual/indonesia_maluku?page_size=25&page_number=59"
2388,"https://www.carmudi.co.id/mobil-bekas-dijual/indonesia_maluku-utara?page_size=25&page_number=59",59,"indonesia_maluku-utara?page_size=25&page_number=59","https://www.carmudi.co.id/mobil-bekas-dijual/indonesia_maluku-utara?page_size=25&page_number=59"
2389,"https://www.carmudi.co.id/mobil-bekas-dijual/indonesia_sulawesi-barat?page_size=25&page_number=59",59,"indonesia_sulawesi-barat?page_size=25&page_number=59","https://www.carmudi.co.id/mobil-bekas-dijual/indonesia_sulawesi-barat?page_size=25&page_number=59"
2390,"https://www.carmudi.co.id/mobil-bekas-dijual/indonesia_sulawesi-tenggara?page_size=25&page_number=59",59,"indonesia_sulawesi-tenggara?page_size=25&page_number=59","https://www.carmudi.co.id/mobil-bekas-dijual/indonesia_sulawesi-tenggara?page_size=25&page_number=59"
2391,"https://www.carmudi.co.id/mobil-bekas-dijual/indonesia?page_number=60&page_size=25",60,"indonesia?page_number=60&page_size=25","https://www.carmudi.co.id/mobil-bekas-dijual/indonesia?page_number=60&page_size=25"
2392,"https://www.carmudi.co.id/mobil-bekas-dijual/indonesia?page_size=25&page_number=60",60,"indonesia?page_size=25&page_number=60","https://www.carmudi.co.id/mobil-bekas-dijual/indonesia?page_size=25&page_number=60"
2393,"https://www.carmudi.co.id/mobil-bekas-dijual/indonesia?transmission=automatic&page_size=25&page_number=60",60,"indonesia?transmission=automatic&page_size=25&page_number=60","https://www.carmudi.co.id/mobil-bekas-dijual/indonesia?transmission=automatic&page_size=25&page_number=60"
2394,"https://www.carmudi.co.id/mobil-bekas-dijual/indonesia?transmission=manual&page_size=25&page_number=60",60,"indonesia?transmission=manual&page_size=25&page_number=60","https://www.carmudi.co.id/mobil-bekas-dijual/indonesia?transmission=manual&page_size=25&page_number=60"
2395,"https://www.carmudi.co.id/mobil-bekas-dijual/indonesia?page_size=25&page_number=60&sort=best.match",60,"indonesia?page_size=25&page_number=60&sort=best.match","https://www.carmudi.co.id/mobil-bekas-dijual/indonesia?page_size=25&page_number=60&sort=best.match"
2396,"https://www.carmudi.co.id/mobil-bekas-dijual/indonesia?page_size=25&page_number=60&sort=modification_date_search.desc",60,"indonesia?page_size=25&page_number=60&sort=modification_date_search.desc","https://www.carmudi.co.id/mobil-bekas-dijual/indonesia?page_size=25&page_number=60&sort=modification_date_search.desc"
2397,"https://www.carmudi.co.id/mobil-bekas-dijual/indonesia?page_size=25&page_number=60&sort=price.asc",60,"indonesia?page_size=25&page_number=60&sort=price.asc","https://www.carmudi.co.id/mobil-bekas-dijual/indonesia?page_size=25&page_number=60&sort=price.asc"
2398,"https://www.carmudi.co.id/mobil-bekas-dijual/indonesia?page_size=25&page_number=60&sort=price.desc",60,"indonesia?page_size=25&page_number=60&sort=price.desc","https://www.carmudi.co.id/mobil-bekas-dijual/indonesia?page_size=25&page_number=60&sort=price.desc"
2399,"https://www.carmudi.co.id/mobil-bekas-dijual/indonesia?page_size=25&page_number=60&sort=year.desc",60,"indonesia?page_size=25&page_number=60&sort=year.desc","https://www.carmudi.co.id/mobil-bekas-dijual/indonesia?page_size=25&page_number=60&sort=year.desc"
2400,"https://www.carmudi.co.id/mobil-bekas-dijual/indonesia?page_size=25&page_number=60&sort=year.asc",60,"indonesia?page_size=25&page_number=60&sort=year.asc","https://www.carmudi.co.id/mobil-bekas-dijual/indonesia?page_size=25&page_number=60&sort=year.asc"
2401,"https://www.carmudi.co.id/mobil-bekas-dijual/indonesia?page_size=25&page_number=60&sort=mileage.asc",60,"indonesia?page_size=25&page_number=60&sort=mileage.asc","https://www.carmudi.co.id/mobil-bekas-dijual/indonesia?page_size=25&page_number=60&sort=mileage.asc"
2402,"https://www.carmudi.co.id/mobil-bekas-dijual/indonesia?page_size=25&page_number=60&sort=mileage.desc",60,"indonesia?page_size=25&page_number=60&sort=mileage.desc","https://www.carmudi.co.id/mobil-bekas-dijual/indonesia?page_size=25&page_number=60&sort=mileage.desc"
2403,"https://www.carmudi.co.id/mobil-bekas-dijual/indonesia_jabodetabek?page_size=25&page_number=60",60,"indonesia_jabodetabek?page_size=25&page_number=60","https://www.carmudi.co.id/mobil-bekas-dijual/indonesia_jabodetabek?page_size=25&page_number=60"
2404,"https://www.carmudi.co.id/mobil-bekas-dijual/indonesia_dki-jakarta?page_size=25&page_number=60",60,"indonesia_dki-jakarta?page_size=25&page_number=60","https://www.carmudi.co.id/mobil-bekas-dijual/indonesia_dki-jakarta?page_size=25&page_number=60"
2405,"https://www.carmudi.co.id/mobil-bekas-dijual/indonesia_banten?page_size=25&page_number=60",60,"indonesia_banten?page_size=25&page_number=60","https://www.carmudi.co.id/mobil-bekas-dijual/indonesia_banten?page_size=25&page_number=60"
2406,"https://www.carmudi.co.id/mobil-bekas-dijual/indonesia_jawa-barat?page_size=25&page_number=60",60,"indonesia_jawa-barat?page_size=25&page_number=60","https://www.carmudi.co.id/mobil-bekas-dijual/indonesia_jawa-barat?page_size=25&page_number=60"
2407,"https://www.carmudi.co.id/mobil-bekas-dijual/indonesia_jawa-timur?page_size=25&page_number=60",60,"indonesia_jawa-timur?page_size=25&page_number=60","https://www.carmudi.co.id/mobil-bekas-dijual/indonesia_jawa-timur?page_size=25&page_number=60"
2408,"https://www.carmudi.co.id/mobil-bekas-dijual/indonesia_jawa-tengah?page_size=25&page_number=60",60,"indonesia_jawa-tengah?page_size=25&page_number=60","https://www.carmudi.co.id/mobil-bekas-dijual/indonesia_jawa-tengah?page_size=25&page_number=60"
2409,"https://www.carmudi.co.id/mobil-bekas-dijual/indonesia_yogyakarta?page_size=25&page_number=60",60,"indonesia_yogyakarta?page_size=25&page_number=60","https://www.carmudi.co.id/mobil-bekas-dijual/indonesia_yogyakarta?page_size=25&page_number=60"
2410,"https://www.carmudi.co.id/mobil-bekas-dijual/indonesia_sumatera-utara?page_size=25&page_number=60",60,"indonesia_sumatera-utara?page_size=25&page_number=60","https://www.carmudi.co.id/mobil-bekas-dijual/indonesia_sumatera-utara?page_size=25&page_number=60"
2411,"https://www.carmudi.co.id/mobil-bekas-dijual/indonesia_bali?page_size=25&page_number=60",60,"indonesia_bali?page_size=25&page_number=60","https://www.carmudi.co.id/mobil-bekas-dijual/indonesia_bali?page_size=25&page_number=60"
2412,"https://www.carmudi.co.id/mobil-bekas-dijual/indonesia_lampung?page_size=25&page_number=60",60,"indonesia_lampung?page_size=25&page_number=60","https://www.carmudi.co.id/mobil-bekas-dijual/indonesia_lampung?page_size=25&page_number=60"
2413,"https://www.carmudi.co.id/mobil-bekas-dijual/indonesia_gorontalo?page_size=25&page_number=60",60,"indonesia_gorontalo?page_size=25&page_number=60","https://www.carmudi.co.id/mobil-bekas-dijual/indonesia_gorontalo?page_size=25&page_number=60"
2414,"https://www.carmudi.co.id/mobil-bekas-dijual/indonesia_riau?page_size=25&page_number=60",60,"indonesia_riau?page_size=25&page_number=60","https://www.carmudi.co.id/mobil-bekas-dijual/indonesia_riau?page_size=25&page_number=60"
2415,"https://www.carmudi.co.id/mobil-bekas-dijual/indonesia_sumatera-selatan?page_size=25&page_number=60",60,"indonesia_sumatera-selatan?page_size=25&page_number=60","https://www.carmudi.co.id/mobil-bekas-dijual/indonesia_sumatera-selatan?page_size=25&page_number=60"
2416,"https://www.carmudi.co.id/mobil-bekas-dijual/indonesia_sumatera-barat?page_size=25&page_number=60",60,"indonesia_sumatera-barat?page_size=25&page_number=60","https://www.carmudi.co.id/mobil-bekas-dijual/indonesia_sumatera-barat?page_size=25&page_number=60"
2417,"https://www.carmudi.co.id/mobil-bekas-dijual/indonesia_jambi?page_size=25&page_number=60",60,"indonesia_jambi?page_size=25&page_number=60","https://www.carmudi.co.id/mobil-bekas-dijual/indonesia_jambi?page_size=25&page_number=60"
2418,"https://www.carmudi.co.id/mobil-bekas-dijual/indonesia_sulawesi-selatan?page_size=25&page_number=60",60,"indonesia_sulawesi-selatan?page_size=25&page_number=60","https://www.carmudi.co.id/mobil-bekas-dijual/indonesia_sulawesi-selatan?page_size=25&page_number=60"
2419,"https://www.carmudi.co.id/mobil-bekas-dijual/indonesia_nangroe-aceh-darussalam?page_size=25&page_number=60",60,"indonesia_nangroe-aceh-darussalam?page_size=25&page_number=60","https://www.carmudi.co.id/mobil-bekas-dijual/indonesia_nangroe-aceh-darussalam?page_size=25&page_number=60"
2420,"https://www.carmudi.co.id/mobil-bekas-dijual/indonesia_sulawesi-utara?page_size=25&page_number=60",60,"indonesia_sulawesi-utara?page_size=25&page_number=60","https://www.carmudi.co.id/mobil-bekas-dijual/indonesia_sulawesi-utara?page_size=25&page_number=60"
2421,"https://www.carmudi.co.id/mobil-bekas-dijual/indonesia_kalimantan-timur?page_size=25&page_number=60",60,"indonesia_kalimantan-timur?page_size=25&page_number=60","https://www.carmudi.co.id/mobil-bekas-dijual/indonesia_kalimantan-timur?page_size=25&page_number=60"
2422,"https://www.carmudi.co.id/mobil-bekas-dijual/indonesia_nusa-tenggara-barat?page_size=25&page_number=60",60,"indonesia_nusa-tenggara-barat?page_size=25&page_number=60","https://www.carmudi.co.id/mobil-bekas-dijual/indonesia_nusa-tenggara-barat?page_size=25&page_number=60"
2423,"https://www.carmudi.co.id/mobil-bekas-dijual/indonesia_sulawesi-tengah?page_size=25&page_number=60",60,"indonesia_sulawesi-tengah?page_size=25&page_number=60","https://www.carmudi.co.id/mobil-bekas-dijual/indonesia_sulawesi-tengah?page_size=25&page_number=60"
2424,"https://www.carmudi.co.id/mobil-bekas-dijual/indonesia_kalimantan-barat?page_size=25&page_number=60",60,"indonesia_kalimantan-barat?page_size=25&page_number=60","https://www.carmudi.co.id/mobil-bekas-dijual/indonesia_kalimantan-barat?page_size=25&page_number=60"
2425,"https://www.carmudi.co.id/mobil-bekas-dijual/indonesia_maluku?page_size=25&page_number=60",60,"indonesia_maluku?page_size=25&page_number=60","https://www.carmudi.co.id/mobil-bekas-dijual/indonesia_maluku?page_size=25&page_number=60"
2426,"https://www.carmudi.co.id/mobil-bekas-dijual/indonesia_maluku-utara?page_size=25&page_number=60",60,"indonesia_maluku-utara?page_size=25&page_number=60","https://www.carmudi.co.id/mobil-bekas-dijual/indonesia_maluku-utara?page_size=25&page_number=60"
2427,"https://www.carmudi.co.id/mobil-bekas-dijual/indonesia_sulawesi-barat?page_size=25&page_number=60",60,"indonesia_sulawesi-barat?page_size=25&page_number=60","https://www.carmudi.co.id/mobil-bekas-dijual/indonesia_sulawesi-barat?page_size=25&page_number=60"
2428,"https://www.carmudi.co.id/mobil-bekas-dijual/indonesia_sulawesi-tenggara?page_size=25&page_number=60",60,"indonesia_sulawesi-tenggara?page_size=25&page_number=60","https://www.carmudi.co.id/mobil-bekas-dijual/indonesia_sulawesi-tenggara?page_size=25&page_number=60"
2429,"https://www.carmudi.co.id/mobil-bekas-dijual/indonesia?page_number=61&page_size=25",61,"indonesia?page_number=61&page_size=25","https://www.carmudi.co.id/mobil-bekas-dijual/indonesia?page_number=61&page_size=25"
2430,"https://www.carmudi.co.id/mobil-bekas-dijual/indonesia?page_size=25&page_number=61",61,"indonesia?page_size=25&page_number=61","https://www.carmudi.co.id/mobil-bekas-dijual/indonesia?page_size=25&page_number=61"
2431,"https://www.carmudi.co.id/mobil-bekas-dijual/indonesia?transmission=automatic&page_size=25&page_number=61",61,"indonesia?transmission=automatic&page_size=25&page_number=61","https://www.carmudi.co.id/mobil-bekas-dijual/indonesia?transmission=automatic&page_size=25&page_number=61"
2432,"https://www.carmudi.co.id/mobil-bekas-dijual/indonesia?transmission=manual&page_size=25&page_number=61",61,"indonesia?transmission=manual&page_size=25&page_number=61","https://www.carmudi.co.id/mobil-bekas-dijual/indonesia?transmission=manual&page_size=25&page_number=61"
2433,"https://www.carmudi.co.id/mobil-bekas-dijual/indonesia?page_size=25&page_number=61&sort=best.match",61,"indonesia?page_size=25&page_number=61&sort=best.match","https://www.carmudi.co.id/mobil-bekas-dijual/indonesia?page_size=25&page_number=61&sort=best.match"
2434,"https://www.carmudi.co.id/mobil-bekas-dijual/indonesia?page_size=25&page_number=61&sort=modification_date_search.desc",61,"indonesia?page_size=25&page_number=61&sort=modification_date_search.desc","https://www.carmudi.co.id/mobil-bekas-dijual/indonesia?page_size=25&page_number=61&sort=modification_date_search.desc"
2435,"https://www.carmudi.co.id/mobil-bekas-dijual/indonesia?page_size=25&page_number=61&sort=price.asc",61,"indonesia?page_size=25&page_number=61&sort=price.asc","https://www.carmudi.co.id/mobil-bekas-dijual/indonesia?page_size=25&page_number=61&sort=price.asc"
2436,"https://www.carmudi.co.id/mobil-bekas-dijual/indonesia?page_size=25&page_number=61&sort=price.desc",61,"indonesia?page_size=25&page_number=61&sort=price.desc","https://www.carmudi.co.id/mobil-bekas-dijual/indonesia?page_size=25&page_number=61&sort=price.desc"
2437,"https://www.carmudi.co.id/mobil-bekas-dijual/indonesia?page_size=25&page_number=61&sort=year.desc",61,"indonesia?page_size=25&page_number=61&sort=year.desc","https://www.carmudi.co.id/mobil-bekas-dijual/indonesia?page_size=25&page_number=61&sort=year.desc"
2438,"https://www.carmudi.co.id/mobil-bekas-dijual/indonesia?page_size=25&page_number=61&sort=year.asc",61,"indonesia?page_size=25&page_number=61&sort=year.asc","https://www.carmudi.co.id/mobil-bekas-dijual/indonesia?page_size=25&page_number=61&sort=year.asc"
2439,"https://www.carmudi.co.id/mobil-bekas-dijual/indonesia?page_size=25&page_number=61&sort=mileage.asc",61,"indonesia?page_size=25&page_number=61&sort=mileage.asc","https://www.carmudi.co.id/mobil-bekas-dijual/indonesia?page_size=25&page_number=61&sort=mileage.asc"
2440,"https://www.carmudi.co.id/mobil-bekas-dijual/indonesia?page_size=25&page_number=61&sort=mileage.desc",61,"indonesia?page_size=25&page_number=61&sort=mileage.desc","https://www.carmudi.co.id/mobil-bekas-dijual/indonesia?page_size=25&page_number=61&sort=mileage.desc"
2441,"https://www.carmudi.co.id/mobil-bekas-dijual/indonesia_jabodetabek?page_size=25&page_number=61",61,"indonesia_jabodetabek?page_size=25&page_number=61","https://www.carmudi.co.id/mobil-bekas-dijual/indonesia_jabodetabek?page_size=25&page_number=61"
2442,"https://www.carmudi.co.id/mobil-bekas-dijual/indonesia_dki-jakarta?page_size=25&page_number=61",61,"indonesia_dki-jakarta?page_size=25&page_number=61","https://www.carmudi.co.id/mobil-bekas-dijual/indonesia_dki-jakarta?page_size=25&page_number=61"
2443,"https://www.carmudi.co.id/mobil-bekas-dijual/indonesia_banten?page_size=25&page_number=61",61,"indonesia_banten?page_size=25&page_number=61","https://www.carmudi.co.id/mobil-bekas-dijual/indonesia_banten?page_size=25&page_number=61"
2444,"https://www.carmudi.co.id/mobil-bekas-dijual/indonesia_jawa-barat?page_size=25&page_number=61",61,"indonesia_jawa-barat?page_size=25&page_number=61","https://www.carmudi.co.id/mobil-bekas-dijual/indonesia_jawa-barat?page_size=25&page_number=61"
2445,"https://www.carmudi.co.id/mobil-bekas-dijual/indonesia_jawa-timur?page_size=25&page_number=61",61,"indonesia_jawa-timur?page_size=25&page_number=61","https://www.carmudi.co.id/mobil-bekas-dijual/indonesia_jawa-timur?page_size=25&page_number=61"
2446,"https://www.carmudi.co.id/mobil-bekas-dijual/indonesia_jawa-tengah?page_size=25&page_number=61",61,"indonesia_jawa-tengah?page_size=25&page_number=61","https://www.carmudi.co.id/mobil-bekas-dijual/indonesia_jawa-tengah?page_size=25&page_number=61"
2447,"https://www.carmudi.co.id/mobil-bekas-dijual/indonesia_yogyakarta?page_size=25&page_number=61",61,"indonesia_yogyakarta?page_size=25&page_number=61","https://www.carmudi.co.id/mobil-bekas-dijual/indonesia_yogyakarta?page_size=25&page_number=61"
2448,"https://www.carmudi.co.id/mobil-bekas-dijual/indonesia_sumatera-utara?page_size=25&page_number=61",61,"indonesia_sumatera-utara?page_size=25&page_number=61","https://www.carmudi.co.id/mobil-bekas-dijual/indonesia_sumatera-utara?page_size=25&page_number=61"
2449,"https://www.carmudi.co.id/mobil-bekas-dijual/indonesia_bali?page_size=25&page_number=61",61,"indonesia_bali?page_size=25&page_number=61","https://www.carmudi.co.id/mobil-bekas-dijual/indonesia_bali?page_size=25&page_number=61"
2450,"https://www.carmudi.co.id/mobil-bekas-dijual/indonesia_lampung?page_size=25&page_number=61",61,"indonesia_lampung?page_size=25&page_number=61","https://www.carmudi.co.id/mobil-bekas-dijual/indonesia_lampung?page_size=25&page_number=61"
2451,"https://www.carmudi.co.id/mobil-bekas-dijual/indonesia_gorontalo?page_size=25&page_number=61",61,"indonesia_gorontalo?page_size=25&page_number=61","https://www.carmudi.co.id/mobil-bekas-dijual/indonesia_gorontalo?page_size=25&page_number=61"
2452,"https://www.carmudi.co.id/mobil-bekas-dijual/indonesia_riau?page_size=25&page_number=61",61,"indonesia_riau?page_size=25&page_number=61","https://www.carmudi.co.id/mobil-bekas-dijual/indonesia_riau?page_size=25&page_number=61"
2453,"https://www.carmudi.co.id/mobil-bekas-dijual/indonesia_sumatera-selatan?page_size=25&page_number=61",61,"indonesia_sumatera-selatan?page_size=25&page_number=61","https://www.carmudi.co.id/mobil-bekas-dijual/indonesia_sumatera-selatan?page_size=25&page_number=61"
2454,"https://www.carmudi.co.id/mobil-bekas-dijual/indonesia_sumatera-barat?page_size=25&page_number=61",61,"indonesia_sumatera-barat?page_size=25&page_number=61","https://www.carmudi.co.id/mobil-bekas-dijual/indonesia_sumatera-barat?page_size=25&page_number=61"
2455,"https://www.carmudi.co.id/mobil-bekas-dijual/indonesia_jambi?page_size=25&page_number=61",61,"indonesia_jambi?page_size=25&page_number=61","https://www.carmudi.co.id/mobil-bekas-dijual/indonesia_jambi?page_size=25&page_number=61"
2456,"https://www.carmudi.co.id/mobil-bekas-dijual/indonesia_sulawesi-selatan?page_size=25&page_number=61",61,"indonesia_sulawesi-selatan?page_size=25&page_number=61","https://www.carmudi.co.id/mobil-bekas-dijual/indonesia_sulawesi-selatan?page_size=25&page_number=61"
2457,"https://www.carmudi.co.id/mobil-bekas-dijual/indonesia_nangroe-aceh-darussalam?page_size=25&page_number=61",61,"indonesia_nangroe-aceh-darussalam?page_size=25&page_number=61","https://www.carmudi.co.id/mobil-bekas-dijual/indonesia_nangroe-aceh-darussalam?page_size=25&page_number=61"
2458,"https://www.carmudi.co.id/mobil-bekas-dijual/indonesia_sulawesi-utara?page_size=25&page_number=61",61,"indonesia_sulawesi-utara?page_size=25&page_number=61","https://www.carmudi.co.id/mobil-bekas-dijual/indonesia_sulawesi-utara?page_size=25&page_number=61"
2459,"https://www.carmudi.co.id/mobil-bekas-dijual/indonesia_kalimantan-timur?page_size=25&page_number=61",61,"indonesia_kalimantan-timur?page_size=25&page_number=61","https://www.carmudi.co.id/mobil-bekas-dijual/indonesia_kalimantan-timur?page_size=25&page_number=61"
2460,"https://www.carmudi.co.id/mobil-bekas-dijual/indonesia_nusa-tenggara-barat?page_size=25&page_number=61",61,"indonesia_nusa-tenggara-barat?page_size=25&page_number=61","https://www.carmudi.co.id/mobil-bekas-dijual/indonesia_nusa-tenggara-barat?page_size=25&page_number=61"
2461,"https://www.carmudi.co.id/mobil-bekas-dijual/indonesia_sulawesi-tengah?page_size=25&page_number=61",61,"indonesia_sulawesi-tengah?page_size=25&page_number=61","https://www.carmudi.co.id/mobil-bekas-dijual/indonesia_sulawesi-tengah?page_size=25&page_number=61"
2462,"https://www.carmudi.co.id/mobil-bekas-dijual/indonesia_kalimantan-barat?page_size=25&page_number=61",61,"indonesia_kalimantan-barat?page_size=25&page_number=61","https://www.carmudi.co.id/mobil-bekas-dijual/indonesia_kalimantan-barat?page_size=25&page_number=61"
2463,"https://www.carmudi.co.id/mobil-bekas-dijual/indonesia_maluku?page_size=25&page_number=61",61,"indonesia_maluku?page_size=25&page_number=61","https://www.carmudi.co.id/mobil-bekas-dijual/indonesia_maluku?page_size=25&page_number=61"
2464,"https://www.carmudi.co.id/mobil-bekas-dijual/indonesia_maluku-utara?page_size=25&page_number=61",61,"indonesia_maluku-utara?page_size=25&page_number=61","https://www.carmudi.co.id/mobil-bekas-dijual/indonesia_maluku-utara?page_size=25&page_number=61"
2465,"https://www.carmudi.co.id/mobil-bekas-dijual/indonesia_sulawesi-barat?page_size=25&page_number=61",61,"indonesia_sulawesi-barat?page_size=25&page_number=61","https://www.carmudi.co.id/mobil-bekas-dijual/indonesia_sulawesi-barat?page_size=25&page_number=61"
2466,"https://www.carmudi.co.id/mobil-bekas-dijual/indonesia_sulawesi-tenggara?page_size=25&page_number=61",61,"indonesia_sulawesi-tenggara?page_size=25&page_number=61","https://www.carmudi.co.id/mobil-bekas-dijual/indonesia_sulawesi-tenggara?page_size=25&page_number=61"
2467,"https://www.carmudi.co.id/mobil-bekas-dijual/indonesia?page_number=62&page_size=25",62,"indonesia?page_number=62&page_size=25","https://www.carmudi.co.id/mobil-bekas-dijual/indonesia?page_number=62&page_size=25"
2468,"https://www.carmudi.co.id/mobil-bekas-dijual/indonesia?page_size=25&page_number=62",62,"indonesia?page_size=25&page_number=62","https://www.carmudi.co.id/mobil-bekas-dijual/indonesia?page_size=25&page_number=62"
2469,"https://www.carmudi.co.id/mobil-bekas-dijual/indonesia?transmission=automatic&page_size=25&page_number=62",62,"indonesia?transmission=automatic&page_size=25&page_number=62","https://www.carmudi.co.id/mobil-bekas-dijual/indonesia?transmission=automatic&page_size=25&page_number=62"
2470,"https://www.carmudi.co.id/mobil-bekas-dijual/indonesia?transmission=manual&page_size=25&page_number=62",62,"indonesia?transmission=manual&page_size=25&page_number=62","https://www.carmudi.co.id/mobil-bekas-dijual/indonesia?transmission=manual&page_size=25&page_number=62"
2471,"https://www.carmudi.co.id/mobil-bekas-dijual/indonesia?page_size=25&page_number=62&sort=best.match",62,"indonesia?page_size=25&page_number=62&sort=best.match","https://www.carmudi.co.id/mobil-bekas-dijual/indonesia?page_size=25&page_number=62&sort=best.match"
2472,"https://www.carmudi.co.id/mobil-bekas-dijual/indonesia?page_size=25&page_number=62&sort=modification_date_search.desc",62,"indonesia?page_size=25&page_number=62&sort=modification_date_search.desc","https://www.carmudi.co.id/mobil-bekas-dijual/indonesia?page_size=25&page_number=62&sort=modification_date_search.desc"
2473,"https://www.carmudi.co.id/mobil-bekas-dijual/indonesia?page_size=25&page_number=62&sort=price.asc",62,"indonesia?page_size=25&page_number=62&sort=price.asc","https://www.carmudi.co.id/mobil-bekas-dijual/indonesia?page_size=25&page_number=62&sort=price.asc"
2474,"https://www.carmudi.co.id/mobil-bekas-dijual/indonesia?page_size=25&page_number=62&sort=price.desc",62,"indonesia?page_size=25&page_number=62&sort=price.desc","https://www.carmudi.co.id/mobil-bekas-dijual/indonesia?page_size=25&page_number=62&sort=price.desc"
2475,"https://www.carmudi.co.id/mobil-bekas-dijual/indonesia?page_size=25&page_number=62&sort=year.desc",62,"indonesia?page_size=25&page_number=62&sort=year.desc","https://www.carmudi.co.id/mobil-bekas-dijual/indonesia?page_size=25&page_number=62&sort=year.desc"
2476,"https://www.carmudi.co.id/mobil-bekas-dijual/indonesia?page_size=25&page_number=62&sort=year.asc",62,"indonesia?page_size=25&page_number=62&sort=year.asc","https://www.carmudi.co.id/mobil-bekas-dijual/indonesia?page_size=25&page_number=62&sort=year.asc"
2477,"https://www.carmudi.co.id/mobil-bekas-dijual/indonesia?page_size=25&page_number=62&sort=mileage.asc",62,"indonesia?page_size=25&page_number=62&sort=mileage.asc","https://www.carmudi.co.id/mobil-bekas-dijual/indonesia?page_size=25&page_number=62&sort=mileage.asc"
2478,"https://www.carmudi.co.id/mobil-bekas-dijual/indonesia?page_size=25&page_number=62&sort=mileage.desc",62,"indonesia?page_size=25&page_number=62&sort=mileage.desc","https://www.carmudi.co.id/mobil-bekas-dijual/indonesia?page_size=25&page_number=62&sort=mileage.desc"
2479,"https://www.carmudi.co.id/mobil-bekas-dijual/indonesia_jabodetabek?page_size=25&page_number=62",62,"indonesia_jabodetabek?page_size=25&page_number=62","https://www.carmudi.co.id/mobil-bekas-dijual/indonesia_jabodetabek?page_size=25&page_number=62"
2480,"https://www.carmudi.co.id/mobil-bekas-dijual/indonesia_dki-jakarta?page_size=25&page_number=62",62,"indonesia_dki-jakarta?page_size=25&page_number=62","https://www.carmudi.co.id/mobil-bekas-dijual/indonesia_dki-jakarta?page_size=25&page_number=62"
2481,"https://www.carmudi.co.id/mobil-bekas-dijual/indonesia_banten?page_size=25&page_number=62",62,"indonesia_banten?page_size=25&page_number=62","https://www.carmudi.co.id/mobil-bekas-dijual/indonesia_banten?page_size=25&page_number=62"
2482,"https://www.carmudi.co.id/mobil-bekas-dijual/indonesia_jawa-barat?page_size=25&page_number=62",62,"indonesia_jawa-barat?page_size=25&page_number=62","https://www.carmudi.co.id/mobil-bekas-dijual/indonesia_jawa-barat?page_size=25&page_number=62"
2483,"https://www.carmudi.co.id/mobil-bekas-dijual/indonesia_jawa-timur?page_size=25&page_number=62",62,"indonesia_jawa-timur?page_size=25&page_number=62","https://www.carmudi.co.id/mobil-bekas-dijual/indonesia_jawa-timur?page_size=25&page_number=62"
2484,"https://www.carmudi.co.id/mobil-bekas-dijual/indonesia_jawa-tengah?page_size=25&page_number=62",62,"indonesia_jawa-tengah?page_size=25&page_number=62","https://www.carmudi.co.id/mobil-bekas-dijual/indonesia_jawa-tengah?page_size=25&page_number=62"
2485,"https://www.carmudi.co.id/mobil-bekas-dijual/indonesia_yogyakarta?page_size=25&page_number=62",62,"indonesia_yogyakarta?page_size=25&page_number=62","https://www.carmudi.co.id/mobil-bekas-dijual/indonesia_yogyakarta?page_size=25&page_number=62"
2486,"https://www.carmudi.co.id/mobil-bekas-dijual/indonesia_sumatera-utara?page_size=25&page_number=62",62,"indonesia_sumatera-utara?page_size=25&page_number=62","https://www.carmudi.co.id/mobil-bekas-dijual/indonesia_sumatera-utara?page_size=25&page_number=62"
2487,"https://www.carmudi.co.id/mobil-bekas-dijual/indonesia_bali?page_size=25&page_number=62",62,"indonesia_bali?page_size=25&page_number=62","https://www.carmudi.co.id/mobil-bekas-dijual/indonesia_bali?page_size=25&page_number=62"
2488,"https://www.carmudi.co.id/mobil-bekas-dijual/indonesia_lampung?page_size=25&page_number=62",62,"indonesia_lampung?page_size=25&page_number=62","https://www.carmudi.co.id/mobil-bekas-dijual/indonesia_lampung?page_size=25&page_number=62"
2489,"https://www.carmudi.co.id/mobil-bekas-dijual/indonesia_gorontalo?page_size=25&page_number=62",62,"indonesia_gorontalo?page_size=25&page_number=62","https://www.carmudi.co.id/mobil-bekas-dijual/indonesia_gorontalo?page_size=25&page_number=62"
2490,"https://www.carmudi.co.id/mobil-bekas-dijual/indonesia_riau?page_size=25&page_number=62",62,"indonesia_riau?page_size=25&page_number=62","https://www.carmudi.co.id/mobil-bekas-dijual/indonesia_riau?page_size=25&page_number=62"
2491,"https://www.carmudi.co.id/mobil-bekas-dijual/indonesia_sumatera-selatan?page_size=25&page_number=62",62,"indonesia_sumatera-selatan?page_size=25&page_number=62","https://www.carmudi.co.id/mobil-bekas-dijual/indonesia_sumatera-selatan?page_size=25&page_number=62"
2492,"https://www.carmudi.co.id/mobil-bekas-dijual/indonesia_sumatera-barat?page_size=25&page_number=62",62,"indonesia_sumatera-barat?page_size=25&page_number=62","https://www.carmudi.co.id/mobil-bekas-dijual/indonesia_sumatera-barat?page_size=25&page_number=62"
2493,"https://www.carmudi.co.id/mobil-bekas-dijual/indonesia_jambi?page_size=25&page_number=62",62,"indonesia_jambi?page_size=25&page_number=62","https://www.carmudi.co.id/mobil-bekas-dijual/indonesia_jambi?page_size=25&page_number=62"
2494,"https://www.carmudi.co.id/mobil-bekas-dijual/indonesia_sulawesi-selatan?page_size=25&page_number=62",62,"indonesia_sulawesi-selatan?page_size=25&page_number=62","https://www.carmudi.co.id/mobil-bekas-dijual/indonesia_sulawesi-selatan?page_size=25&page_number=62"
2495,"https://www.carmudi.co.id/mobil-bekas-dijual/indonesia_nangroe-aceh-darussalam?page_size=25&page_number=62",62,"indonesia_nangroe-aceh-darussalam?page_size=25&page_number=62","https://www.carmudi.co.id/mobil-bekas-dijual/indonesia_nangroe-aceh-darussalam?page_size=25&page_number=62"
2496,"https://www.carmudi.co.id/mobil-bekas-dijual/indonesia_sulawesi-utara?page_size=25&page_number=62",62,"indonesia_sulawesi-utara?page_size=25&page_number=62","https://www.carmudi.co.id/mobil-bekas-dijual/indonesia_sulawesi-utara?page_size=25&page_number=62"
2497,"https://www.carmudi.co.id/mobil-bekas-dijual/indonesia_kalimantan-timur?page_size=25&page_number=62",62,"indonesia_kalimantan-timur?page_size=25&page_number=62","https://www.carmudi.co.id/mobil-bekas-dijual/indonesia_kalimantan-timur?page_size=25&page_number=62"
2498,"https://www.carmudi.co.id/mobil-bekas-dijual/indonesia_nusa-tenggara-barat?page_size=25&page_number=62",62,"indonesia_nusa-tenggara-barat?page_size=25&page_number=62","https://www.carmudi.co.id/mobil-bekas-dijual/indonesia_nusa-tenggara-barat?page_size=25&page_number=62"
2499,"https://www.carmudi.co.id/mobil-bekas-dijual/indonesia_sulawesi-tengah?page_size=25&page_number=62",62,"indonesia_sulawesi-tengah?page_size=25&page_number=62","https://www.carmudi.co.id/mobil-bekas-dijual/indonesia_sulawesi-tengah?page_size=25&page_number=62"
2500,"https://www.carmudi.co.id/mobil-bekas-dijual/indonesia_kalimantan-barat?page_size=25&page_number=62",62,"indonesia_kalimantan-barat?page_size=25&page_number=62","https://www.carmudi.co.id/mobil-bekas-dijual/indonesia_kalimantan-barat?page_size=25&page_number=62"
2501,"https://www.carmudi.co.id/mobil-bekas-dijual/indonesia_maluku?page_size=25&page_number=62",62,"indonesia_maluku?page_size=25&page_number=62","https://www.carmudi.co.id/mobil-bekas-dijual/indonesia_maluku?page_size=25&page_number=62"
2502,"https://www.carmudi.co.id/mobil-bekas-dijual/indonesia_maluku-utara?page_size=25&page_number=62",62,"indonesia_maluku-utara?page_size=25&page_number=62","https://www.carmudi.co.id/mobil-bekas-dijual/indonesia_maluku-utara?page_size=25&page_number=62"
2503,"https://www.carmudi.co.id/mobil-bekas-dijual/indonesia_sulawesi-barat?page_size=25&page_number=62",62,"indonesia_sulawesi-barat?page_size=25&page_number=62","https://www.carmudi.co.id/mobil-bekas-dijual/indonesia_sulawesi-barat?page_size=25&page_number=62"
2504,"https://www.carmudi.co.id/mobil-bekas-dijual/indonesia_sulawesi-tenggara?page_size=25&page_number=62",62,"indonesia_sulawesi-tenggara?page_size=25&page_number=62","https://www.carmudi.co.id/mobil-bekas-dijual/indonesia_sulawesi-tenggara?page_size=25&page_number=62"
2505,"https://www.carmudi.co.id/mobil-bekas-dijual/indonesia?page_number=63&page_size=25",63,"indonesia?page_number=63&page_size=25","https://www.carmudi.co.id/mobil-bekas-dijual/indonesia?page_number=63&page_size=25"
2506,"https://www.carmudi.co.id/mobil-bekas-dijual/indonesia?page_size=25&page_number=63",63,"indonesia?page_size=25&page_number=63","https://www.carmudi.co.id/mobil-bekas-dijual/indonesia?page_size=25&page_number=63"
2507,"https://www.carmudi.co.id/mobil-bekas-dijual/indonesia?transmission=automatic&page_size=25&page_number=63",63,"indonesia?transmission=automatic&page_size=25&page_number=63","https://www.carmudi.co.id/mobil-bekas-dijual/indonesia?transmission=automatic&page_size=25&page_number=63"
2508,"https://www.carmudi.co.id/mobil-bekas-dijual/indonesia?transmission=manual&page_size=25&page_number=63",63,"indonesia?transmission=manual&page_size=25&page_number=63","https://www.carmudi.co.id/mobil-bekas-dijual/indonesia?transmission=manual&page_size=25&page_number=63"
2509,"https://www.carmudi.co.id/mobil-bekas-dijual/indonesia?page_size=25&page_number=63&sort=best.match",63,"indonesia?page_size=25&page_number=63&sort=best.match","https://www.carmudi.co.id/mobil-bekas-dijual/indonesia?page_size=25&page_number=63&sort=best.match"
2510,"https://www.carmudi.co.id/mobil-bekas-dijual/indonesia?page_size=25&page_number=63&sort=modification_date_search.desc",63,"indonesia?page_size=25&page_number=63&sort=modification_date_search.desc","https://www.carmudi.co.id/mobil-bekas-dijual/indonesia?page_size=25&page_number=63&sort=modification_date_search.desc"
2511,"https://www.carmudi.co.id/mobil-bekas-dijual/indonesia?page_size=25&page_number=63&sort=price.asc",63,"indonesia?page_size=25&page_number=63&sort=price.asc","https://www.carmudi.co.id/mobil-bekas-dijual/indonesia?page_size=25&page_number=63&sort=price.asc"
2512,"https://www.carmudi.co.id/mobil-bekas-dijual/indonesia?page_size=25&page_number=63&sort=price.desc",63,"indonesia?page_size=25&page_number=63&sort=price.desc","https://www.carmudi.co.id/mobil-bekas-dijual/indonesia?page_size=25&page_number=63&sort=price.desc"
2513,"https://www.carmudi.co.id/mobil-bekas-dijual/indonesia?page_size=25&page_number=63&sort=year.desc",63,"indonesia?page_size=25&page_number=63&sort=year.desc","https://www.carmudi.co.id/mobil-bekas-dijual/indonesia?page_size=25&page_number=63&sort=year.desc"
2514,"https://www.carmudi.co.id/mobil-bekas-dijual/indonesia?page_size=25&page_number=63&sort=year.asc",63,"indonesia?page_size=25&page_number=63&sort=year.asc","https://www.carmudi.co.id/mobil-bekas-dijual/indonesia?page_size=25&page_number=63&sort=year.asc"
2515,"https://www.carmudi.co.id/mobil-bekas-dijual/indonesia?page_size=25&page_number=63&sort=mileage.asc",63,"indonesia?page_size=25&page_number=63&sort=mileage.asc","https://www.carmudi.co.id/mobil-bekas-dijual/indonesia?page_size=25&page_number=63&sort=mileage.asc"
2516,"https://www.carmudi.co.id/mobil-bekas-dijual/indonesia?page_size=25&page_number=63&sort=mileage.desc",63,"indonesia?page_size=25&page_number=63&sort=mileage.desc","https://www.carmudi.co.id/mobil-bekas-dijual/indonesia?page_size=25&page_number=63&sort=mileage.desc"
2517,"https://www.carmudi.co.id/mobil-bekas-dijual/indonesia_jabodetabek?page_size=25&page_number=63",63,"indonesia_jabodetabek?page_size=25&page_number=63","https://www.carmudi.co.id/mobil-bekas-dijual/indonesia_jabodetabek?page_size=25&page_number=63"
2518,"https://www.carmudi.co.id/mobil-bekas-dijual/indonesia_dki-jakarta?page_size=25&page_number=63",63,"indonesia_dki-jakarta?page_size=25&page_number=63","https://www.carmudi.co.id/mobil-bekas-dijual/indonesia_dki-jakarta?page_size=25&page_number=63"
2519,"https://www.carmudi.co.id/mobil-bekas-dijual/indonesia_banten?page_size=25&page_number=63",63,"indonesia_banten?page_size=25&page_number=63","https://www.carmudi.co.id/mobil-bekas-dijual/indonesia_banten?page_size=25&page_number=63"
2520,"https://www.carmudi.co.id/mobil-bekas-dijual/indonesia_jawa-barat?page_size=25&page_number=63",63,"indonesia_jawa-barat?page_size=25&page_number=63","https://www.carmudi.co.id/mobil-bekas-dijual/indonesia_jawa-barat?page_size=25&page_number=63"
2521,"https://www.carmudi.co.id/mobil-bekas-dijual/indonesia_jawa-timur?page_size=25&page_number=63",63,"indonesia_jawa-timur?page_size=25&page_number=63","https://www.carmudi.co.id/mobil-bekas-dijual/indonesia_jawa-timur?page_size=25&page_number=63"
2522,"https://www.carmudi.co.id/mobil-bekas-dijual/indonesia_jawa-tengah?page_size=25&page_number=63",63,"indonesia_jawa-tengah?page_size=25&page_number=63","https://www.carmudi.co.id/mobil-bekas-dijual/indonesia_jawa-tengah?page_size=25&page_number=63"
2523,"https://www.carmudi.co.id/mobil-bekas-dijual/indonesia_yogyakarta?page_size=25&page_number=63",63,"indonesia_yogyakarta?page_size=25&page_number=63","https://www.carmudi.co.id/mobil-bekas-dijual/indonesia_yogyakarta?page_size=25&page_number=63"
2524,"https://www.carmudi.co.id/mobil-bekas-dijual/indonesia_sumatera-utara?page_size=25&page_number=63",63,"indonesia_sumatera-utara?page_size=25&page_number=63","https://www.carmudi.co.id/mobil-bekas-dijual/indonesia_sumatera-utara?page_size=25&page_number=63"
2525,"https://www.carmudi.co.id/mobil-bekas-dijual/indonesia_bali?page_size=25&page_number=63",63,"indonesia_bali?page_size=25&page_number=63","https://www.carmudi.co.id/mobil-bekas-dijual/indonesia_bali?page_size=25&page_number=63"
2526,"https://www.carmudi.co.id/mobil-bekas-dijual/indonesia_lampung?page_size=25&page_number=63",63,"indonesia_lampung?page_size=25&page_number=63","https://www.carmudi.co.id/mobil-bekas-dijual/indonesia_lampung?page_size=25&page_number=63"
2527,"https://www.carmudi.co.id/mobil-bekas-dijual/indonesia_gorontalo?page_size=25&page_number=63",63,"indonesia_gorontalo?page_size=25&page_number=63","https://www.carmudi.co.id/mobil-bekas-dijual/indonesia_gorontalo?page_size=25&page_number=63"
2528,"https://www.carmudi.co.id/mobil-bekas-dijual/indonesia_riau?page_size=25&page_number=63",63,"indonesia_riau?page_size=25&page_number=63","https://www.carmudi.co.id/mobil-bekas-dijual/indonesia_riau?page_size=25&page_number=63"
2529,"https://www.carmudi.co.id/mobil-bekas-dijual/indonesia_sumatera-selatan?page_size=25&page_number=63",63,"indonesia_sumatera-selatan?page_size=25&page_number=63","https://www.carmudi.co.id/mobil-bekas-dijual/indonesia_sumatera-selatan?page_size=25&page_number=63"
2530,"https://www.carmudi.co.id/mobil-bekas-dijual/indonesia_sumatera-barat?page_size=25&page_number=63",63,"indonesia_sumatera-barat?page_size=25&page_number=63","https://www.carmudi.co.id/mobil-bekas-dijual/indonesia_sumatera-barat?page_size=25&page_number=63"
2531,"https://www.carmudi.co.id/mobil-bekas-dijual/indonesia_jambi?page_size=25&page_number=63",63,"indonesia_jambi?page_size=25&page_number=63","https://www.carmudi.co.id/mobil-bekas-dijual/indonesia_jambi?page_size=25&page_number=63"
2532,"https://www.carmudi.co.id/mobil-bekas-dijual/indonesia_sulawesi-selatan?page_size=25&page_number=63",63,"indonesia_sulawesi-selatan?page_size=25&page_number=63","https://www.carmudi.co.id/mobil-bekas-dijual/indonesia_sulawesi-selatan?page_size=25&page_number=63"
2533,"https://www.carmudi.co.id/mobil-bekas-dijual/indonesia_nangroe-aceh-darussalam?page_size=25&page_number=63",63,"indonesia_nangroe-aceh-darussalam?page_size=25&page_number=63","https://www.carmudi.co.id/mobil-bekas-dijual/indonesia_nangroe-aceh-darussalam?page_size=25&page_number=63"
2534,"https://www.carmudi.co.id/mobil-bekas-dijual/indonesia_sulawesi-utara?page_size=25&page_number=63",63,"indonesia_sulawesi-utara?page_size=25&page_number=63","https://www.carmudi.co.id/mobil-bekas-dijual/indonesia_sulawesi-utara?page_size=25&page_number=63"
2535,"https://www.carmudi.co.id/mobil-bekas-dijual/indonesia_kalimantan-timur?page_size=25&page_number=63",63,"indonesia_kalimantan-timur?page_size=25&page_number=63","https://www.carmudi.co.id/mobil-bekas-dijual/indonesia_kalimantan-timur?page_size=25&page_number=63"
2536,"https://www.carmudi.co.id/mobil-bekas-dijual/indonesia_nusa-tenggara-barat?page_size=25&page_number=63",63,"indonesia_nusa-tenggara-barat?page_size=25&page_number=63","https://www.carmudi.co.id/mobil-bekas-dijual/indonesia_nusa-tenggara-barat?page_size=25&page_number=63"
2537,"https://www.carmudi.co.id/mobil-bekas-dijual/indonesia_sulawesi-tengah?page_size=25&page_number=63",63,"indonesia_sulawesi-tengah?page_size=25&page_number=63","https://www.carmudi.co.id/mobil-bekas-dijual/indonesia_sulawesi-tengah?page_size=25&page_number=63"
2538,"https://www.carmudi.co.id/mobil-bekas-dijual/indonesia_kalimantan-barat?page_size=25&page_number=63",63,"indonesia_kalimantan-barat?page_size=25&page_number=63","https://www.carmudi.co.id/mobil-bekas-dijual/indonesia_kalimantan-barat?page_size=25&page_number=63"
2539,"https://www.carmudi.co.id/mobil-bekas-dijual/indonesia_maluku?page_size=25&page_number=63",63,"indonesia_maluku?page_size=25&page_number=63","https://www.carmudi.co.id/mobil-bekas-dijual/indonesia_maluku?page_size=25&page_number=63"
2540,"https://www.carmudi.co.id/mobil-bekas-dijual/indonesia_maluku-utara?page_size=25&page_number=63",63,"indonesia_maluku-utara?page_size=25&page_number=63","https://www.carmudi.co.id/mobil-bekas-dijual/indonesia_maluku-utara?page_size=25&page_number=63"
2541,"https://www.carmudi.co.id/mobil-bekas-dijual/indonesia_sulawesi-barat?page_size=25&page_number=63",63,"indonesia_sulawesi-barat?page_size=25&page_number=63","https://www.carmudi.co.id/mobil-bekas-dijual/indonesia_sulawesi-barat?page_size=25&page_number=63"
2542,"https://www.carmudi.co.id/mobil-bekas-dijual/indonesia_sulawesi-tenggara?page_size=25&page_number=63",63,"indonesia_sulawesi-tenggara?page_size=25&page_number=63","https://www.carmudi.co.id/mobil-bekas-dijual/indonesia_sulawesi-tenggara?page_size=25&page_number=63"
2543,"https://www.carmudi.co.id/mobil-bekas-dijual/indonesia?page_number=64&page_size=25",64,"indonesia?page_number=64&page_size=25","https://www.carmudi.co.id/mobil-bekas-dijual/indonesia?page_number=64&page_size=25"
2544,"https://www.carmudi.co.id/mobil-bekas-dijual/indonesia?page_size=25&page_number=64",64,"indonesia?page_size=25&page_number=64","https://www.carmudi.co.id/mobil-bekas-dijual/indonesia?page_size=25&page_number=64"
2545,"https://www.carmudi.co.id/mobil-bekas-dijual/indonesia?transmission=automatic&page_size=25&page_number=64",64,"indonesia?transmission=automatic&page_size=25&page_number=64","https://www.carmudi.co.id/mobil-bekas-dijual/indonesia?transmission=automatic&page_size=25&page_number=64"
2546,"https://www.carmudi.co.id/mobil-bekas-dijual/indonesia?transmission=manual&page_size=25&page_number=64",64,"indonesia?transmission=manual&page_size=25&page_number=64","https://www.carmudi.co.id/mobil-bekas-dijual/indonesia?transmission=manual&page_size=25&page_number=64"
2547,"https://www.carmudi.co.id/mobil-bekas-dijual/indonesia?page_size=25&page_number=64&sort=best.match",64,"indonesia?page_size=25&page_number=64&sort=best.match","https://www.carmudi.co.id/mobil-bekas-dijual/indonesia?page_size=25&page_number=64&sort=best.match"
2548,"https://www.carmudi.co.id/mobil-bekas-dijual/indonesia?page_size=25&page_number=64&sort=modification_date_search.desc",64,"indonesia?page_size=25&page_number=64&sort=modification_date_search.desc","https://www.carmudi.co.id/mobil-bekas-dijual/indonesia?page_size=25&page_number=64&sort=modification_date_search.desc"
2549,"https://www.carmudi.co.id/mobil-bekas-dijual/indonesia?page_size=25&page_number=64&sort=price.asc",64,"indonesia?page_size=25&page_number=64&sort=price.asc","https://www.carmudi.co.id/mobil-bekas-dijual/indonesia?page_size=25&page_number=64&sort=price.asc"
2550,"https://www.carmudi.co.id/mobil-bekas-dijual/indonesia?page_size=25&page_number=64&sort=price.desc",64,"indonesia?page_size=25&page_number=64&sort=price.desc","https://www.carmudi.co.id/mobil-bekas-dijual/indonesia?page_size=25&page_number=64&sort=price.desc"
2551,"https://www.carmudi.co.id/mobil-bekas-dijual/indonesia?page_size=25&page_number=64&sort=year.desc",64,"indonesia?page_size=25&page_number=64&sort=year.desc","https://www.carmudi.co.id/mobil-bekas-dijual/indonesia?page_size=25&page_number=64&sort=year.desc"
2552,"https://www.carmudi.co.id/mobil-bekas-dijual/indonesia?page_size=25&page_number=64&sort=year.asc",64,"indonesia?page_size=25&page_number=64&sort=year.asc","https://www.carmudi.co.id/mobil-bekas-dijual/indonesia?page_size=25&page_number=64&sort=year.asc"
2553,"https://www.carmudi.co.id/mobil-bekas-dijual/indonesia?page_size=25&page_number=64&sort=mileage.asc",64,"indonesia?page_size=25&page_number=64&sort=mileage.asc","https://www.carmudi.co.id/mobil-bekas-dijual/indonesia?page_size=25&page_number=64&sort=mileage.asc"
2554,"https://www.carmudi.co.id/mobil-bekas-dijual/indonesia?page_size=25&page_number=64&sort=mileage.desc",64,"indonesia?page_size=25&page_number=64&sort=mileage.desc","https://www.carmudi.co.id/mobil-bekas-dijual/indonesia?page_size=25&page_number=64&sort=mileage.desc"
2555,"https://www.carmudi.co.id/mobil-bekas-dijual/indonesia_jabodetabek?page_size=25&page_number=64",64,"indonesia_jabodetabek?page_size=25&page_number=64","https://www.carmudi.co.id/mobil-bekas-dijual/indonesia_jabodetabek?page_size=25&page_number=64"
2556,"https://www.carmudi.co.id/mobil-bekas-dijual/indonesia_dki-jakarta?page_size=25&page_number=64",64,"indonesia_dki-jakarta?page_size=25&page_number=64","https://www.carmudi.co.id/mobil-bekas-dijual/indonesia_dki-jakarta?page_size=25&page_number=64"
2557,"https://www.carmudi.co.id/mobil-bekas-dijual/indonesia_banten?page_size=25&page_number=64",64,"indonesia_banten?page_size=25&page_number=64","https://www.carmudi.co.id/mobil-bekas-dijual/indonesia_banten?page_size=25&page_number=64"
2558,"https://www.carmudi.co.id/mobil-bekas-dijual/indonesia_jawa-barat?page_size=25&page_number=64",64,"indonesia_jawa-barat?page_size=25&page_number=64","https://www.carmudi.co.id/mobil-bekas-dijual/indonesia_jawa-barat?page_size=25&page_number=64"
2559,"https://www.carmudi.co.id/mobil-bekas-dijual/indonesia_jawa-timur?page_size=25&page_number=64",64,"indonesia_jawa-timur?page_size=25&page_number=64","https://www.carmudi.co.id/mobil-bekas-dijual/indonesia_jawa-timur?page_size=25&page_number=64"
2560,"https://www.carmudi.co.id/mobil-bekas-dijual/indonesia_jawa-tengah?page_size=25&page_number=64",64,"indonesia_jawa-tengah?page_size=25&page_number=64","https://www.carmudi.co.id/mobil-bekas-dijual/indonesia_jawa-tengah?page_size=25&page_number=64"
2561,"https://www.carmudi.co.id/mobil-bekas-dijual/indonesia_yogyakarta?page_size=25&page_number=64",64,"indonesia_yogyakarta?page_size=25&page_number=64","https://www.carmudi.co.id/mobil-bekas-dijual/indonesia_yogyakarta?page_size=25&page_number=64"
2562,"https://www.carmudi.co.id/mobil-bekas-dijual/indonesia_sumatera-utara?page_size=25&page_number=64",64,"indonesia_sumatera-utara?page_size=25&page_number=64","https://www.carmudi.co.id/mobil-bekas-dijual/indonesia_sumatera-utara?page_size=25&page_number=64"
2563,"https://www.carmudi.co.id/mobil-bekas-dijual/indonesia_bali?page_size=25&page_number=64",64,"indonesia_bali?page_size=25&page_number=64","https://www.carmudi.co.id/mobil-bekas-dijual/indonesia_bali?page_size=25&page_number=64"
2564,"https://www.carmudi.co.id/mobil-bekas-dijual/indonesia_lampung?page_size=25&page_number=64",64,"indonesia_lampung?page_size=25&page_number=64","https://www.carmudi.co.id/mobil-bekas-dijual/indonesia_lampung?page_size=25&page_number=64"
2565,"https://www.carmudi.co.id/mobil-bekas-dijual/indonesia_gorontalo?page_size=25&page_number=64",64,"indonesia_gorontalo?page_size=25&page_number=64","https://www.carmudi.co.id/mobil-bekas-dijual/indonesia_gorontalo?page_size=25&page_number=64"
2566,"https://www.carmudi.co.id/mobil-bekas-dijual/indonesia_riau?page_size=25&page_number=64",64,"indonesia_riau?page_size=25&page_number=64","https://www.carmudi.co.id/mobil-bekas-dijual/indonesia_riau?page_size=25&page_number=64"
2567,"https://www.carmudi.co.id/mobil-bekas-dijual/indonesia_sumatera-selatan?page_size=25&page_number=64",64,"indonesia_sumatera-selatan?page_size=25&page_number=64","https://www.carmudi.co.id/mobil-bekas-dijual/indonesia_sumatera-selatan?page_size=25&page_number=64"
2568,"https://www.carmudi.co.id/mobil-bekas-dijual/indonesia_sumatera-barat?page_size=25&page_number=64",64,"indonesia_sumatera-barat?page_size=25&page_number=64","https://www.carmudi.co.id/mobil-bekas-dijual/indonesia_sumatera-barat?page_size=25&page_number=64"
2569,"https://www.carmudi.co.id/mobil-bekas-dijual/indonesia_jambi?page_size=25&page_number=64",64,"indonesia_jambi?page_size=25&page_number=64","https://www.carmudi.co.id/mobil-bekas-dijual/indonesia_jambi?page_size=25&page_number=64"
2570,"https://www.carmudi.co.id/mobil-bekas-dijual/indonesia_sulawesi-selatan?page_size=25&page_number=64",64,"indonesia_sulawesi-selatan?page_size=25&page_number=64","https://www.carmudi.co.id/mobil-bekas-dijual/indonesia_sulawesi-selatan?page_size=25&page_number=64"
2571,"https://www.carmudi.co.id/mobil-bekas-dijual/indonesia_nangroe-aceh-darussalam?page_size=25&page_number=64",64,"indonesia_nangroe-aceh-darussalam?page_size=25&page_number=64","https://www.carmudi.co.id/mobil-bekas-dijual/indonesia_nangroe-aceh-darussalam?page_size=25&page_number=64"
2572,"https://www.carmudi.co.id/mobil-bekas-dijual/indonesia_sulawesi-utara?page_size=25&page_number=64",64,"indonesia_sulawesi-utara?page_size=25&page_number=64","https://www.carmudi.co.id/mobil-bekas-dijual/indonesia_sulawesi-utara?page_size=25&page_number=64"
2573,"https://www.carmudi.co.id/mobil-bekas-dijual/indonesia_kalimantan-timur?page_size=25&page_number=64",64,"indonesia_kalimantan-timur?page_size=25&page_number=64","https://www.carmudi.co.id/mobil-bekas-dijual/indonesia_kalimantan-timur?page_size=25&page_number=64"
2574,"https://www.carmudi.co.id/mobil-bekas-dijual/indonesia_nusa-tenggara-barat?page_size=25&page_number=64",64,"indonesia_nusa-tenggara-barat?page_size=25&page_number=64","https://www.carmudi.co.id/mobil-bekas-dijual/indonesia_nusa-tenggara-barat?page_size=25&page_number=64"
2575,"https://www.carmudi.co.id/mobil-bekas-dijual/indonesia_sulawesi-tengah?page_size=25&page_number=64",64,"indonesia_sulawesi-tengah?page_size=25&page_number=64","https://www.carmudi.co.id/mobil-bekas-dijual/indonesia_sulawesi-tengah?page_size=25&page_number=64"
2576,"https://www.carmudi.co.id/mobil-bekas-dijual/indonesia_kalimantan-barat?page_size=25&page_number=64",64,"indonesia_kalimantan-barat?page_size=25&page_number=64","https://www.carmudi.co.id/mobil-bekas-dijual/indonesia_kalimantan-barat?page_size=25&page_number=64"
2577,"https://www.carmudi.co.id/mobil-bekas-dijual/indonesia_maluku?page_size=25&page_number=64",64,"indonesia_maluku?page_size=25&page_number=64","https://www.carmudi.co.id/mobil-bekas-dijual/indonesia_maluku?page_size=25&page_number=64"
2578,"https://www.carmudi.co.id/mobil-bekas-dijual/indonesia_maluku-utara?page_size=25&page_number=64",64,"indonesia_maluku-utara?page_size=25&page_number=64","https://www.carmudi.co.id/mobil-bekas-dijual/indonesia_maluku-utara?page_size=25&page_number=64"
2579,"https://www.carmudi.co.id/mobil-bekas-dijual/indonesia_sulawesi-barat?page_size=25&page_number=64",64,"indonesia_sulawesi-barat?page_size=25&page_number=64","https://www.carmudi.co.id/mobil-bekas-dijual/indonesia_sulawesi-barat?page_size=25&page_number=64"
2580,"https://www.carmudi.co.id/mobil-bekas-dijual/indonesia_sulawesi-tenggara?page_size=25&page_number=64",64,"indonesia_sulawesi-tenggara?page_size=25&page_number=64","https://www.carmudi.co.id/mobil-bekas-dijual/indonesia_sulawesi-tenggara?page_size=25&page_number=64"
2581,"https://www.carmudi.co.id/mobil-bekas-dijual/indonesia?page_number=65&page_size=25",65,"indonesia?page_number=65&page_size=25","https://www.carmudi.co.id/mobil-bekas-dijual/indonesia?page_number=65&page_size=25"
2582,"https://www.carmudi.co.id/mobil-bekas-dijual/indonesia?page_size=25&page_number=65",65,"indonesia?page_size=25&page_number=65","https://www.carmudi.co.id/mobil-bekas-dijual/indonesia?page_size=25&page_number=65"
2583,"https://www.carmudi.co.id/mobil-bekas-dijual/indonesia?transmission=automatic&page_size=25&page_number=65",65,"indonesia?transmission=automatic&page_size=25&page_number=65","https://www.carmudi.co.id/mobil-bekas-dijual/indonesia?transmission=automatic&page_size=25&page_number=65"
2584,"https://www.carmudi.co.id/mobil-bekas-dijual/indonesia?transmission=manual&page_size=25&page_number=65",65,"indonesia?transmission=manual&page_size=25&page_number=65","https://www.carmudi.co.id/mobil-bekas-dijual/indonesia?transmission=manual&page_size=25&page_number=65"
2585,"https://www.carmudi.co.id/mobil-bekas-dijual/indonesia?page_size=25&page_number=65&sort=best.match",65,"indonesia?page_size=25&page_number=65&sort=best.match","https://www.carmudi.co.id/mobil-bekas-dijual/indonesia?page_size=25&page_number=65&sort=best.match"
2586,"https://www.carmudi.co.id/mobil-bekas-dijual/indonesia?page_size=25&page_number=65&sort=modification_date_search.desc",65,"indonesia?page_size=25&page_number=65&sort=modification_date_search.desc","https://www.carmudi.co.id/mobil-bekas-dijual/indonesia?page_size=25&page_number=65&sort=modification_date_search.desc"
2587,"https://www.carmudi.co.id/mobil-bekas-dijual/indonesia?page_size=25&page_number=65&sort=price.asc",65,"indonesia?page_size=25&page_number=65&sort=price.asc","https://www.carmudi.co.id/mobil-bekas-dijual/indonesia?page_size=25&page_number=65&sort=price.asc"
2588,"https://www.carmudi.co.id/mobil-bekas-dijual/indonesia?page_size=25&page_number=65&sort=price.desc",65,"indonesia?page_size=25&page_number=65&sort=price.desc","https://www.carmudi.co.id/mobil-bekas-dijual/indonesia?page_size=25&page_number=65&sort=price.desc"
2589,"https://www.carmudi.co.id/mobil-bekas-dijual/indonesia?page_size=25&page_number=65&sort=year.desc",65,"indonesia?page_size=25&page_number=65&sort=year.desc","https://www.carmudi.co.id/mobil-bekas-dijual/indonesia?page_size=25&page_number=65&sort=year.desc"
2590,"https://www.carmudi.co.id/mobil-bekas-dijual/indonesia?page_size=25&page_number=65&sort=year.asc",65,"indonesia?page_size=25&page_number=65&sort=year.asc","https://www.carmudi.co.id/mobil-bekas-dijual/indonesia?page_size=25&page_number=65&sort=year.asc"
2591,"https://www.carmudi.co.id/mobil-bekas-dijual/indonesia?page_size=25&page_number=65&sort=mileage.asc",65,"indonesia?page_size=25&page_number=65&sort=mileage.asc","https://www.carmudi.co.id/mobil-bekas-dijual/indonesia?page_size=25&page_number=65&sort=mileage.asc"
2592,"https://www.carmudi.co.id/mobil-bekas-dijual/indonesia?page_size=25&page_number=65&sort=mileage.desc",65,"indonesia?page_size=25&page_number=65&sort=mileage.desc","https://www.carmudi.co.id/mobil-bekas-dijual/indonesia?page_size=25&page_number=65&sort=mileage.desc"
2593,"https://www.carmudi.co.id/mobil-bekas-dijual/indonesia_jabodetabek?page_size=25&page_number=65",65,"indonesia_jabodetabek?page_size=25&page_number=65","https://www.carmudi.co.id/mobil-bekas-dijual/indonesia_jabodetabek?page_size=25&page_number=65"
2594,"https://www.carmudi.co.id/mobil-bekas-dijual/indonesia_dki-jakarta?page_size=25&page_number=65",65,"indonesia_dki-jakarta?page_size=25&page_number=65","https://www.carmudi.co.id/mobil-bekas-dijual/indonesia_dki-jakarta?page_size=25&page_number=65"
2595,"https://www.carmudi.co.id/mobil-bekas-dijual/indonesia_banten?page_size=25&page_number=65",65,"indonesia_banten?page_size=25&page_number=65","https://www.carmudi.co.id/mobil-bekas-dijual/indonesia_banten?page_size=25&page_number=65"
2596,"https://www.carmudi.co.id/mobil-bekas-dijual/indonesia_jawa-barat?page_size=25&page_number=65",65,"indonesia_jawa-barat?page_size=25&page_number=65","https://www.carmudi.co.id/mobil-bekas-dijual/indonesia_jawa-barat?page_size=25&page_number=65"
2597,"https://www.carmudi.co.id/mobil-bekas-dijual/indonesia_jawa-timur?page_size=25&page_number=65",65,"indonesia_jawa-timur?page_size=25&page_number=65","https://www.carmudi.co.id/mobil-bekas-dijual/indonesia_jawa-timur?page_size=25&page_number=65"
2598,"https://www.carmudi.co.id/mobil-bekas-dijual/indonesia_jawa-tengah?page_size=25&page_number=65",65,"indonesia_jawa-tengah?page_size=25&page_number=65","https://www.carmudi.co.id/mobil-bekas-dijual/indonesia_jawa-tengah?page_size=25&page_number=65"
2599,"https://www.carmudi.co.id/mobil-bekas-dijual/indonesia_yogyakarta?page_size=25&page_number=65",65,"indonesia_yogyakarta?page_size=25&page_number=65","https://www.carmudi.co.id/mobil-bekas-dijual/indonesia_yogyakarta?page_size=25&page_number=65"
2600,"https://www.carmudi.co.id/mobil-bekas-dijual/indonesia_sumatera-utara?page_size=25&page_number=65",65,"indonesia_sumatera-utara?page_size=25&page_number=65","https://www.carmudi.co.id/mobil-bekas-dijual/indonesia_sumatera-utara?page_size=25&page_number=65"
2601,"https://www.carmudi.co.id/mobil-bekas-dijual/indonesia_bali?page_size=25&page_number=65",65,"indonesia_bali?page_size=25&page_number=65","https://www.carmudi.co.id/mobil-bekas-dijual/indonesia_bali?page_size=25&page_number=65"
2602,"https://www.carmudi.co.id/mobil-bekas-dijual/indonesia_lampung?page_size=25&page_number=65",65,"indonesia_lampung?page_size=25&page_number=65","https://www.carmudi.co.id/mobil-bekas-dijual/indonesia_lampung?page_size=25&page_number=65"
2603,"https://www.carmudi.co.id/mobil-bekas-dijual/indonesia_gorontalo?page_size=25&page_number=65",65,"indonesia_gorontalo?page_size=25&page_number=65","https://www.carmudi.co.id/mobil-bekas-dijual/indonesia_gorontalo?page_size=25&page_number=65"
2604,"https://www.carmudi.co.id/mobil-bekas-dijual/indonesia_riau?page_size=25&page_number=65",65,"indonesia_riau?page_size=25&page_number=65","https://www.carmudi.co.id/mobil-bekas-dijual/indonesia_riau?page_size=25&page_number=65"
2605,"https://www.carmudi.co.id/mobil-bekas-dijual/indonesia_sumatera-selatan?page_size=25&page_number=65",65,"indonesia_sumatera-selatan?page_size=25&page_number=65","https://www.carmudi.co.id/mobil-bekas-dijual/indonesia_sumatera-selatan?page_size=25&page_number=65"
2606,"https://www.carmudi.co.id/mobil-bekas-dijual/indonesia_sumatera-barat?page_size=25&page_number=65",65,"indonesia_sumatera-barat?page_size=25&page_number=65","https://www.carmudi.co.id/mobil-bekas-dijual/indonesia_sumatera-barat?page_size=25&page_number=65"
2607,"https://www.carmudi.co.id/mobil-bekas-dijual/indonesia_jambi?page_size=25&page_number=65",65,"indonesia_jambi?page_size=25&page_number=65","https://www.carmudi.co.id/mobil-bekas-dijual/indonesia_jambi?page_size=25&page_number=65"
2608,"https://www.carmudi.co.id/mobil-bekas-dijual/indonesia_sulawesi-selatan?page_size=25&page_number=65",65,"indonesia_sulawesi-selatan?page_size=25&page_number=65","https://www.carmudi.co.id/mobil-bekas-dijual/indonesia_sulawesi-selatan?page_size=25&page_number=65"
2609,"https://www.carmudi.co.id/mobil-bekas-dijual/indonesia_nangroe-aceh-darussalam?page_size=25&page_number=65",65,"indonesia_nangroe-aceh-darussalam?page_size=25&page_number=65","https://www.carmudi.co.id/mobil-bekas-dijual/indonesia_nangroe-aceh-darussalam?page_size=25&page_number=65"
2610,"https://www.carmudi.co.id/mobil-bekas-dijual/indonesia_sulawesi-utara?page_size=25&page_number=65",65,"indonesia_sulawesi-utara?page_size=25&page_number=65","https://www.carmudi.co.id/mobil-bekas-dijual/indonesia_sulawesi-utara?page_size=25&page_number=65"
2611,"https://www.carmudi.co.id/mobil-bekas-dijual/indonesia_kalimantan-timur?page_size=25&page_number=65",65,"indonesia_kalimantan-timur?page_size=25&page_number=65","https://www.carmudi.co.id/mobil-bekas-dijual/indonesia_kalimantan-timur?page_size=25&page_number=65"
2612,"https://www.carmudi.co.id/mobil-bekas-dijual/indonesia_nusa-tenggara-barat?page_size=25&page_number=65",65,"indonesia_nusa-tenggara-barat?page_size=25&page_number=65","https://www.carmudi.co.id/mobil-bekas-dijual/indonesia_nusa-tenggara-barat?page_size=25&page_number=65"
2613,"https://www.carmudi.co.id/mobil-bekas-dijual/indonesia_sulawesi-tengah?page_size=25&page_number=65",65,"indonesia_sulawesi-tengah?page_size=25&page_number=65","https://www.carmudi.co.id/mobil-bekas-dijual/indonesia_sulawesi-tengah?page_size=25&page_number=65"
2614,"https://www.carmudi.co.id/mobil-bekas-dijual/indonesia_kalimantan-barat?page_size=25&page_number=65",65,"indonesia_kalimantan-barat?page_size=25&page_number=65","https://www.carmudi.co.id/mobil-bekas-dijual/indonesia_kalimantan-barat?page_size=25&page_number=65"
2615,"https://www.carmudi.co.id/mobil-bekas-dijual/indonesia_maluku?page_size=25&page_number=65",65,"indonesia_maluku?page_size=25&page_number=65","https://www.carmudi.co.id/mobil-bekas-dijual/indonesia_maluku?page_size=25&page_number=65"
2616,"https://www.carmudi.co.id/mobil-bekas-dijual/indonesia_maluku-utara?page_size=25&page_number=65",65,"indonesia_maluku-utara?page_size=25&page_number=65","https://www.carmudi.co.id/mobil-bekas-dijual/indonesia_maluku-utara?page_size=25&page_number=65"
2617,"https://www.carmudi.co.id/mobil-bekas-dijual/indonesia_sulawesi-barat?page_size=25&page_number=65",65,"indonesia_sulawesi-barat?page_size=25&page_number=65","https://www.carmudi.co.id/mobil-bekas-dijual/indonesia_sulawesi-barat?page_size=25&page_number=65"
2618,"https://www.carmudi.co.id/mobil-bekas-dijual/indonesia_sulawesi-tenggara?page_size=25&page_number=65",65,"indonesia_sulawesi-tenggara?page_size=25&page_number=65","https://www.carmudi.co.id/mobil-bekas-dijual/indonesia_sulawesi-tenggara?page_size=25&page_number=65"
2619,"https://www.carmudi.co.id/mobil-bekas-dijual/indonesia?page_number=66&page_size=25",66,"indonesia?page_number=66&page_size=25","https://www.carmudi.co.id/mobil-bekas-dijual/indonesia?page_number=66&page_size=25"
2620,"https://www.carmudi.co.id/mobil-bekas-dijual/indonesia?page_size=25&page_number=66",66,"indonesia?page_size=25&page_number=66","https://www.carmudi.co.id/mobil-bekas-dijual/indonesia?page_size=25&page_number=66"
2621,"https://www.carmudi.co.id/mobil-bekas-dijual/indonesia?transmission=automatic&page_size=25&page_number=66",66,"indonesia?transmission=automatic&page_size=25&page_number=66","https://www.carmudi.co.id/mobil-bekas-dijual/indonesia?transmission=automatic&page_size=25&page_number=66"
2622,"https://www.carmudi.co.id/mobil-bekas-dijual/indonesia?transmission=manual&page_size=25&page_number=66",66,"indonesia?transmission=manual&page_size=25&page_number=66","https://www.carmudi.co.id/mobil-bekas-dijual/indonesia?transmission=manual&page_size=25&page_number=66"
2623,"https://www.carmudi.co.id/mobil-bekas-dijual/indonesia?page_size=25&page_number=66&sort=best.match",66,"indonesia?page_size=25&page_number=66&sort=best.match","https://www.carmudi.co.id/mobil-bekas-dijual/indonesia?page_size=25&page_number=66&sort=best.match"
2624,"https://www.carmudi.co.id/mobil-bekas-dijual/indonesia?page_size=25&page_number=66&sort=modification_date_search.desc",66,"indonesia?page_size=25&page_number=66&sort=modification_date_search.desc","https://www.carmudi.co.id/mobil-bekas-dijual/indonesia?page_size=25&page_number=66&sort=modification_date_search.desc"
2625,"https://www.carmudi.co.id/mobil-bekas-dijual/indonesia?page_size=25&page_number=66&sort=price.asc",66,"indonesia?page_size=25&page_number=66&sort=price.asc","https://www.carmudi.co.id/mobil-bekas-dijual/indonesia?page_size=25&page_number=66&sort=price.asc"
2626,"https://www.carmudi.co.id/mobil-bekas-dijual/indonesia?page_size=25&page_number=66&sort=price.desc",66,"indonesia?page_size=25&page_number=66&sort=price.desc","https://www.carmudi.co.id/mobil-bekas-dijual/indonesia?page_size=25&page_number=66&sort=price.desc"
2627,"https://www.carmudi.co.id/mobil-bekas-dijual/indonesia?page_size=25&page_number=66&sort=year.desc",66,"indonesia?page_size=25&page_number=66&sort=year.desc","https://www.carmudi.co.id/mobil-bekas-dijual/indonesia?page_size=25&page_number=66&sort=year.desc"
2628,"https://www.carmudi.co.id/mobil-bekas-dijual/indonesia?page_size=25&page_number=66&sort=year.asc",66,"indonesia?page_size=25&page_number=66&sort=year.asc","https://www.carmudi.co.id/mobil-bekas-dijual/indonesia?page_size=25&page_number=66&sort=year.asc"
2629,"https://www.carmudi.co.id/mobil-bekas-dijual/indonesia?page_size=25&page_number=66&sort=mileage.asc",66,"indonesia?page_size=25&page_number=66&sort=mileage.asc","https://www.carmudi.co.id/mobil-bekas-dijual/indonesia?page_size=25&page_number=66&sort=mileage.asc"
2630,"https://www.carmudi.co.id/mobil-bekas-dijual/indonesia?page_size=25&page_number=66&sort=mileage.desc",66,"indonesia?page_size=25&page_number=66&sort=mileage.desc","https://www.carmudi.co.id/mobil-bekas-dijual/indonesia?page_size=25&page_number=66&sort=mileage.desc"
2631,"https://www.carmudi.co.id/mobil-bekas-dijual/indonesia_jabodetabek?page_size=25&page_number=66",66,"indonesia_jabodetabek?page_size=25&page_number=66","https://www.carmudi.co.id/mobil-bekas-dijual/indonesia_jabodetabek?page_size=25&page_number=66"
2632,"https://www.carmudi.co.id/mobil-bekas-dijual/indonesia_dki-jakarta?page_size=25&page_number=66",66,"indonesia_dki-jakarta?page_size=25&page_number=66","https://www.carmudi.co.id/mobil-bekas-dijual/indonesia_dki-jakarta?page_size=25&page_number=66"
2633,"https://www.carmudi.co.id/mobil-bekas-dijual/indonesia_banten?page_size=25&page_number=66",66,"indonesia_banten?page_size=25&page_number=66","https://www.carmudi.co.id/mobil-bekas-dijual/indonesia_banten?page_size=25&page_number=66"
2634,"https://www.carmudi.co.id/mobil-bekas-dijual/indonesia_jawa-barat?page_size=25&page_number=66",66,"indonesia_jawa-barat?page_size=25&page_number=66","https://www.carmudi.co.id/mobil-bekas-dijual/indonesia_jawa-barat?page_size=25&page_number=66"
2635,"https://www.carmudi.co.id/mobil-bekas-dijual/indonesia_jawa-timur?page_size=25&page_number=66",66,"indonesia_jawa-timur?page_size=25&page_number=66","https://www.carmudi.co.id/mobil-bekas-dijual/indonesia_jawa-timur?page_size=25&page_number=66"
2636,"https://www.carmudi.co.id/mobil-bekas-dijual/indonesia_jawa-tengah?page_size=25&page_number=66",66,"indonesia_jawa-tengah?page_size=25&page_number=66","https://www.carmudi.co.id/mobil-bekas-dijual/indonesia_jawa-tengah?page_size=25&page_number=66"
2637,"https://www.carmudi.co.id/mobil-bekas-dijual/indonesia_yogyakarta?page_size=25&page_number=66",66,"indonesia_yogyakarta?page_size=25&page_number=66","https://www.carmudi.co.id/mobil-bekas-dijual/indonesia_yogyakarta?page_size=25&page_number=66"
2638,"https://www.carmudi.co.id/mobil-bekas-dijual/indonesia_sumatera-utara?page_size=25&page_number=66",66,"indonesia_sumatera-utara?page_size=25&page_number=66","https://www.carmudi.co.id/mobil-bekas-dijual/indonesia_sumatera-utara?page_size=25&page_number=66"
2639,"https://www.carmudi.co.id/mobil-bekas-dijual/indonesia_bali?page_size=25&page_number=66",66,"indonesia_bali?page_size=25&page_number=66","https://www.carmudi.co.id/mobil-bekas-dijual/indonesia_bali?page_size=25&page_number=66"
2640,"https://www.carmudi.co.id/mobil-bekas-dijual/indonesia_lampung?page_size=25&page_number=66",66,"indonesia_lampung?page_size=25&page_number=66","https://www.carmudi.co.id/mobil-bekas-dijual/indonesia_lampung?page_size=25&page_number=66"
2641,"https://www.carmudi.co.id/mobil-bekas-dijual/indonesia_gorontalo?page_size=25&page_number=66",66,"indonesia_gorontalo?page_size=25&page_number=66","https://www.carmudi.co.id/mobil-bekas-dijual/indonesia_gorontalo?page_size=25&page_number=66"
2642,"https://www.carmudi.co.id/mobil-bekas-dijual/indonesia_riau?page_size=25&page_number=66",66,"indonesia_riau?page_size=25&page_number=66","https://www.carmudi.co.id/mobil-bekas-dijual/indonesia_riau?page_size=25&page_number=66"
2643,"https://www.carmudi.co.id/mobil-bekas-dijual/indonesia_sumatera-selatan?page_size=25&page_number=66",66,"indonesia_sumatera-selatan?page_size=25&page_number=66","https://www.carmudi.co.id/mobil-bekas-dijual/indonesia_sumatera-selatan?page_size=25&page_number=66"
2644,"https://www.carmudi.co.id/mobil-bekas-dijual/indonesia_sumatera-barat?page_size=25&page_number=66",66,"indonesia_sumatera-barat?page_size=25&page_number=66","https://www.carmudi.co.id/mobil-bekas-dijual/indonesia_sumatera-barat?page_size=25&page_number=66"
2645,"https://www.carmudi.co.id/mobil-bekas-dijual/indonesia_jambi?page_size=25&page_number=66",66,"indonesia_jambi?page_size=25&page_number=66","https://www.carmudi.co.id/mobil-bekas-dijual/indonesia_jambi?page_size=25&page_number=66"
2646,"https://www.carmudi.co.id/mobil-bekas-dijual/indonesia_sulawesi-selatan?page_size=25&page_number=66",66,"indonesia_sulawesi-selatan?page_size=25&page_number=66","https://www.carmudi.co.id/mobil-bekas-dijual/indonesia_sulawesi-selatan?page_size=25&page_number=66"
2647,"https://www.carmudi.co.id/mobil-bekas-dijual/indonesia_nangroe-aceh-darussalam?page_size=25&page_number=66",66,"indonesia_nangroe-aceh-darussalam?page_size=25&page_number=66","https://www.carmudi.co.id/mobil-bekas-dijual/indonesia_nangroe-aceh-darussalam?page_size=25&page_number=66"
2648,"https://www.carmudi.co.id/mobil-bekas-dijual/indonesia_sulawesi-utara?page_size=25&page_number=66",66,"indonesia_sulawesi-utara?page_size=25&page_number=66","https://www.carmudi.co.id/mobil-bekas-dijual/indonesia_sulawesi-utara?page_size=25&page_number=66"
2649,"https://www.carmudi.co.id/mobil-bekas-dijual/indonesia_kalimantan-timur?page_size=25&page_number=66",66,"indonesia_kalimantan-timur?page_size=25&page_number=66","https://www.carmudi.co.id/mobil-bekas-dijual/indonesia_kalimantan-timur?page_size=25&page_number=66"
2650,"https://www.carmudi.co.id/mobil-bekas-dijual/indonesia_nusa-tenggara-barat?page_size=25&page_number=66",66,"indonesia_nusa-tenggara-barat?page_size=25&page_number=66","https://www.carmudi.co.id/mobil-bekas-dijual/indonesia_nusa-tenggara-barat?page_size=25&page_number=66"
2651,"https://www.carmudi.co.id/mobil-bekas-dijual/indonesia_sulawesi-tengah?page_size=25&page_number=66",66,"indonesia_sulawesi-tengah?page_size=25&page_number=66","https://www.carmudi.co.id/mobil-bekas-dijual/indonesia_sulawesi-tengah?page_size=25&page_number=66"
2652,"https://www.carmudi.co.id/mobil-bekas-dijual/indonesia_kalimantan-barat?page_size=25&page_number=66",66,"indonesia_kalimantan-barat?page_size=25&page_number=66","https://www.carmudi.co.id/mobil-bekas-dijual/indonesia_kalimantan-barat?page_size=25&page_number=66"
2653,"https://www.carmudi.co.id/mobil-bekas-dijual/indonesia_maluku?page_size=25&page_number=66",66,"indonesia_maluku?page_size=25&page_number=66","https://www.carmudi.co.id/mobil-bekas-dijual/indonesia_maluku?page_size=25&page_number=66"
2654,"https://www.carmudi.co.id/mobil-bekas-dijual/indonesia_maluku-utara?page_size=25&page_number=66",66,"indonesia_maluku-utara?page_size=25&page_number=66","https://www.carmudi.co.id/mobil-bekas-dijual/indonesia_maluku-utara?page_size=25&page_number=66"
2655,"https://www.carmudi.co.id/mobil-bekas-dijual/indonesia_sulawesi-barat?page_size=25&page_number=66",66,"indonesia_sulawesi-barat?page_size=25&page_number=66","https://www.carmudi.co.id/mobil-bekas-dijual/indonesia_sulawesi-barat?page_size=25&page_number=66"
2656,"https://www.carmudi.co.id/mobil-bekas-dijual/indonesia_sulawesi-tenggara?page_size=25&page_number=66",66,"indonesia_sulawesi-tenggara?page_size=25&page_number=66","https://www.carmudi.co.id/mobil-bekas-dijual/indonesia_sulawesi-tenggara?page_size=25&page_number=66"
2657,"https://www.carmudi.co.id/mobil-bekas-dijual/indonesia?page_number=67&page_size=25",67,"indonesia?page_number=67&page_size=25","https://www.carmudi.co.id/mobil-bekas-dijual/indonesia?page_number=67&page_size=25"
2658,"https://www.carmudi.co.id/mobil-bekas-dijual/indonesia?page_size=25&page_number=67",67,"indonesia?page_size=25&page_number=67","https://www.carmudi.co.id/mobil-bekas-dijual/indonesia?page_size=25&page_number=67"
2659,"https://www.carmudi.co.id/mobil-bekas-dijual/indonesia?transmission=automatic&page_size=25&page_number=67",67,"indonesia?transmission=automatic&page_size=25&page_number=67","https://www.carmudi.co.id/mobil-bekas-dijual/indonesia?transmission=automatic&page_size=25&page_number=67"
2660,"https://www.carmudi.co.id/mobil-bekas-dijual/indonesia?transmission=manual&page_size=25&page_number=67",67,"indonesia?transmission=manual&page_size=25&page_number=67","https://www.carmudi.co.id/mobil-bekas-dijual/indonesia?transmission=manual&page_size=25&page_number=67"
2661,"https://www.carmudi.co.id/mobil-bekas-dijual/indonesia?page_size=25&page_number=67&sort=best.match",67,"indonesia?page_size=25&page_number=67&sort=best.match","https://www.carmudi.co.id/mobil-bekas-dijual/indonesia?page_size=25&page_number=67&sort=best.match"
2662,"https://www.carmudi.co.id/mobil-bekas-dijual/indonesia?page_size=25&page_number=67&sort=modification_date_search.desc",67,"indonesia?page_size=25&page_number=67&sort=modification_date_search.desc","https://www.carmudi.co.id/mobil-bekas-dijual/indonesia?page_size=25&page_number=67&sort=modification_date_search.desc"
2663,"https://www.carmudi.co.id/mobil-bekas-dijual/indonesia?page_size=25&page_number=67&sort=price.asc",67,"indonesia?page_size=25&page_number=67&sort=price.asc","https://www.carmudi.co.id/mobil-bekas-dijual/indonesia?page_size=25&page_number=67&sort=price.asc"
2664,"https://www.carmudi.co.id/mobil-bekas-dijual/indonesia?page_size=25&page_number=67&sort=price.desc",67,"indonesia?page_size=25&page_number=67&sort=price.desc","https://www.carmudi.co.id/mobil-bekas-dijual/indonesia?page_size=25&page_number=67&sort=price.desc"
2665,"https://www.carmudi.co.id/mobil-bekas-dijual/indonesia?page_size=25&page_number=67&sort=year.desc",67,"indonesia?page_size=25&page_number=67&sort=year.desc","https://www.carmudi.co.id/mobil-bekas-dijual/indonesia?page_size=25&page_number=67&sort=year.desc"
2666,"https://www.carmudi.co.id/mobil-bekas-dijual/indonesia?page_size=25&page_number=67&sort=year.asc",67,"indonesia?page_size=25&page_number=67&sort=year.asc","https://www.carmudi.co.id/mobil-bekas-dijual/indonesia?page_size=25&page_number=67&sort=year.asc"
2667,"https://www.carmudi.co.id/mobil-bekas-dijual/indonesia?page_size=25&page_number=67&sort=mileage.asc",67,"indonesia?page_size=25&page_number=67&sort=mileage.asc","https://www.carmudi.co.id/mobil-bekas-dijual/indonesia?page_size=25&page_number=67&sort=mileage.asc"
2668,"https://www.carmudi.co.id/mobil-bekas-dijual/indonesia?page_size=25&page_number=67&sort=mileage.desc",67,"indonesia?page_size=25&page_number=67&sort=mileage.desc","https://www.carmudi.co.id/mobil-bekas-dijual/indonesia?page_size=25&page_number=67&sort=mileage.desc"
2669,"https://www.carmudi.co.id/mobil-bekas-dijual/indonesia_jabodetabek?page_size=25&page_number=67",67,"indonesia_jabodetabek?page_size=25&page_number=67","https://www.carmudi.co.id/mobil-bekas-dijual/indonesia_jabodetabek?page_size=25&page_number=67"
2670,"https://www.carmudi.co.id/mobil-bekas-dijual/indonesia_dki-jakarta?page_size=25&page_number=67",67,"indonesia_dki-jakarta?page_size=25&page_number=67","https://www.carmudi.co.id/mobil-bekas-dijual/indonesia_dki-jakarta?page_size=25&page_number=67"
2671,"https://www.carmudi.co.id/mobil-bekas-dijual/indonesia_banten?page_size=25&page_number=67",67,"indonesia_banten?page_size=25&page_number=67","https://www.carmudi.co.id/mobil-bekas-dijual/indonesia_banten?page_size=25&page_number=67"
2672,"https://www.carmudi.co.id/mobil-bekas-dijual/indonesia_jawa-barat?page_size=25&page_number=67",67,"indonesia_jawa-barat?page_size=25&page_number=67","https://www.carmudi.co.id/mobil-bekas-dijual/indonesia_jawa-barat?page_size=25&page_number=67"
2673,"https://www.carmudi.co.id/mobil-bekas-dijual/indonesia_jawa-timur?page_size=25&page_number=67",67,"indonesia_jawa-timur?page_size=25&page_number=67","https://www.carmudi.co.id/mobil-bekas-dijual/indonesia_jawa-timur?page_size=25&page_number=67"
2674,"https://www.carmudi.co.id/mobil-bekas-dijual/indonesia_jawa-tengah?page_size=25&page_number=67",67,"indonesia_jawa-tengah?page_size=25&page_number=67","https://www.carmudi.co.id/mobil-bekas-dijual/indonesia_jawa-tengah?page_size=25&page_number=67"
2675,"https://www.carmudi.co.id/mobil-bekas-dijual/indonesia_yogyakarta?page_size=25&page_number=67",67,"indonesia_yogyakarta?page_size=25&page_number=67","https://www.carmudi.co.id/mobil-bekas-dijual/indonesia_yogyakarta?page_size=25&page_number=67"
2676,"https://www.carmudi.co.id/mobil-bekas-dijual/indonesia_sumatera-utara?page_size=25&page_number=67",67,"indonesia_sumatera-utara?page_size=25&page_number=67","https://www.carmudi.co.id/mobil-bekas-dijual/indonesia_sumatera-utara?page_size=25&page_number=67"
2677,"https://www.carmudi.co.id/mobil-bekas-dijual/indonesia_bali?page_size=25&page_number=67",67,"indonesia_bali?page_size=25&page_number=67","https://www.carmudi.co.id/mobil-bekas-dijual/indonesia_bali?page_size=25&page_number=67"
2678,"https://www.carmudi.co.id/mobil-bekas-dijual/indonesia_lampung?page_size=25&page_number=67",67,"indonesia_lampung?page_size=25&page_number=67","https://www.carmudi.co.id/mobil-bekas-dijual/indonesia_lampung?page_size=25&page_number=67"
2679,"https://www.carmudi.co.id/mobil-bekas-dijual/indonesia_gorontalo?page_size=25&page_number=67",67,"indonesia_gorontalo?page_size=25&page_number=67","https://www.carmudi.co.id/mobil-bekas-dijual/indonesia_gorontalo?page_size=25&page_number=67"
2680,"https://www.carmudi.co.id/mobil-bekas-dijual/indonesia_riau?page_size=25&page_number=67",67,"indonesia_riau?page_size=25&page_number=67","https://www.carmudi.co.id/mobil-bekas-dijual/indonesia_riau?page_size=25&page_number=67"
2681,"https://www.carmudi.co.id/mobil-bekas-dijual/indonesia_sumatera-selatan?page_size=25&page_number=67",67,"indonesia_sumatera-selatan?page_size=25&page_number=67","https://www.carmudi.co.id/mobil-bekas-dijual/indonesia_sumatera-selatan?page_size=25&page_number=67"
2682,"https://www.carmudi.co.id/mobil-bekas-dijual/indonesia_sumatera-barat?page_size=25&page_number=67",67,"indonesia_sumatera-barat?page_size=25&page_number=67","https://www.carmudi.co.id/mobil-bekas-dijual/indonesia_sumatera-barat?page_size=25&page_number=67"
2683,"https://www.carmudi.co.id/mobil-bekas-dijual/indonesia_jambi?page_size=25&page_number=67",67,"indonesia_jambi?page_size=25&page_number=67","https://www.carmudi.co.id/mobil-bekas-dijual/indonesia_jambi?page_size=25&page_number=67"
2684,"https://www.carmudi.co.id/mobil-bekas-dijual/indonesia_sulawesi-selatan?page_size=25&page_number=67",67,"indonesia_sulawesi-selatan?page_size=25&page_number=67","https://www.carmudi.co.id/mobil-bekas-dijual/indonesia_sulawesi-selatan?page_size=25&page_number=67"
2685,"https://www.carmudi.co.id/mobil-bekas-dijual/indonesia_nangroe-aceh-darussalam?page_size=25&page_number=67",67,"indonesia_nangroe-aceh-darussalam?page_size=25&page_number=67","https://www.carmudi.co.id/mobil-bekas-dijual/indonesia_nangroe-aceh-darussalam?page_size=25&page_number=67"
2686,"https://www.carmudi.co.id/mobil-bekas-dijual/indonesia_sulawesi-utara?page_size=25&page_number=67",67,"indonesia_sulawesi-utara?page_size=25&page_number=67","https://www.carmudi.co.id/mobil-bekas-dijual/indonesia_sulawesi-utara?page_size=25&page_number=67"
2687,"https://www.carmudi.co.id/mobil-bekas-dijual/indonesia_kalimantan-timur?page_size=25&page_number=67",67,"indonesia_kalimantan-timur?page_size=25&page_number=67","https://www.carmudi.co.id/mobil-bekas-dijual/indonesia_kalimantan-timur?page_size=25&page_number=67"
2688,"https://www.carmudi.co.id/mobil-bekas-dijual/indonesia_nusa-tenggara-barat?page_size=25&page_number=67",67,"indonesia_nusa-tenggara-barat?page_size=25&page_number=67","https://www.carmudi.co.id/mobil-bekas-dijual/indonesia_nusa-tenggara-barat?page_size=25&page_number=67"
2689,"https://www.carmudi.co.id/mobil-bekas-dijual/indonesia_sulawesi-tengah?page_size=25&page_number=67",67,"indonesia_sulawesi-tengah?page_size=25&page_number=67","https://www.carmudi.co.id/mobil-bekas-dijual/indonesia_sulawesi-tengah?page_size=25&page_number=67"
2690,"https://www.carmudi.co.id/mobil-bekas-dijual/indonesia_kalimantan-barat?page_size=25&page_number=67",67,"indonesia_kalimantan-barat?page_size=25&page_number=67","https://www.carmudi.co.id/mobil-bekas-dijual/indonesia_kalimantan-barat?page_size=25&page_number=67"
2691,"https://www.carmudi.co.id/mobil-bekas-dijual/indonesia_maluku?page_size=25&page_number=67",67,"indonesia_maluku?page_size=25&page_number=67","https://www.carmudi.co.id/mobil-bekas-dijual/indonesia_maluku?page_size=25&page_number=67"
2692,"https://www.carmudi.co.id/mobil-bekas-dijual/indonesia_maluku-utara?page_size=25&page_number=67",67,"indonesia_maluku-utara?page_size=25&page_number=67","https://www.carmudi.co.id/mobil-bekas-dijual/indonesia_maluku-utara?page_size=25&page_number=67"
2693,"https://www.carmudi.co.id/mobil-bekas-dijual/indonesia_sulawesi-barat?page_size=25&page_number=67",67,"indonesia_sulawesi-barat?page_size=25&page_number=67","https://www.carmudi.co.id/mobil-bekas-dijual/indonesia_sulawesi-barat?page_size=25&page_number=67"
2694,"https://www.carmudi.co.id/mobil-bekas-dijual/indonesia_sulawesi-tenggara?page_size=25&page_number=67",67,"indonesia_sulawesi-tenggara?page_size=25&page_number=67","https://www.carmudi.co.id/mobil-bekas-dijual/indonesia_sulawesi-tenggara?page_size=25&page_number=67"
2695,"https://www.carmudi.co.id/mobil-bekas-dijual/indonesia?page_number=68&page_size=25",68,"indonesia?page_number=68&page_size=25","https://www.carmudi.co.id/mobil-bekas-dijual/indonesia?page_number=68&page_size=25"
2696,"https://www.carmudi.co.id/mobil-bekas-dijual/indonesia?page_size=25&page_number=68",68,"indonesia?page_size=25&page_number=68","https://www.carmudi.co.id/mobil-bekas-dijual/indonesia?page_size=25&page_number=68"
2697,"https://www.carmudi.co.id/mobil-bekas-dijual/indonesia?transmission=automatic&page_size=25&page_number=68",68,"indonesia?transmission=automatic&page_size=25&page_number=68","https://www.carmudi.co.id/mobil-bekas-dijual/indonesia?transmission=automatic&page_size=25&page_number=68"
2698,"https://www.carmudi.co.id/mobil-bekas-dijual/indonesia?transmission=manual&page_size=25&page_number=68",68,"indonesia?transmission=manual&page_size=25&page_number=68","https://www.carmudi.co.id/mobil-bekas-dijual/indonesia?transmission=manual&page_size=25&page_number=68"
2699,"https://www.carmudi.co.id/mobil-bekas-dijual/indonesia?page_size=25&page_number=68&sort=best.match",68,"indonesia?page_size=25&page_number=68&sort=best.match","https://www.carmudi.co.id/mobil-bekas-dijual/indonesia?page_size=25&page_number=68&sort=best.match"
2700,"https://www.carmudi.co.id/mobil-bekas-dijual/indonesia?page_size=25&page_number=68&sort=modification_date_search.desc",68,"indonesia?page_size=25&page_number=68&sort=modification_date_search.desc","https://www.carmudi.co.id/mobil-bekas-dijual/indonesia?page_size=25&page_number=68&sort=modification_date_search.desc"
2701,"https://www.carmudi.co.id/mobil-bekas-dijual/indonesia?page_size=25&page_number=68&sort=price.asc",68,"indonesia?page_size=25&page_number=68&sort=price.asc","https://www.carmudi.co.id/mobil-bekas-dijual/indonesia?page_size=25&page_number=68&sort=price.asc"
2702,"https://www.carmudi.co.id/mobil-bekas-dijual/indonesia?page_size=25&page_number=68&sort=price.desc",68,"indonesia?page_size=25&page_number=68&sort=price.desc","https://www.carmudi.co.id/mobil-bekas-dijual/indonesia?page_size=25&page_number=68&sort=price.desc"
2703,"https://www.carmudi.co.id/mobil-bekas-dijual/indonesia?page_size=25&page_number=68&sort=year.desc",68,"indonesia?page_size=25&page_number=68&sort=year.desc","https://www.carmudi.co.id/mobil-bekas-dijual/indonesia?page_size=25&page_number=68&sort=year.desc"
2704,"https://www.carmudi.co.id/mobil-bekas-dijual/indonesia?page_size=25&page_number=68&sort=year.asc",68,"indonesia?page_size=25&page_number=68&sort=year.asc","https://www.carmudi.co.id/mobil-bekas-dijual/indonesia?page_size=25&page_number=68&sort=year.asc"
2705,"https://www.carmudi.co.id/mobil-bekas-dijual/indonesia?page_size=25&page_number=68&sort=mileage.asc",68,"indonesia?page_size=25&page_number=68&sort=mileage.asc","https://www.carmudi.co.id/mobil-bekas-dijual/indonesia?page_size=25&page_number=68&sort=mileage.asc"
2706,"https://www.carmudi.co.id/mobil-bekas-dijual/indonesia?page_size=25&page_number=68&sort=mileage.desc",68,"indonesia?page_size=25&page_number=68&sort=mileage.desc","https://www.carmudi.co.id/mobil-bekas-dijual/indonesia?page_size=25&page_number=68&sort=mileage.desc"
2707,"https://www.carmudi.co.id/mobil-bekas-dijual/indonesia_jabodetabek?page_size=25&page_number=68",68,"indonesia_jabodetabek?page_size=25&page_number=68","https://www.carmudi.co.id/mobil-bekas-dijual/indonesia_jabodetabek?page_size=25&page_number=68"
2708,"https://www.carmudi.co.id/mobil-bekas-dijual/indonesia_dki-jakarta?page_size=25&page_number=68",68,"indonesia_dki-jakarta?page_size=25&page_number=68","https://www.carmudi.co.id/mobil-bekas-dijual/indonesia_dki-jakarta?page_size=25&page_number=68"
2709,"https://www.carmudi.co.id/mobil-bekas-dijual/indonesia_banten?page_size=25&page_number=68",68,"indonesia_banten?page_size=25&page_number=68","https://www.carmudi.co.id/mobil-bekas-dijual/indonesia_banten?page_size=25&page_number=68"
2710,"https://www.carmudi.co.id/mobil-bekas-dijual/indonesia_jawa-barat?page_size=25&page_number=68",68,"indonesia_jawa-barat?page_size=25&page_number=68","https://www.carmudi.co.id/mobil-bekas-dijual/indonesia_jawa-barat?page_size=25&page_number=68"
2711,"https://www.carmudi.co.id/mobil-bekas-dijual/indonesia_jawa-timur?page_size=25&page_number=68",68,"indonesia_jawa-timur?page_size=25&page_number=68","https://www.carmudi.co.id/mobil-bekas-dijual/indonesia_jawa-timur?page_size=25&page_number=68"
2712,"https://www.carmudi.co.id/mobil-bekas-dijual/indonesia_jawa-tengah?page_size=25&page_number=68",68,"indonesia_jawa-tengah?page_size=25&page_number=68","https://www.carmudi.co.id/mobil-bekas-dijual/indonesia_jawa-tengah?page_size=25&page_number=68"
2713,"https://www.carmudi.co.id/mobil-bekas-dijual/indonesia_yogyakarta?page_size=25&page_number=68",68,"indonesia_yogyakarta?page_size=25&page_number=68","https://www.carmudi.co.id/mobil-bekas-dijual/indonesia_yogyakarta?page_size=25&page_number=68"
2714,"https://www.carmudi.co.id/mobil-bekas-dijual/indonesia_sumatera-utara?page_size=25&page_number=68",68,"indonesia_sumatera-utara?page_size=25&page_number=68","https://www.carmudi.co.id/mobil-bekas-dijual/indonesia_sumatera-utara?page_size=25&page_number=68"
2715,"https://www.carmudi.co.id/mobil-bekas-dijual/indonesia_bali?page_size=25&page_number=68",68,"indonesia_bali?page_size=25&page_number=68","https://www.carmudi.co.id/mobil-bekas-dijual/indonesia_bali?page_size=25&page_number=68"
2716,"https://www.carmudi.co.id/mobil-bekas-dijual/indonesia_lampung?page_size=25&page_number=68",68,"indonesia_lampung?page_size=25&page_number=68","https://www.carmudi.co.id/mobil-bekas-dijual/indonesia_lampung?page_size=25&page_number=68"
2717,"https://www.carmudi.co.id/mobil-bekas-dijual/indonesia_gorontalo?page_size=25&page_number=68",68,"indonesia_gorontalo?page_size=25&page_number=68","https://www.carmudi.co.id/mobil-bekas-dijual/indonesia_gorontalo?page_size=25&page_number=68"
2718,"https://www.carmudi.co.id/mobil-bekas-dijual/indonesia_riau?page_size=25&page_number=68",68,"indonesia_riau?page_size=25&page_number=68","https://www.carmudi.co.id/mobil-bekas-dijual/indonesia_riau?page_size=25&page_number=68"
2719,"https://www.carmudi.co.id/mobil-bekas-dijual/indonesia_sumatera-selatan?page_size=25&page_number=68",68,"indonesia_sumatera-selatan?page_size=25&page_number=68","https://www.carmudi.co.id/mobil-bekas-dijual/indonesia_sumatera-selatan?page_size=25&page_number=68"
2720,"https://www.carmudi.co.id/mobil-bekas-dijual/indonesia_sumatera-barat?page_size=25&page_number=68",68,"indonesia_sumatera-barat?page_size=25&page_number=68","https://www.carmudi.co.id/mobil-bekas-dijual/indonesia_sumatera-barat?page_size=25&page_number=68"
2721,"https://www.carmudi.co.id/mobil-bekas-dijual/indonesia_jambi?page_size=25&page_number=68",68,"indonesia_jambi?page_size=25&page_number=68","https://www.carmudi.co.id/mobil-bekas-dijual/indonesia_jambi?page_size=25&page_number=68"
2722,"https://www.carmudi.co.id/mobil-bekas-dijual/indonesia_sulawesi-selatan?page_size=25&page_number=68",68,"indonesia_sulawesi-selatan?page_size=25&page_number=68","https://www.carmudi.co.id/mobil-bekas-dijual/indonesia_sulawesi-selatan?page_size=25&page_number=68"
2723,"https://www.carmudi.co.id/mobil-bekas-dijual/indonesia_nangroe-aceh-darussalam?page_size=25&page_number=68",68,"indonesia_nangroe-aceh-darussalam?page_size=25&page_number=68","https://www.carmudi.co.id/mobil-bekas-dijual/indonesia_nangroe-aceh-darussalam?page_size=25&page_number=68"
2724,"https://www.carmudi.co.id/mobil-bekas-dijual/indonesia_sulawesi-utara?page_size=25&page_number=68",68,"indonesia_sulawesi-utara?page_size=25&page_number=68","https://www.carmudi.co.id/mobil-bekas-dijual/indonesia_sulawesi-utara?page_size=25&page_number=68"
2725,"https://www.carmudi.co.id/mobil-bekas-dijual/indonesia_kalimantan-timur?page_size=25&page_number=68",68,"indonesia_kalimantan-timur?page_size=25&page_number=68","https://www.carmudi.co.id/mobil-bekas-dijual/indonesia_kalimantan-timur?page_size=25&page_number=68"
2726,"https://www.carmudi.co.id/mobil-bekas-dijual/indonesia_nusa-tenggara-barat?page_size=25&page_number=68",68,"indonesia_nusa-tenggara-barat?page_size=25&page_number=68","https://www.carmudi.co.id/mobil-bekas-dijual/indonesia_nusa-tenggara-barat?page_size=25&page_number=68"
2727,"https://www.carmudi.co.id/mobil-bekas-dijual/indonesia_sulawesi-tengah?page_size=25&page_number=68",68,"indonesia_sulawesi-tengah?page_size=25&page_number=68","https://www.carmudi.co.id/mobil-bekas-dijual/indonesia_sulawesi-tengah?page_size=25&page_number=68"
2728,"https://www.carmudi.co.id/mobil-bekas-dijual/indonesia_kalimantan-barat?page_size=25&page_number=68",68,"indonesia_kalimantan-barat?page_size=25&page_number=68","https://www.carmudi.co.id/mobil-bekas-dijual/indonesia_kalimantan-barat?page_size=25&page_number=68"
2729,"https://www.carmudi.co.id/mobil-bekas-dijual/indonesia_maluku?page_size=25&page_number=68",68,"indonesia_maluku?page_size=25&page_number=68","https://www.carmudi.co.id/mobil-bekas-dijual/indonesia_maluku?page_size=25&page_number=68"
2730,"https://www.carmudi.co.id/mobil-bekas-dijual/indonesia_maluku-utara?page_size=25&page_number=68",68,"indonesia_maluku-utara?page_size=25&page_number=68","https://www.carmudi.co.id/mobil-bekas-dijual/indonesia_maluku-utara?page_size=25&page_number=68"
2731,"https://www.carmudi.co.id/mobil-bekas-dijual/indonesia_sulawesi-barat?page_size=25&page_number=68",68,"indonesia_sulawesi-barat?page_size=25&page_number=68","https://www.carmudi.co.id/mobil-bekas-dijual/indonesia_sulawesi-barat?page_size=25&page_number=68"
2732,"https://www.carmudi.co.id/mobil-bekas-dijual/indonesia_sulawesi-tenggara?page_size=25&page_number=68",68,"indonesia_sulawesi-tenggara?page_size=25&page_number=68","https://www.carmudi.co.id/mobil-bekas-dijual/indonesia_sulawesi-tenggara?page_size=25&page_number=68"
2733,"https://www.carmudi.co.id/mobil-bekas-dijual/indonesia?page_number=69&page_size=25",69,"indonesia?page_number=69&page_size=25","https://www.carmudi.co.id/mobil-bekas-dijual/indonesia?page_number=69&page_size=25"
2734,"https://www.carmudi.co.id/mobil-bekas-dijual/indonesia?page_size=25&page_number=69",69,"indonesia?page_size=25&page_number=69","https://www.carmudi.co.id/mobil-bekas-dijual/indonesia?page_size=25&page_number=69"
2735,"https://www.carmudi.co.id/mobil-bekas-dijual/indonesia?transmission=automatic&page_size=25&page_number=69",69,"indonesia?transmission=automatic&page_size=25&page_number=69","https://www.carmudi.co.id/mobil-bekas-dijual/indonesia?transmission=automatic&page_size=25&page_number=69"
2736,"https://www.carmudi.co.id/mobil-bekas-dijual/indonesia?transmission=manual&page_size=25&page_number=69",69,"indonesia?transmission=manual&page_size=25&page_number=69","https://www.carmudi.co.id/mobil-bekas-dijual/indonesia?transmission=manual&page_size=25&page_number=69"
2737,"https://www.carmudi.co.id/mobil-bekas-dijual/indonesia?page_size=25&page_number=69&sort=best.match",69,"indonesia?page_size=25&page_number=69&sort=best.match","https://www.carmudi.co.id/mobil-bekas-dijual/indonesia?page_size=25&page_number=69&sort=best.match"
2738,"https://www.carmudi.co.id/mobil-bekas-dijual/indonesia?page_size=25&page_number=69&sort=modification_date_search.desc",69,"indonesia?page_size=25&page_number=69&sort=modification_date_search.desc","https://www.carmudi.co.id/mobil-bekas-dijual/indonesia?page_size=25&page_number=69&sort=modification_date_search.desc"
2739,"https://www.carmudi.co.id/mobil-bekas-dijual/indonesia?page_size=25&page_number=69&sort=price.asc",69,"indonesia?page_size=25&page_number=69&sort=price.asc","https://www.carmudi.co.id/mobil-bekas-dijual/indonesia?page_size=25&page_number=69&sort=price.asc"
2740,"https://www.carmudi.co.id/mobil-bekas-dijual/indonesia?page_size=25&page_number=69&sort=price.desc",69,"indonesia?page_size=25&page_number=69&sort=price.desc","https://www.carmudi.co.id/mobil-bekas-dijual/indonesia?page_size=25&page_number=69&sort=price.desc"
2741,"https://www.carmudi.co.id/mobil-bekas-dijual/indonesia?page_size=25&page_number=69&sort=year.desc",69,"indonesia?page_size=25&page_number=69&sort=year.desc","https://www.carmudi.co.id/mobil-bekas-dijual/indonesia?page_size=25&page_number=69&sort=year.desc"
2742,"https://www.carmudi.co.id/mobil-bekas-dijual/indonesia?page_size=25&page_number=69&sort=year.asc",69,"indonesia?page_size=25&page_number=69&sort=year.asc","https://www.carmudi.co.id/mobil-bekas-dijual/indonesia?page_size=25&page_number=69&sort=year.asc"
2743,"https://www.carmudi.co.id/mobil-bekas-dijual/indonesia?page_size=25&page_number=69&sort=mileage.asc",69,"indonesia?page_size=25&page_number=69&sort=mileage.asc","https://www.carmudi.co.id/mobil-bekas-dijual/indonesia?page_size=25&page_number=69&sort=mileage.asc"
2744,"https://www.carmudi.co.id/mobil-bekas-dijual/indonesia?page_size=25&page_number=69&sort=mileage.desc",69,"indonesia?page_size=25&page_number=69&sort=mileage.desc","https://www.carmudi.co.id/mobil-bekas-dijual/indonesia?page_size=25&page_number=69&sort=mileage.desc"
2745,"https://www.carmudi.co.id/mobil-bekas-dijual/indonesia_jabodetabek?page_size=25&page_number=69",69,"indonesia_jabodetabek?page_size=25&page_number=69","https://www.carmudi.co.id/mobil-bekas-dijual/indonesia_jabodetabek?page_size=25&page_number=69"
2746,"https://www.carmudi.co.id/mobil-bekas-dijual/indonesia_dki-jakarta?page_size=25&page_number=69",69,"indonesia_dki-jakarta?page_size=25&page_number=69","https://www.carmudi.co.id/mobil-bekas-dijual/indonesia_dki-jakarta?page_size=25&page_number=69"
2747,"https://www.carmudi.co.id/mobil-bekas-dijual/indonesia_banten?page_size=25&page_number=69",69,"indonesia_banten?page_size=25&page_number=69","https://www.carmudi.co.id/mobil-bekas-dijual/indonesia_banten?page_size=25&page_number=69"
2748,"https://www.carmudi.co.id/mobil-bekas-dijual/indonesia_jawa-barat?page_size=25&page_number=69",69,"indonesia_jawa-barat?page_size=25&page_number=69","https://www.carmudi.co.id/mobil-bekas-dijual/indonesia_jawa-barat?page_size=25&page_number=69"
2749,"https://www.carmudi.co.id/mobil-bekas-dijual/indonesia_jawa-timur?page_size=25&page_number=69",69,"indonesia_jawa-timur?page_size=25&page_number=69","https://www.carmudi.co.id/mobil-bekas-dijual/indonesia_jawa-timur?page_size=25&page_number=69"
2750,"https://www.carmudi.co.id/mobil-bekas-dijual/indonesia_jawa-tengah?page_size=25&page_number=69",69,"indonesia_jawa-tengah?page_size=25&page_number=69","https://www.carmudi.co.id/mobil-bekas-dijual/indonesia_jawa-tengah?page_size=25&page_number=69"
2751,"https://www.carmudi.co.id/mobil-bekas-dijual/indonesia_yogyakarta?page_size=25&page_number=69",69,"indonesia_yogyakarta?page_size=25&page_number=69","https://www.carmudi.co.id/mobil-bekas-dijual/indonesia_yogyakarta?page_size=25&page_number=69"
2752,"https://www.carmudi.co.id/mobil-bekas-dijual/indonesia_sumatera-utara?page_size=25&page_number=69",69,"indonesia_sumatera-utara?page_size=25&page_number=69","https://www.carmudi.co.id/mobil-bekas-dijual/indonesia_sumatera-utara?page_size=25&page_number=69"
2753,"https://www.carmudi.co.id/mobil-bekas-dijual/indonesia_bali?page_size=25&page_number=69",69,"indonesia_bali?page_size=25&page_number=69","https://www.carmudi.co.id/mobil-bekas-dijual/indonesia_bali?page_size=25&page_number=69"
2754,"https://www.carmudi.co.id/mobil-bekas-dijual/indonesia_lampung?page_size=25&page_number=69",69,"indonesia_lampung?page_size=25&page_number=69","https://www.carmudi.co.id/mobil-bekas-dijual/indonesia_lampung?page_size=25&page_number=69"
2755,"https://www.carmudi.co.id/mobil-bekas-dijual/indonesia_gorontalo?page_size=25&page_number=69",69,"indonesia_gorontalo?page_size=25&page_number=69","https://www.carmudi.co.id/mobil-bekas-dijual/indonesia_gorontalo?page_size=25&page_number=69"
2756,"https://www.carmudi.co.id/mobil-bekas-dijual/indonesia_riau?page_size=25&page_number=69",69,"indonesia_riau?page_size=25&page_number=69","https://www.carmudi.co.id/mobil-bekas-dijual/indonesia_riau?page_size=25&page_number=69"
2757,"https://www.carmudi.co.id/mobil-bekas-dijual/indonesia_sumatera-selatan?page_size=25&page_number=69",69,"indonesia_sumatera-selatan?page_size=25&page_number=69","https://www.carmudi.co.id/mobil-bekas-dijual/indonesia_sumatera-selatan?page_size=25&page_number=69"
2758,"https://www.carmudi.co.id/mobil-bekas-dijual/indonesia_sumatera-barat?page_size=25&page_number=69",69,"indonesia_sumatera-barat?page_size=25&page_number=69","https://www.carmudi.co.id/mobil-bekas-dijual/indonesia_sumatera-barat?page_size=25&page_number=69"
2759,"https://www.carmudi.co.id/mobil-bekas-dijual/indonesia_jambi?page_size=25&page_number=69",69,"indonesia_jambi?page_size=25&page_number=69","https://www.carmudi.co.id/mobil-bekas-dijual/indonesia_jambi?page_size=25&page_number=69"
2760,"https://www.carmudi.co.id/mobil-bekas-dijual/indonesia_sulawesi-selatan?page_size=25&page_number=69",69,"indonesia_sulawesi-selatan?page_size=25&page_number=69","https://www.carmudi.co.id/mobil-bekas-dijual/indonesia_sulawesi-selatan?page_size=25&page_number=69"
2761,"https://www.carmudi.co.id/mobil-bekas-dijual/indonesia_nangroe-aceh-darussalam?page_size=25&page_number=69",69,"indonesia_nangroe-aceh-darussalam?page_size=25&page_number=69","https://www.carmudi.co.id/mobil-bekas-dijual/indonesia_nangroe-aceh-darussalam?page_size=25&page_number=69"
2762,"https://www.carmudi.co.id/mobil-bekas-dijual/indonesia_sulawesi-utara?page_size=25&page_number=69",69,"indonesia_sulawesi-utara?page_size=25&page_number=69","https://www.carmudi.co.id/mobil-bekas-dijual/indonesia_sulawesi-utara?page_size=25&page_number=69"
2763,"https://www.carmudi.co.id/mobil-bekas-dijual/indonesia_kalimantan-timur?page_size=25&page_number=69",69,"indonesia_kalimantan-timur?page_size=25&page_number=69","https://www.carmudi.co.id/mobil-bekas-dijual/indonesia_kalimantan-timur?page_size=25&page_number=69"
2764,"https://www.carmudi.co.id/mobil-bekas-dijual/indonesia_nusa-tenggara-barat?page_size=25&page_number=69",69,"indonesia_nusa-tenggara-barat?page_size=25&page_number=69","https://www.carmudi.co.id/mobil-bekas-dijual/indonesia_nusa-tenggara-barat?page_size=25&page_number=69"
2765,"https://www.carmudi.co.id/mobil-bekas-dijual/indonesia_sulawesi-tengah?page_size=25&page_number=69",69,"indonesia_sulawesi-tengah?page_size=25&page_number=69","https://www.carmudi.co.id/mobil-bekas-dijual/indonesia_sulawesi-tengah?page_size=25&page_number=69"
2766,"https://www.carmudi.co.id/mobil-bekas-dijual/indonesia_kalimantan-barat?page_size=25&page_number=69",69,"indonesia_kalimantan-barat?page_size=25&page_number=69","https://www.carmudi.co.id/mobil-bekas-dijual/indonesia_kalimantan-barat?page_size=25&page_number=69"
2767,"https://www.carmudi.co.id/mobil-bekas-dijual/indonesia_maluku?page_size=25&page_number=69",69,"indonesia_maluku?page_size=25&page_number=69","https://www.carmudi.co.id/mobil-bekas-dijual/indonesia_maluku?page_size=25&page_number=69"
2768,"https://www.carmudi.co.id/mobil-bekas-dijual/indonesia_maluku-utara?page_size=25&page_number=69",69,"indonesia_maluku-utara?page_size=25&page_number=69","https://www.carmudi.co.id/mobil-bekas-dijual/indonesia_maluku-utara?page_size=25&page_number=69"
2769,"https://www.carmudi.co.id/mobil-bekas-dijual/indonesia_sulawesi-barat?page_size=25&page_number=69",69,"indonesia_sulawesi-barat?page_size=25&page_number=69","https://www.carmudi.co.id/mobil-bekas-dijual/indonesia_sulawesi-barat?page_size=25&page_number=69"
2770,"https://www.carmudi.co.id/mobil-bekas-dijual/indonesia_sulawesi-tenggara?page_size=25&page_number=69",69,"indonesia_sulawesi-tenggara?page_size=25&page_number=69","https://www.carmudi.co.id/mobil-bekas-dijual/indonesia_sulawesi-tenggara?page_size=25&page_number=69"
2771,"https://www.carmudi.co.id/mobil-bekas-dijual/indonesia?page_number=70&page_size=25",70,"indonesia?page_number=70&page_size=25","https://www.carmudi.co.id/mobil-bekas-dijual/indonesia?page_number=70&page_size=25"
2772,"https://www.carmudi.co.id/mobil-bekas-dijual/indonesia?page_size=25&page_number=70",70,"indonesia?page_size=25&page_number=70","https://www.carmudi.co.id/mobil-bekas-dijual/indonesia?page_size=25&page_number=70"
2773,"https://www.carmudi.co.id/mobil-bekas-dijual/indonesia?transmission=automatic&page_size=25&page_number=70",70,"indonesia?transmission=automatic&page_size=25&page_number=70","https://www.carmudi.co.id/mobil-bekas-dijual/indonesia?transmission=automatic&page_size=25&page_number=70"
2774,"https://www.carmudi.co.id/mobil-bekas-dijual/indonesia?transmission=manual&page_size=25&page_number=70",70,"indonesia?transmission=manual&page_size=25&page_number=70","https://www.carmudi.co.id/mobil-bekas-dijual/indonesia?transmission=manual&page_size=25&page_number=70"
2775,"https://www.carmudi.co.id/mobil-bekas-dijual/indonesia?page_size=25&page_number=70&sort=best.match",70,"indonesia?page_size=25&page_number=70&sort=best.match","https://www.carmudi.co.id/mobil-bekas-dijual/indonesia?page_size=25&page_number=70&sort=best.match"
2776,"https://www.carmudi.co.id/mobil-bekas-dijual/indonesia?page_size=25&page_number=70&sort=modification_date_search.desc",70,"indonesia?page_size=25&page_number=70&sort=modification_date_search.desc","https://www.carmudi.co.id/mobil-bekas-dijual/indonesia?page_size=25&page_number=70&sort=modification_date_search.desc"
2777,"https://www.carmudi.co.id/mobil-bekas-dijual/indonesia?page_size=25&page_number=70&sort=price.asc",70,"indonesia?page_size=25&page_number=70&sort=price.asc","https://www.carmudi.co.id/mobil-bekas-dijual/indonesia?page_size=25&page_number=70&sort=price.asc"
2778,"https://www.carmudi.co.id/mobil-bekas-dijual/indonesia?page_size=25&page_number=70&sort=price.desc",70,"indonesia?page_size=25&page_number=70&sort=price.desc","https://www.carmudi.co.id/mobil-bekas-dijual/indonesia?page_size=25&page_number=70&sort=price.desc"
2779,"https://www.carmudi.co.id/mobil-bekas-dijual/indonesia?page_size=25&page_number=70&sort=year.desc",70,"indonesia?page_size=25&page_number=70&sort=year.desc","https://www.carmudi.co.id/mobil-bekas-dijual/indonesia?page_size=25&page_number=70&sort=year.desc"
2780,"https://www.carmudi.co.id/mobil-bekas-dijual/indonesia?page_size=25&page_number=70&sort=year.asc",70,"indonesia?page_size=25&page_number=70&sort=year.asc","https://www.carmudi.co.id/mobil-bekas-dijual/indonesia?page_size=25&page_number=70&sort=year.asc"
2781,"https://www.carmudi.co.id/mobil-bekas-dijual/indonesia?page_size=25&page_number=70&sort=mileage.asc",70,"indonesia?page_size=25&page_number=70&sort=mileage.asc","https://www.carmudi.co.id/mobil-bekas-dijual/indonesia?page_size=25&page_number=70&sort=mileage.asc"
2782,"https://www.carmudi.co.id/mobil-bekas-dijual/indonesia?page_size=25&page_number=70&sort=mileage.desc",70,"indonesia?page_size=25&page_number=70&sort=mileage.desc","https://www.carmudi.co.id/mobil-bekas-dijual/indonesia?page_size=25&page_number=70&sort=mileage.desc"
2783,"https://www.carmudi.co.id/mobil-bekas-dijual/indonesia_jabodetabek?page_size=25&page_number=70",70,"indonesia_jabodetabek?page_size=25&page_number=70","https://www.carmudi.co.id/mobil-bekas-dijual/indonesia_jabodetabek?page_size=25&page_number=70"
2784,"https://www.carmudi.co.id/mobil-bekas-dijual/indonesia_dki-jakarta?page_size=25&page_number=70",70,"indonesia_dki-jakarta?page_size=25&page_number=70","https://www.carmudi.co.id/mobil-bekas-dijual/indonesia_dki-jakarta?page_size=25&page_number=70"
2785,"https://www.carmudi.co.id/mobil-bekas-dijual/indonesia_banten?page_size=25&page_number=70",70,"indonesia_banten?page_size=25&page_number=70","https://www.carmudi.co.id/mobil-bekas-dijual/indonesia_banten?page_size=25&page_number=70"
2786,"https://www.carmudi.co.id/mobil-bekas-dijual/indonesia_jawa-barat?page_size=25&page_number=70",70,"indonesia_jawa-barat?page_size=25&page_number=70","https://www.carmudi.co.id/mobil-bekas-dijual/indonesia_jawa-barat?page_size=25&page_number=70"
2787,"https://www.carmudi.co.id/mobil-bekas-dijual/indonesia_jawa-timur?page_size=25&page_number=70",70,"indonesia_jawa-timur?page_size=25&page_number=70","https://www.carmudi.co.id/mobil-bekas-dijual/indonesia_jawa-timur?page_size=25&page_number=70"
2788,"https://www.carmudi.co.id/mobil-bekas-dijual/indonesia_jawa-tengah?page_size=25&page_number=70",70,"indonesia_jawa-tengah?page_size=25&page_number=70","https://www.carmudi.co.id/mobil-bekas-dijual/indonesia_jawa-tengah?page_size=25&page_number=70"
2789,"https://www.carmudi.co.id/mobil-bekas-dijual/indonesia_yogyakarta?page_size=25&page_number=70",70,"indonesia_yogyakarta?page_size=25&page_number=70","https://www.carmudi.co.id/mobil-bekas-dijual/indonesia_yogyakarta?page_size=25&page_number=70"
2790,"https://www.carmudi.co.id/mobil-bekas-dijual/indonesia_sumatera-utara?page_size=25&page_number=70",70,"indonesia_sumatera-utara?page_size=25&page_number=70","https://www.carmudi.co.id/mobil-bekas-dijual/indonesia_sumatera-utara?page_size=25&page_number=70"
2791,"https://www.carmudi.co.id/mobil-bekas-dijual/indonesia_bali?page_size=25&page_number=70",70,"indonesia_bali?page_size=25&page_number=70","https://www.carmudi.co.id/mobil-bekas-dijual/indonesia_bali?page_size=25&page_number=70"
2792,"https://www.carmudi.co.id/mobil-bekas-dijual/indonesia_lampung?page_size=25&page_number=70",70,"indonesia_lampung?page_size=25&page_number=70","https://www.carmudi.co.id/mobil-bekas-dijual/indonesia_lampung?page_size=25&page_number=70"
2793,"https://www.carmudi.co.id/mobil-bekas-dijual/indonesia_gorontalo?page_size=25&page_number=70",70,"indonesia_gorontalo?page_size=25&page_number=70","https://www.carmudi.co.id/mobil-bekas-dijual/indonesia_gorontalo?page_size=25&page_number=70"
2794,"https://www.carmudi.co.id/mobil-bekas-dijual/indonesia_riau?page_size=25&page_number=70",70,"indonesia_riau?page_size=25&page_number=70","https://www.carmudi.co.id/mobil-bekas-dijual/indonesia_riau?page_size=25&page_number=70"
2795,"https://www.carmudi.co.id/mobil-bekas-dijual/indonesia_sumatera-selatan?page_size=25&page_number=70",70,"indonesia_sumatera-selatan?page_size=25&page_number=70","https://www.carmudi.co.id/mobil-bekas-dijual/indonesia_sumatera-selatan?page_size=25&page_number=70"
2796,"https://www.carmudi.co.id/mobil-bekas-dijual/indonesia_sumatera-barat?page_size=25&page_number=70",70,"indonesia_sumatera-barat?page_size=25&page_number=70","https://www.carmudi.co.id/mobil-bekas-dijual/indonesia_sumatera-barat?page_size=25&page_number=70"
2797,"https://www.carmudi.co.id/mobil-bekas-dijual/indonesia_jambi?page_size=25&page_number=70",70,"indonesia_jambi?page_size=25&page_number=70","https://www.carmudi.co.id/mobil-bekas-dijual/indonesia_jambi?page_size=25&page_number=70"
2798,"https://www.carmudi.co.id/mobil-bekas-dijual/indonesia_sulawesi-selatan?page_size=25&page_number=70",70,"indonesia_sulawesi-selatan?page_size=25&page_number=70","https://www.carmudi.co.id/mobil-bekas-dijual/indonesia_sulawesi-selatan?page_size=25&page_number=70"
2799,"https://www.carmudi.co.id/mobil-bekas-dijual/indonesia_nangroe-aceh-darussalam?page_size=25&page_number=70",70,"indonesia_nangroe-aceh-darussalam?page_size=25&page_number=70","https://www.carmudi.co.id/mobil-bekas-dijual/indonesia_nangroe-aceh-darussalam?page_size=25&page_number=70"
2800,"https://www.carmudi.co.id/mobil-bekas-dijual/indonesia_sulawesi-utara?page_size=25&page_number=70",70,"indonesia_sulawesi-utara?page_size=25&page_number=70","https://www.carmudi.co.id/mobil-bekas-dijual/indonesia_sulawesi-utara?page_size=25&page_number=70"
2801,"https://www.carmudi.co.id/mobil-bekas-dijual/indonesia_kalimantan-timur?page_size=25&page_number=70",70,"indonesia_kalimantan-timur?page_size=25&page_number=70","https://www.carmudi.co.id/mobil-bekas-dijual/indonesia_kalimantan-timur?page_size=25&page_number=70"
2802,"https://www.carmudi.co.id/mobil-bekas-dijual/indonesia_nusa-tenggara-barat?page_size=25&page_number=70",70,"indonesia_nusa-tenggara-barat?page_size=25&page_number=70","https://www.carmudi.co.id/mobil-bekas-dijual/indonesia_nusa-tenggara-barat?page_size=25&page_number=70"
2803,"https://www.carmudi.co.id/mobil-bekas-dijual/indonesia_sulawesi-tengah?page_size=25&page_number=70",70,"indonesia_sulawesi-tengah?page_size=25&page_number=70","https://www.carmudi.co.id/mobil-bekas-dijual/indonesia_sulawesi-tengah?page_size=25&page_number=70"
2804,"https://www.carmudi.co.id/mobil-bekas-dijual/indonesia_kalimantan-barat?page_size=25&page_number=70",70,"indonesia_kalimantan-barat?page_size=25&page_number=70","https://www.carmudi.co.id/mobil-bekas-dijual/indonesia_kalimantan-barat?page_size=25&page_number=70"
2805,"https://www.carmudi.co.id/mobil-bekas-dijual/indonesia_maluku?page_size=25&page_number=70",70,"indonesia_maluku?page_size=25&page_number=70","https://www.carmudi.co.id/mobil-bekas-dijual/indonesia_maluku?page_size=25&page_number=70"
2806,"https://www.carmudi.co.id/mobil-bekas-dijual/indonesia_maluku-utara?page_size=25&page_number=70",70,"indonesia_maluku-utara?page_size=25&page_number=70","https://www.carmudi.co.id/mobil-bekas-dijual/indonesia_maluku-utara?page_size=25&page_number=70"
2807,"https://www.carmudi.co.id/mobil-bekas-dijual/indonesia_sulawesi-barat?page_size=25&page_number=70",70,"indonesia_sulawesi-barat?page_size=25&page_number=70","https://www.carmudi.co.id/mobil-bekas-dijual/indonesia_sulawesi-barat?page_size=25&page_number=70"
2808,"https://www.carmudi.co.id/mobil-bekas-dijual/indonesia_sulawesi-tenggara?page_size=25&page_number=70",70,"indonesia_sulawesi-tenggara?page_size=25&page_number=70","https://www.carmudi.co.id/mobil-bekas-dijual/indonesia_sulawesi-tenggara?page_size=25&page_number=70"
2809,"https://www.carmudi.co.id/mobil-bekas-dijual/indonesia?page_number=71&page_size=25",71,"indonesia?page_number=71&page_size=25","https://www.carmudi.co.id/mobil-bekas-dijual/indonesia?page_number=71&page_size=25"
2810,"https://www.carmudi.co.id/mobil-bekas-dijual/indonesia?page_size=25&page_number=71",71,"indonesia?page_size=25&page_number=71","https://www.carmudi.co.id/mobil-bekas-dijual/indonesia?page_size=25&page_number=71"
2811,"https://www.carmudi.co.id/mobil-bekas-dijual/indonesia?transmission=automatic&page_size=25&page_number=71",71,"indonesia?transmission=automatic&page_size=25&page_number=71","https://www.carmudi.co.id/mobil-bekas-dijual/indonesia?transmission=automatic&page_size=25&page_number=71"
2812,"https://www.carmudi.co.id/mobil-bekas-dijual/indonesia?transmission=manual&page_size=25&page_number=71",71,"indonesia?transmission=manual&page_size=25&page_number=71","https://www.carmudi.co.id/mobil-bekas-dijual/indonesia?transmission=manual&page_size=25&page_number=71"
2813,"https://www.carmudi.co.id/mobil-bekas-dijual/indonesia?page_size=25&page_number=71&sort=best.match",71,"indonesia?page_size=25&page_number=71&sort=best.match","https://www.carmudi.co.id/mobil-bekas-dijual/indonesia?page_size=25&page_number=71&sort=best.match"
2814,"https://www.carmudi.co.id/mobil-bekas-dijual/indonesia?page_size=25&page_number=71&sort=modification_date_search.desc",71,"indonesia?page_size=25&page_number=71&sort=modification_date_search.desc","https://www.carmudi.co.id/mobil-bekas-dijual/indonesia?page_size=25&page_number=71&sort=modification_date_search.desc"
2815,"https://www.carmudi.co.id/mobil-bekas-dijual/indonesia?page_size=25&page_number=71&sort=price.asc",71,"indonesia?page_size=25&page_number=71&sort=price.asc","https://www.carmudi.co.id/mobil-bekas-dijual/indonesia?page_size=25&page_number=71&sort=price.asc"
2816,"https://www.carmudi.co.id/mobil-bekas-dijual/indonesia?page_size=25&page_number=71&sort=price.desc",71,"indonesia?page_size=25&page_number=71&sort=price.desc","https://www.carmudi.co.id/mobil-bekas-dijual/indonesia?page_size=25&page_number=71&sort=price.desc"
2817,"https://www.carmudi.co.id/mobil-bekas-dijual/indonesia?page_size=25&page_number=71&sort=year.desc",71,"indonesia?page_size=25&page_number=71&sort=year.desc","https://www.carmudi.co.id/mobil-bekas-dijual/indonesia?page_size=25&page_number=71&sort=year.desc"
2818,"https://www.carmudi.co.id/mobil-bekas-dijual/indonesia?page_size=25&page_number=71&sort=year.asc",71,"indonesia?page_size=25&page_number=71&sort=year.asc","https://www.carmudi.co.id/mobil-bekas-dijual/indonesia?page_size=25&page_number=71&sort=year.asc"
2819,"https://www.carmudi.co.id/mobil-bekas-dijual/indonesia?page_size=25&page_number=71&sort=mileage.asc",71,"indonesia?page_size=25&page_number=71&sort=mileage.asc","https://www.carmudi.co.id/mobil-bekas-dijual/indonesia?page_size=25&page_number=71&sort=mileage.asc"
2820,"https://www.carmudi.co.id/mobil-bekas-dijual/indonesia?page_size=25&page_number=71&sort=mileage.desc",71,"indonesia?page_size=25&page_number=71&sort=mileage.desc","https://www.carmudi.co.id/mobil-bekas-dijual/indonesia?page_size=25&page_number=71&sort=mileage.desc"
2821,"https://www.carmudi.co.id/mobil-bekas-dijual/indonesia_jabodetabek?page_size=25&page_number=71",71,"indonesia_jabodetabek?page_size=25&page_number=71","https://www.carmudi.co.id/mobil-bekas-dijual/indonesia_jabodetabek?page_size=25&page_number=71"
2822,"https://www.carmudi.co.id/mobil-bekas-dijual/indonesia_dki-jakarta?page_size=25&page_number=71",71,"indonesia_dki-jakarta?page_size=25&page_number=71","https://www.carmudi.co.id/mobil-bekas-dijual/indonesia_dki-jakarta?page_size=25&page_number=71"
2823,"https://www.carmudi.co.id/mobil-bekas-dijual/indonesia_banten?page_size=25&page_number=71",71,"indonesia_banten?page_size=25&page_number=71","https://www.carmudi.co.id/mobil-bekas-dijual/indonesia_banten?page_size=25&page_number=71"
2824,"https://www.carmudi.co.id/mobil-bekas-dijual/indonesia_jawa-barat?page_size=25&page_number=71",71,"indonesia_jawa-barat?page_size=25&page_number=71","https://www.carmudi.co.id/mobil-bekas-dijual/indonesia_jawa-barat?page_size=25&page_number=71"
2825,"https://www.carmudi.co.id/mobil-bekas-dijual/indonesia_jawa-timur?page_size=25&page_number=71",71,"indonesia_jawa-timur?page_size=25&page_number=71","https://www.carmudi.co.id/mobil-bekas-dijual/indonesia_jawa-timur?page_size=25&page_number=71"
2826,"https://www.carmudi.co.id/mobil-bekas-dijual/indonesia_jawa-tengah?page_size=25&page_number=71",71,"indonesia_jawa-tengah?page_size=25&page_number=71","https://www.carmudi.co.id/mobil-bekas-dijual/indonesia_jawa-tengah?page_size=25&page_number=71"
2827,"https://www.carmudi.co.id/mobil-bekas-dijual/indonesia_yogyakarta?page_size=25&page_number=71",71,"indonesia_yogyakarta?page_size=25&page_number=71","https://www.carmudi.co.id/mobil-bekas-dijual/indonesia_yogyakarta?page_size=25&page_number=71"
2828,"https://www.carmudi.co.id/mobil-bekas-dijual/indonesia_sumatera-utara?page_size=25&page_number=71",71,"indonesia_sumatera-utara?page_size=25&page_number=71","https://www.carmudi.co.id/mobil-bekas-dijual/indonesia_sumatera-utara?page_size=25&page_number=71"
2829,"https://www.carmudi.co.id/mobil-bekas-dijual/indonesia_bali?page_size=25&page_number=71",71,"indonesia_bali?page_size=25&page_number=71","https://www.carmudi.co.id/mobil-bekas-dijual/indonesia_bali?page_size=25&page_number=71"
2830,"https://www.carmudi.co.id/mobil-bekas-dijual/indonesia_lampung?page_size=25&page_number=71",71,"indonesia_lampung?page_size=25&page_number=71","https://www.carmudi.co.id/mobil-bekas-dijual/indonesia_lampung?page_size=25&page_number=71"
2831,"https://www.carmudi.co.id/mobil-bekas-dijual/indonesia_gorontalo?page_size=25&page_number=71",71,"indonesia_gorontalo?page_size=25&page_number=71","https://www.carmudi.co.id/mobil-bekas-dijual/indonesia_gorontalo?page_size=25&page_number=71"
2832,"https://www.carmudi.co.id/mobil-bekas-dijual/indonesia_riau?page_size=25&page_number=71",71,"indonesia_riau?page_size=25&page_number=71","https://www.carmudi.co.id/mobil-bekas-dijual/indonesia_riau?page_size=25&page_number=71"
2833,"https://www.carmudi.co.id/mobil-bekas-dijual/indonesia_sumatera-selatan?page_size=25&page_number=71",71,"indonesia_sumatera-selatan?page_size=25&page_number=71","https://www.carmudi.co.id/mobil-bekas-dijual/indonesia_sumatera-selatan?page_size=25&page_number=71"
2834,"https://www.carmudi.co.id/mobil-bekas-dijual/indonesia_sumatera-barat?page_size=25&page_number=71",71,"indonesia_sumatera-barat?page_size=25&page_number=71","https://www.carmudi.co.id/mobil-bekas-dijual/indonesia_sumatera-barat?page_size=25&page_number=71"
2835,"https://www.carmudi.co.id/mobil-bekas-dijual/indonesia_jambi?page_size=25&page_number=71",71,"indonesia_jambi?page_size=25&page_number=71","https://www.carmudi.co.id/mobil-bekas-dijual/indonesia_jambi?page_size=25&page_number=71"
2836,"https://www.carmudi.co.id/mobil-bekas-dijual/indonesia_sulawesi-selatan?page_size=25&page_number=71",71,"indonesia_sulawesi-selatan?page_size=25&page_number=71","https://www.carmudi.co.id/mobil-bekas-dijual/indonesia_sulawesi-selatan?page_size=25&page_number=71"
2837,"https://www.carmudi.co.id/mobil-bekas-dijual/indonesia_nangroe-aceh-darussalam?page_size=25&page_number=71",71,"indonesia_nangroe-aceh-darussalam?page_size=25&page_number=71","https://www.carmudi.co.id/mobil-bekas-dijual/indonesia_nangroe-aceh-darussalam?page_size=25&page_number=71"
2838,"https://www.carmudi.co.id/mobil-bekas-dijual/indonesia_sulawesi-utara?page_size=25&page_number=71",71,"indonesia_sulawesi-utara?page_size=25&page_number=71","https://www.carmudi.co.id/mobil-bekas-dijual/indonesia_sulawesi-utara?page_size=25&page_number=71"
2839,"https://www.carmudi.co.id/mobil-bekas-dijual/indonesia_kalimantan-timur?page_size=25&page_number=71",71,"indonesia_kalimantan-timur?page_size=25&page_number=71","https://www.carmudi.co.id/mobil-bekas-dijual/indonesia_kalimantan-timur?page_size=25&page_number=71"
2840,"https://www.carmudi.co.id/mobil-bekas-dijual/indonesia_nusa-tenggara-barat?page_size=25&page_number=71",71,"indonesia_nusa-tenggara-barat?page_size=25&page_number=71","https://www.carmudi.co.id/mobil-bekas-dijual/indonesia_nusa-tenggara-barat?page_size=25&page_number=71"
2841,"https://www.carmudi.co.id/mobil-bekas-dijual/indonesia_sulawesi-tengah?page_size=25&page_number=71",71,"indonesia_sulawesi-tengah?page_size=25&page_number=71","https://www.carmudi.co.id/mobil-bekas-dijual/indonesia_sulawesi-tengah?page_size=25&page_number=71"
2842,"https://www.carmudi.co.id/mobil-bekas-dijual/indonesia_kalimantan-barat?page_size=25&page_number=71",71,"indonesia_kalimantan-barat?page_size=25&page_number=71","https://www.carmudi.co.id/mobil-bekas-dijual/indonesia_kalimantan-barat?page_size=25&page_number=71"
2843,"https://www.carmudi.co.id/mobil-bekas-dijual/indonesia_maluku?page_size=25&page_number=71",71,"indonesia_maluku?page_size=25&page_number=71","https://www.carmudi.co.id/mobil-bekas-dijual/indonesia_maluku?page_size=25&page_number=71"
2844,"https://www.carmudi.co.id/mobil-bekas-dijual/indonesia_maluku-utara?page_size=25&page_number=71",71,"indonesia_maluku-utara?page_size=25&page_number=71","https://www.carmudi.co.id/mobil-bekas-dijual/indonesia_maluku-utara?page_size=25&page_number=71"
2845,"https://www.carmudi.co.id/mobil-bekas-dijual/indonesia_sulawesi-barat?page_size=25&page_number=71",71,"indonesia_sulawesi-barat?page_size=25&page_number=71","https://www.carmudi.co.id/mobil-bekas-dijual/indonesia_sulawesi-barat?page_size=25&page_number=71"
2846,"https://www.carmudi.co.id/mobil-bekas-dijual/indonesia_sulawesi-tenggara?page_size=25&page_number=71",71,"indonesia_sulawesi-tenggara?page_size=25&page_number=71","https://www.carmudi.co.id/mobil-bekas-dijual/indonesia_sulawesi-tenggara?page_size=25&page_number=71"
2847,"https://www.carmudi.co.id/mobil-bekas-dijual/indonesia?page_number=72&page_size=25",72,"indonesia?page_number=72&page_size=25","https://www.carmudi.co.id/mobil-bekas-dijual/indonesia?page_number=72&page_size=25"
2848,"https://www.carmudi.co.id/mobil-bekas-dijual/indonesia?page_size=25&page_number=72",72,"indonesia?page_size=25&page_number=72","https://www.carmudi.co.id/mobil-bekas-dijual/indonesia?page_size=25&page_number=72"
2849,"https://www.carmudi.co.id/mobil-bekas-dijual/indonesia?transmission=automatic&page_size=25&page_number=72",72,"indonesia?transmission=automatic&page_size=25&page_number=72","https://www.carmudi.co.id/mobil-bekas-dijual/indonesia?transmission=automatic&page_size=25&page_number=72"
2850,"https://www.carmudi.co.id/mobil-bekas-dijual/indonesia?transmission=manual&page_size=25&page_number=72",72,"indonesia?transmission=manual&page_size=25&page_number=72","https://www.carmudi.co.id/mobil-bekas-dijual/indonesia?transmission=manual&page_size=25&page_number=72"
2851,"https://www.carmudi.co.id/mobil-bekas-dijual/indonesia?page_size=25&page_number=72&sort=best.match",72,"indonesia?page_size=25&page_number=72&sort=best.match","https://www.carmudi.co.id/mobil-bekas-dijual/indonesia?page_size=25&page_number=72&sort=best.match"
2852,"https://www.carmudi.co.id/mobil-bekas-dijual/indonesia?page_size=25&page_number=72&sort=modification_date_search.desc",72,"indonesia?page_size=25&page_number=72&sort=modification_date_search.desc","https://www.carmudi.co.id/mobil-bekas-dijual/indonesia?page_size=25&page_number=72&sort=modification_date_search.desc"
2853,"https://www.carmudi.co.id/mobil-bekas-dijual/indonesia?page_size=25&page_number=72&sort=price.asc",72,"indonesia?page_size=25&page_number=72&sort=price.asc","https://www.carmudi.co.id/mobil-bekas-dijual/indonesia?page_size=25&page_number=72&sort=price.asc"
2854,"https://www.carmudi.co.id/mobil-bekas-dijual/indonesia?page_size=25&page_number=72&sort=price.desc",72,"indonesia?page_size=25&page_number=72&sort=price.desc","https://www.carmudi.co.id/mobil-bekas-dijual/indonesia?page_size=25&page_number=72&sort=price.desc"
2855,"https://www.carmudi.co.id/mobil-bekas-dijual/indonesia?page_size=25&page_number=72&sort=year.desc",72,"indonesia?page_size=25&page_number=72&sort=year.desc","https://www.carmudi.co.id/mobil-bekas-dijual/indonesia?page_size=25&page_number=72&sort=year.desc"
2856,"https://www.carmudi.co.id/mobil-bekas-dijual/indonesia?page_size=25&page_number=72&sort=year.asc",72,"indonesia?page_size=25&page_number=72&sort=year.asc","https://www.carmudi.co.id/mobil-bekas-dijual/indonesia?page_size=25&page_number=72&sort=year.asc"
2857,"https://www.carmudi.co.id/mobil-bekas-dijual/indonesia?page_size=25&page_number=72&sort=mileage.asc",72,"indonesia?page_size=25&page_number=72&sort=mileage.asc","https://www.carmudi.co.id/mobil-bekas-dijual/indonesia?page_size=25&page_number=72&sort=mileage.asc"
2858,"https://www.carmudi.co.id/mobil-bekas-dijual/indonesia?page_size=25&page_number=72&sort=mileage.desc",72,"indonesia?page_size=25&page_number=72&sort=mileage.desc","https://www.carmudi.co.id/mobil-bekas-dijual/indonesia?page_size=25&page_number=72&sort=mileage.desc"
2859,"https://www.carmudi.co.id/mobil-bekas-dijual/indonesia_jabodetabek?page_size=25&page_number=72",72,"indonesia_jabodetabek?page_size=25&page_number=72","https://www.carmudi.co.id/mobil-bekas-dijual/indonesia_jabodetabek?page_size=25&page_number=72"
2860,"https://www.carmudi.co.id/mobil-bekas-dijual/indonesia_dki-jakarta?page_size=25&page_number=72",72,"indonesia_dki-jakarta?page_size=25&page_number=72","https://www.carmudi.co.id/mobil-bekas-dijual/indonesia_dki-jakarta?page_size=25&page_number=72"
2861,"https://www.carmudi.co.id/mobil-bekas-dijual/indonesia_banten?page_size=25&page_number=72",72,"indonesia_banten?page_size=25&page_number=72","https://www.carmudi.co.id/mobil-bekas-dijual/indonesia_banten?page_size=25&page_number=72"
2862,"https://www.carmudi.co.id/mobil-bekas-dijual/indonesia_jawa-barat?page_size=25&page_number=72",72,"indonesia_jawa-barat?page_size=25&page_number=72","https://www.carmudi.co.id/mobil-bekas-dijual/indonesia_jawa-barat?page_size=25&page_number=72"
2863,"https://www.carmudi.co.id/mobil-bekas-dijual/indonesia_jawa-timur?page_size=25&page_number=72",72,"indonesia_jawa-timur?page_size=25&page_number=72","https://www.carmudi.co.id/mobil-bekas-dijual/indonesia_jawa-timur?page_size=25&page_number=72"
2864,"https://www.carmudi.co.id/mobil-bekas-dijual/indonesia_jawa-tengah?page_size=25&page_number=72",72,"indonesia_jawa-tengah?page_size=25&page_number=72","https://www.carmudi.co.id/mobil-bekas-dijual/indonesia_jawa-tengah?page_size=25&page_number=72"
2865,"https://www.carmudi.co.id/mobil-bekas-dijual/indonesia_yogyakarta?page_size=25&page_number=72",72,"indonesia_yogyakarta?page_size=25&page_number=72","https://www.carmudi.co.id/mobil-bekas-dijual/indonesia_yogyakarta?page_size=25&page_number=72"
2866,"https://www.carmudi.co.id/mobil-bekas-dijual/indonesia_sumatera-utara?page_size=25&page_number=72",72,"indonesia_sumatera-utara?page_size=25&page_number=72","https://www.carmudi.co.id/mobil-bekas-dijual/indonesia_sumatera-utara?page_size=25&page_number=72"
2867,"https://www.carmudi.co.id/mobil-bekas-dijual/indonesia_bali?page_size=25&page_number=72",72,"indonesia_bali?page_size=25&page_number=72","https://www.carmudi.co.id/mobil-bekas-dijual/indonesia_bali?page_size=25&page_number=72"
2868,"https://www.carmudi.co.id/mobil-bekas-dijual/indonesia_lampung?page_size=25&page_number=72",72,"indonesia_lampung?page_size=25&page_number=72","https://www.carmudi.co.id/mobil-bekas-dijual/indonesia_lampung?page_size=25&page_number=72"
2869,"https://www.carmudi.co.id/mobil-bekas-dijual/indonesia_gorontalo?page_size=25&page_number=72",72,"indonesia_gorontalo?page_size=25&page_number=72","https://www.carmudi.co.id/mobil-bekas-dijual/indonesia_gorontalo?page_size=25&page_number=72"
2870,"https://www.carmudi.co.id/mobil-bekas-dijual/indonesia_riau?page_size=25&page_number=72",72,"indonesia_riau?page_size=25&page_number=72","https://www.carmudi.co.id/mobil-bekas-dijual/indonesia_riau?page_size=25&page_number=72"
2871,"https://www.carmudi.co.id/mobil-bekas-dijual/indonesia_sumatera-selatan?page_size=25&page_number=72",72,"indonesia_sumatera-selatan?page_size=25&page_number=72","https://www.carmudi.co.id/mobil-bekas-dijual/indonesia_sumatera-selatan?page_size=25&page_number=72"
2872,"https://www.carmudi.co.id/mobil-bekas-dijual/indonesia_sumatera-barat?page_size=25&page_number=72",72,"indonesia_sumatera-barat?page_size=25&page_number=72","https://www.carmudi.co.id/mobil-bekas-dijual/indonesia_sumatera-barat?page_size=25&page_number=72"
2873,"https://www.carmudi.co.id/mobil-bekas-dijual/indonesia_jambi?page_size=25&page_number=72",72,"indonesia_jambi?page_size=25&page_number=72","https://www.carmudi.co.id/mobil-bekas-dijual/indonesia_jambi?page_size=25&page_number=72"
2874,"https://www.carmudi.co.id/mobil-bekas-dijual/indonesia_sulawesi-selatan?page_size=25&page_number=72",72,"indonesia_sulawesi-selatan?page_size=25&page_number=72","https://www.carmudi.co.id/mobil-bekas-dijual/indonesia_sulawesi-selatan?page_size=25&page_number=72"
2875,"https://www.carmudi.co.id/mobil-bekas-dijual/indonesia_nangroe-aceh-darussalam?page_size=25&page_number=72",72,"indonesia_nangroe-aceh-darussalam?page_size=25&page_number=72","https://www.carmudi.co.id/mobil-bekas-dijual/indonesia_nangroe-aceh-darussalam?page_size=25&page_number=72"
2876,"https://www.carmudi.co.id/mobil-bekas-dijual/indonesia_sulawesi-utara?page_size=25&page_number=72",72,"indonesia_sulawesi-utara?page_size=25&page_number=72","https://www.carmudi.co.id/mobil-bekas-dijual/indonesia_sulawesi-utara?page_size=25&page_number=72"
2877,"https://www.carmudi.co.id/mobil-bekas-dijual/indonesia_kalimantan-timur?page_size=25&page_number=72",72,"indonesia_kalimantan-timur?page_size=25&page_number=72","https://www.carmudi.co.id/mobil-bekas-dijual/indonesia_kalimantan-timur?page_size=25&page_number=72"
2878,"https://www.carmudi.co.id/mobil-bekas-dijual/indonesia_nusa-tenggara-barat?page_size=25&page_number=72",72,"indonesia_nusa-tenggara-barat?page_size=25&page_number=72","https://www.carmudi.co.id/mobil-bekas-dijual/indonesia_nusa-tenggara-barat?page_size=25&page_number=72"
2879,"https://www.carmudi.co.id/mobil-bekas-dijual/indonesia_sulawesi-tengah?page_size=25&page_number=72",72,"indonesia_sulawesi-tengah?page_size=25&page_number=72","https://www.carmudi.co.id/mobil-bekas-dijual/indonesia_sulawesi-tengah?page_size=25&page_number=72"
2880,"https://www.carmudi.co.id/mobil-bekas-dijual/indonesia_kalimantan-barat?page_size=25&page_number=72",72,"indonesia_kalimantan-barat?page_size=25&page_number=72","https://www.carmudi.co.id/mobil-bekas-dijual/indonesia_kalimantan-barat?page_size=25&page_number=72"
2881,"https://www.carmudi.co.id/mobil-bekas-dijual/indonesia_maluku?page_size=25&page_number=72",72,"indonesia_maluku?page_size=25&page_number=72","https://www.carmudi.co.id/mobil-bekas-dijual/indonesia_maluku?page_size=25&page_number=72"
2882,"https://www.carmudi.co.id/mobil-bekas-dijual/indonesia_maluku-utara?page_size=25&page_number=72",72,"indonesia_maluku-utara?page_size=25&page_number=72","https://www.carmudi.co.id/mobil-bekas-dijual/indonesia_maluku-utara?page_size=25&page_number=72"
2883,"https://www.carmudi.co.id/mobil-bekas-dijual/indonesia_sulawesi-barat?page_size=25&page_number=72",72,"indonesia_sulawesi-barat?page_size=25&page_number=72","https://www.carmudi.co.id/mobil-bekas-dijual/indonesia_sulawesi-barat?page_size=25&page_number=72"
2884,"https://www.carmudi.co.id/mobil-bekas-dijual/indonesia_sulawesi-tenggara?page_size=25&page_number=72",72,"indonesia_sulawesi-tenggara?page_size=25&page_number=72","https://www.carmudi.co.id/mobil-bekas-dijual/indonesia_sulawesi-tenggara?page_size=25&page_number=72"
2885,"https://www.carmudi.co.id/mobil-bekas-dijual/indonesia?page_number=73&page_size=25",73,"indonesia?page_number=73&page_size=25","https://www.carmudi.co.id/mobil-bekas-dijual/indonesia?page_number=73&page_size=25"
2886,"https://www.carmudi.co.id/mobil-bekas-dijual/indonesia?page_size=25&page_number=73",73,"indonesia?page_size=25&page_number=73","https://www.carmudi.co.id/mobil-bekas-dijual/indonesia?page_size=25&page_number=73"
2887,"https://www.carmudi.co.id/mobil-bekas-dijual/indonesia?transmission=automatic&page_size=25&page_number=73",73,"indonesia?transmission=automatic&page_size=25&page_number=73","https://www.carmudi.co.id/mobil-bekas-dijual/indonesia?transmission=automatic&page_size=25&page_number=73"
2888,"https://www.carmudi.co.id/mobil-bekas-dijual/indonesia?transmission=manual&page_size=25&page_number=73",73,"indonesia?transmission=manual&page_size=25&page_number=73","https://www.carmudi.co.id/mobil-bekas-dijual/indonesia?transmission=manual&page_size=25&page_number=73"
2889,"https://www.carmudi.co.id/mobil-bekas-dijual/indonesia?page_size=25&page_number=73&sort=best.match",73,"indonesia?page_size=25&page_number=73&sort=best.match","https://www.carmudi.co.id/mobil-bekas-dijual/indonesia?page_size=25&page_number=73&sort=best.match"
2890,"https://www.carmudi.co.id/mobil-bekas-dijual/indonesia?page_size=25&page_number=73&sort=modification_date_search.desc",73,"indonesia?page_size=25&page_number=73&sort=modification_date_search.desc","https://www.carmudi.co.id/mobil-bekas-dijual/indonesia?page_size=25&page_number=73&sort=modification_date_search.desc"
2891,"https://www.carmudi.co.id/mobil-bekas-dijual/indonesia?page_size=25&page_number=73&sort=price.asc",73,"indonesia?page_size=25&page_number=73&sort=price.asc","https://www.carmudi.co.id/mobil-bekas-dijual/indonesia?page_size=25&page_number=73&sort=price.asc"
2892,"https://www.carmudi.co.id/mobil-bekas-dijual/indonesia?page_size=25&page_number=73&sort=price.desc",73,"indonesia?page_size=25&page_number=73&sort=price.desc","https://www.carmudi.co.id/mobil-bekas-dijual/indonesia?page_size=25&page_number=73&sort=price.desc"
2893,"https://www.carmudi.co.id/mobil-bekas-dijual/indonesia?page_size=25&page_number=73&sort=year.desc",73,"indonesia?page_size=25&page_number=73&sort=year.desc","https://www.carmudi.co.id/mobil-bekas-dijual/indonesia?page_size=25&page_number=73&sort=year.desc"
2894,"https://www.carmudi.co.id/mobil-bekas-dijual/indonesia?page_size=25&page_number=73&sort=year.asc",73,"indonesia?page_size=25&page_number=73&sort=year.asc","https://www.carmudi.co.id/mobil-bekas-dijual/indonesia?page_size=25&page_number=73&sort=year.asc"
2895,"https://www.carmudi.co.id/mobil-bekas-dijual/indonesia?page_size=25&page_number=73&sort=mileage.asc",73,"indonesia?page_size=25&page_number=73&sort=mileage.asc","https://www.carmudi.co.id/mobil-bekas-dijual/indonesia?page_size=25&page_number=73&sort=mileage.asc"
2896,"https://www.carmudi.co.id/mobil-bekas-dijual/indonesia?page_size=25&page_number=73&sort=mileage.desc",73,"indonesia?page_size=25&page_number=73&sort=mileage.desc","https://www.carmudi.co.id/mobil-bekas-dijual/indonesia?page_size=25&page_number=73&sort=mileage.desc"
2897,"https://www.carmudi.co.id/mobil-bekas-dijual/indonesia_jabodetabek?page_size=25&page_number=73",73,"indonesia_jabodetabek?page_size=25&page_number=73","https://www.carmudi.co.id/mobil-bekas-dijual/indonesia_jabodetabek?page_size=25&page_number=73"
2898,"https://www.carmudi.co.id/mobil-bekas-dijual/indonesia_dki-jakarta?page_size=25&page_number=73",73,"indonesia_dki-jakarta?page_size=25&page_number=73","https://www.carmudi.co.id/mobil-bekas-dijual/indonesia_dki-jakarta?page_size=25&page_number=73"
2899,"https://www.carmudi.co.id/mobil-bekas-dijual/indonesia_banten?page_size=25&page_number=73",73,"indonesia_banten?page_size=25&page_number=73","https://www.carmudi.co.id/mobil-bekas-dijual/indonesia_banten?page_size=25&page_number=73"
2900,"https://www.carmudi.co.id/mobil-bekas-dijual/indonesia_jawa-barat?page_size=25&page_number=73",73,"indonesia_jawa-barat?page_size=25&page_number=73","https://www.carmudi.co.id/mobil-bekas-dijual/indonesia_jawa-barat?page_size=25&page_number=73"
2901,"https://www.carmudi.co.id/mobil-bekas-dijual/indonesia_jawa-timur?page_size=25&page_number=73",73,"indonesia_jawa-timur?page_size=25&page_number=73","https://www.carmudi.co.id/mobil-bekas-dijual/indonesia_jawa-timur?page_size=25&page_number=73"
2902,"https://www.carmudi.co.id/mobil-bekas-dijual/indonesia_jawa-tengah?page_size=25&page_number=73",73,"indonesia_jawa-tengah?page_size=25&page_number=73","https://www.carmudi.co.id/mobil-bekas-dijual/indonesia_jawa-tengah?page_size=25&page_number=73"
2903,"https://www.carmudi.co.id/mobil-bekas-dijual/indonesia_yogyakarta?page_size=25&page_number=73",73,"indonesia_yogyakarta?page_size=25&page_number=73","https://www.carmudi.co.id/mobil-bekas-dijual/indonesia_yogyakarta?page_size=25&page_number=73"
2904,"https://www.carmudi.co.id/mobil-bekas-dijual/indonesia_sumatera-utara?page_size=25&page_number=73",73,"indonesia_sumatera-utara?page_size=25&page_number=73","https://www.carmudi.co.id/mobil-bekas-dijual/indonesia_sumatera-utara?page_size=25&page_number=73"
2905,"https://www.carmudi.co.id/mobil-bekas-dijual/indonesia_bali?page_size=25&page_number=73",73,"indonesia_bali?page_size=25&page_number=73","https://www.carmudi.co.id/mobil-bekas-dijual/indonesia_bali?page_size=25&page_number=73"
2906,"https://www.carmudi.co.id/mobil-bekas-dijual/indonesia_lampung?page_size=25&page_number=73",73,"indonesia_lampung?page_size=25&page_number=73","https://www.carmudi.co.id/mobil-bekas-dijual/indonesia_lampung?page_size=25&page_number=73"
2907,"https://www.carmudi.co.id/mobil-bekas-dijual/indonesia_gorontalo?page_size=25&page_number=73",73,"indonesia_gorontalo?page_size=25&page_number=73","https://www.carmudi.co.id/mobil-bekas-dijual/indonesia_gorontalo?page_size=25&page_number=73"
2908,"https://www.carmudi.co.id/mobil-bekas-dijual/indonesia_riau?page_size=25&page_number=73",73,"indonesia_riau?page_size=25&page_number=73","https://www.carmudi.co.id/mobil-bekas-dijual/indonesia_riau?page_size=25&page_number=73"
2909,"https://www.carmudi.co.id/mobil-bekas-dijual/indonesia_sumatera-selatan?page_size=25&page_number=73",73,"indonesia_sumatera-selatan?page_size=25&page_number=73","https://www.carmudi.co.id/mobil-bekas-dijual/indonesia_sumatera-selatan?page_size=25&page_number=73"
2910,"https://www.carmudi.co.id/mobil-bekas-dijual/indonesia_sumatera-barat?page_size=25&page_number=73",73,"indonesia_sumatera-barat?page_size=25&page_number=73","https://www.carmudi.co.id/mobil-bekas-dijual/indonesia_sumatera-barat?page_size=25&page_number=73"
2911,"https://www.carmudi.co.id/mobil-bekas-dijual/indonesia_jambi?page_size=25&page_number=73",73,"indonesia_jambi?page_size=25&page_number=73","https://www.carmudi.co.id/mobil-bekas-dijual/indonesia_jambi?page_size=25&page_number=73"
2912,"https://www.carmudi.co.id/mobil-bekas-dijual/indonesia_sulawesi-selatan?page_size=25&page_number=73",73,"indonesia_sulawesi-selatan?page_size=25&page_number=73","https://www.carmudi.co.id/mobil-bekas-dijual/indonesia_sulawesi-selatan?page_size=25&page_number=73"
2913,"https://www.carmudi.co.id/mobil-bekas-dijual/indonesia_nangroe-aceh-darussalam?page_size=25&page_number=73",73,"indonesia_nangroe-aceh-darussalam?page_size=25&page_number=73","https://www.carmudi.co.id/mobil-bekas-dijual/indonesia_nangroe-aceh-darussalam?page_size=25&page_number=73"
2914,"https://www.carmudi.co.id/mobil-bekas-dijual/indonesia_sulawesi-utara?page_size=25&page_number=73",73,"indonesia_sulawesi-utara?page_size=25&page_number=73","https://www.carmudi.co.id/mobil-bekas-dijual/indonesia_sulawesi-utara?page_size=25&page_number=73"
2915,"https://www.carmudi.co.id/mobil-bekas-dijual/indonesia_kalimantan-timur?page_size=25&page_number=73",73,"indonesia_kalimantan-timur?page_size=25&page_number=73","https://www.carmudi.co.id/mobil-bekas-dijual/indonesia_kalimantan-timur?page_size=25&page_number=73"
2916,"https://www.carmudi.co.id/mobil-bekas-dijual/indonesia_nusa-tenggara-barat?page_size=25&page_number=73",73,"indonesia_nusa-tenggara-barat?page_size=25&page_number=73","https://www.carmudi.co.id/mobil-bekas-dijual/indonesia_nusa-tenggara-barat?page_size=25&page_number=73"
2917,"https://www.carmudi.co.id/mobil-bekas-dijual/indonesia_sulawesi-tengah?page_size=25&page_number=73",73,"indonesia_sulawesi-tengah?page_size=25&page_number=73","https://www.carmudi.co.id/mobil-bekas-dijual/indonesia_sulawesi-tengah?page_size=25&page_number=73"
2918,"https://www.carmudi.co.id/mobil-bekas-dijual/indonesia_kalimantan-barat?page_size=25&page_number=73",73,"indonesia_kalimantan-barat?page_size=25&page_number=73","https://www.carmudi.co.id/mobil-bekas-dijual/indonesia_kalimantan-barat?page_size=25&page_number=73"
2919,"https://www.carmudi.co.id/mobil-bekas-dijual/indonesia_maluku?page_size=25&page_number=73",73,"indonesia_maluku?page_size=25&page_number=73","https://www.carmudi.co.id/mobil-bekas-dijual/indonesia_maluku?page_size=25&page_number=73"
2920,"https://www.carmudi.co.id/mobil-bekas-dijual/indonesia_maluku-utara?page_size=25&page_number=73",73,"indonesia_maluku-utara?page_size=25&page_number=73","https://www.carmudi.co.id/mobil-bekas-dijual/indonesia_maluku-utara?page_size=25&page_number=73"
2921,"https://www.carmudi.co.id/mobil-bekas-dijual/indonesia_sulawesi-barat?page_size=25&page_number=73",73,"indonesia_sulawesi-barat?page_size=25&page_number=73","https://www.carmudi.co.id/mobil-bekas-dijual/indonesia_sulawesi-barat?page_size=25&page_number=73"
2922,"https://www.carmudi.co.id/mobil-bekas-dijual/indonesia_sulawesi-tenggara?page_size=25&page_number=73",73,"indonesia_sulawesi-tenggara?page_size=25&page_number=73","https://www.carmudi.co.id/mobil-bekas-dijual/indonesia_sulawesi-tenggara?page_size=25&page_number=73"
2923,"https://www.carmudi.co.id/mobil-bekas-dijual/indonesia?page_number=74&page_size=25",74,"indonesia?page_number=74&page_size=25","https://www.carmudi.co.id/mobil-bekas-dijual/indonesia?page_number=74&page_size=25"
2924,"https://www.carmudi.co.id/mobil-bekas-dijual/indonesia?page_size=25&page_number=74",74,"indonesia?page_size=25&page_number=74","https://www.carmudi.co.id/mobil-bekas-dijual/indonesia?page_size=25&page_number=74"
2925,"https://www.carmudi.co.id/mobil-bekas-dijual/indonesia?transmission=automatic&page_size=25&page_number=74",74,"indonesia?transmission=automatic&page_size=25&page_number=74","https://www.carmudi.co.id/mobil-bekas-dijual/indonesia?transmission=automatic&page_size=25&page_number=74"
2926,"https://www.carmudi.co.id/mobil-bekas-dijual/indonesia?transmission=manual&page_size=25&page_number=74",74,"indonesia?transmission=manual&page_size=25&page_number=74","https://www.carmudi.co.id/mobil-bekas-dijual/indonesia?transmission=manual&page_size=25&page_number=74"
2927,"https://www.carmudi.co.id/mobil-bekas-dijual/indonesia?page_size=25&page_number=74&sort=best.match",74,"indonesia?page_size=25&page_number=74&sort=best.match","https://www.carmudi.co.id/mobil-bekas-dijual/indonesia?page_size=25&page_number=74&sort=best.match"
2928,"https://www.carmudi.co.id/mobil-bekas-dijual/indonesia?page_size=25&page_number=74&sort=modification_date_search.desc",74,"indonesia?page_size=25&page_number=74&sort=modification_date_search.desc","https://www.carmudi.co.id/mobil-bekas-dijual/indonesia?page_size=25&page_number=74&sort=modification_date_search.desc"
2929,"https://www.carmudi.co.id/mobil-bekas-dijual/indonesia?page_size=25&page_number=74&sort=price.asc",74,"indonesia?page_size=25&page_number=74&sort=price.asc","https://www.carmudi.co.id/mobil-bekas-dijual/indonesia?page_size=25&page_number=74&sort=price.asc"
2930,"https://www.carmudi.co.id/mobil-bekas-dijual/indonesia?page_size=25&page_number=74&sort=price.desc",74,"indonesia?page_size=25&page_number=74&sort=price.desc","https://www.carmudi.co.id/mobil-bekas-dijual/indonesia?page_size=25&page_number=74&sort=price.desc"
2931,"https://www.carmudi.co.id/mobil-bekas-dijual/indonesia?page_size=25&page_number=74&sort=year.desc",74,"indonesia?page_size=25&page_number=74&sort=year.desc","https://www.carmudi.co.id/mobil-bekas-dijual/indonesia?page_size=25&page_number=74&sort=year.desc"
2932,"https://www.carmudi.co.id/mobil-bekas-dijual/indonesia?page_size=25&page_number=74&sort=year.asc",74,"indonesia?page_size=25&page_number=74&sort=year.asc","https://www.carmudi.co.id/mobil-bekas-dijual/indonesia?page_size=25&page_number=74&sort=year.asc"
2933,"https://www.carmudi.co.id/mobil-bekas-dijual/indonesia?page_size=25&page_number=74&sort=mileage.asc",74,"indonesia?page_size=25&page_number=74&sort=mileage.asc","https://www.carmudi.co.id/mobil-bekas-dijual/indonesia?page_size=25&page_number=74&sort=mileage.asc"
2934,"https://www.carmudi.co.id/mobil-bekas-dijual/indonesia?page_size=25&page_number=74&sort=mileage.desc",74,"indonesia?page_size=25&page_number=74&sort=mileage.desc","https://www.carmudi.co.id/mobil-bekas-dijual/indonesia?page_size=25&page_number=74&sort=mileage.desc"
2935,"https://www.carmudi.co.id/mobil-bekas-dijual/indonesia_jabodetabek?page_size=25&page_number=74",74,"indonesia_jabodetabek?page_size=25&page_number=74","https://www.carmudi.co.id/mobil-bekas-dijual/indonesia_jabodetabek?page_size=25&page_number=74"
2936,"https://www.carmudi.co.id/mobil-bekas-dijual/indonesia_dki-jakarta?page_size=25&page_number=74",74,"indonesia_dki-jakarta?page_size=25&page_number=74","https://www.carmudi.co.id/mobil-bekas-dijual/indonesia_dki-jakarta?page_size=25&page_number=74"
2937,"https://www.carmudi.co.id/mobil-bekas-dijual/indonesia_banten?page_size=25&page_number=74",74,"indonesia_banten?page_size=25&page_number=74","https://www.carmudi.co.id/mobil-bekas-dijual/indonesia_banten?page_size=25&page_number=74"
2938,"https://www.carmudi.co.id/mobil-bekas-dijual/indonesia_jawa-barat?page_size=25&page_number=74",74,"indonesia_jawa-barat?page_size=25&page_number=74","https://www.carmudi.co.id/mobil-bekas-dijual/indonesia_jawa-barat?page_size=25&page_number=74"
2939,"https://www.carmudi.co.id/mobil-bekas-dijual/indonesia_jawa-timur?page_size=25&page_number=74",74,"indonesia_jawa-timur?page_size=25&page_number=74","https://www.carmudi.co.id/mobil-bekas-dijual/indonesia_jawa-timur?page_size=25&page_number=74"
2940,"https://www.carmudi.co.id/mobil-bekas-dijual/indonesia_jawa-tengah?page_size=25&page_number=74",74,"indonesia_jawa-tengah?page_size=25&page_number=74","https://www.carmudi.co.id/mobil-bekas-dijual/indonesia_jawa-tengah?page_size=25&page_number=74"
2941,"https://www.carmudi.co.id/mobil-bekas-dijual/indonesia_yogyakarta?page_size=25&page_number=74",74,"indonesia_yogyakarta?page_size=25&page_number=74","https://www.carmudi.co.id/mobil-bekas-dijual/indonesia_yogyakarta?page_size=25&page_number=74"
2942,"https://www.carmudi.co.id/mobil-bekas-dijual/indonesia_sumatera-utara?page_size=25&page_number=74",74,"indonesia_sumatera-utara?page_size=25&page_number=74","https://www.carmudi.co.id/mobil-bekas-dijual/indonesia_sumatera-utara?page_size=25&page_number=74"
2943,"https://www.carmudi.co.id/mobil-bekas-dijual/indonesia_bali?page_size=25&page_number=74",74,"indonesia_bali?page_size=25&page_number=74","https://www.carmudi.co.id/mobil-bekas-dijual/indonesia_bali?page_size=25&page_number=74"
2944,"https://www.carmudi.co.id/mobil-bekas-dijual/indonesia_lampung?page_size=25&page_number=74",74,"indonesia_lampung?page_size=25&page_number=74","https://www.carmudi.co.id/mobil-bekas-dijual/indonesia_lampung?page_size=25&page_number=74"
2945,"https://www.carmudi.co.id/mobil-bekas-dijual/indonesia_gorontalo?page_size=25&page_number=74",74,"indonesia_gorontalo?page_size=25&page_number=74","https://www.carmudi.co.id/mobil-bekas-dijual/indonesia_gorontalo?page_size=25&page_number=74"
2946,"https://www.carmudi.co.id/mobil-bekas-dijual/indonesia_riau?page_size=25&page_number=74",74,"indonesia_riau?page_size=25&page_number=74","https://www.carmudi.co.id/mobil-bekas-dijual/indonesia_riau?page_size=25&page_number=74"
2947,"https://www.carmudi.co.id/mobil-bekas-dijual/indonesia_sumatera-selatan?page_size=25&page_number=74",74,"indonesia_sumatera-selatan?page_size=25&page_number=74","https://www.carmudi.co.id/mobil-bekas-dijual/indonesia_sumatera-selatan?page_size=25&page_number=74"
2948,"https://www.carmudi.co.id/mobil-bekas-dijual/indonesia_sumatera-barat?page_size=25&page_number=74",74,"indonesia_sumatera-barat?page_size=25&page_number=74","https://www.carmudi.co.id/mobil-bekas-dijual/indonesia_sumatera-barat?page_size=25&page_number=74"
2949,"https://www.carmudi.co.id/mobil-bekas-dijual/indonesia_jambi?page_size=25&page_number=74",74,"indonesia_jambi?page_size=25&page_number=74","https://www.carmudi.co.id/mobil-bekas-dijual/indonesia_jambi?page_size=25&page_number=74"
2950,"https://www.carmudi.co.id/mobil-bekas-dijual/indonesia_sulawesi-selatan?page_size=25&page_number=74",74,"indonesia_sulawesi-selatan?page_size=25&page_number=74","https://www.carmudi.co.id/mobil-bekas-dijual/indonesia_sulawesi-selatan?page_size=25&page_number=74"
2951,"https://www.carmudi.co.id/mobil-bekas-dijual/indonesia_nangroe-aceh-darussalam?page_size=25&page_number=74",74,"indonesia_nangroe-aceh-darussalam?page_size=25&page_number=74","https://www.carmudi.co.id/mobil-bekas-dijual/indonesia_nangroe-aceh-darussalam?page_size=25&page_number=74"
2952,"https://www.carmudi.co.id/mobil-bekas-dijual/indonesia_sulawesi-utara?page_size=25&page_number=74",74,"indonesia_sulawesi-utara?page_size=25&page_number=74","https://www.carmudi.co.id/mobil-bekas-dijual/indonesia_sulawesi-utara?page_size=25&page_number=74"
2953,"https://www.carmudi.co.id/mobil-bekas-dijual/indonesia_kalimantan-timur?page_size=25&page_number=74",74,"indonesia_kalimantan-timur?page_size=25&page_number=74","https://www.carmudi.co.id/mobil-bekas-dijual/indonesia_kalimantan-timur?page_size=25&page_number=74"
2954,"https://www.carmudi.co.id/mobil-bekas-dijual/indonesia_nusa-tenggara-barat?page_size=25&page_number=74",74,"indonesia_nusa-tenggara-barat?page_size=25&page_number=74","https://www.carmudi.co.id/mobil-bekas-dijual/indonesia_nusa-tenggara-barat?page_size=25&page_number=74"
2955,"https://www.carmudi.co.id/mobil-bekas-dijual/indonesia_sulawesi-tengah?page_size=25&page_number=74",74,"indonesia_sulawesi-tengah?page_size=25&page_number=74","https://www.carmudi.co.id/mobil-bekas-dijual/indonesia_sulawesi-tengah?page_size=25&page_number=74"
2956,"https://www.carmudi.co.id/mobil-bekas-dijual/indonesia_kalimantan-barat?page_size=25&page_number=74",74,"indonesia_kalimantan-barat?page_size=25&page_number=74","https://www.carmudi.co.id/mobil-bekas-dijual/indonesia_kalimantan-barat?page_size=25&page_number=74"
2957,"https://www.carmudi.co.id/mobil-bekas-dijual/indonesia_maluku?page_size=25&page_number=74",74,"indonesia_maluku?page_size=25&page_number=74","https://www.carmudi.co.id/mobil-bekas-dijual/indonesia_maluku?page_size=25&page_number=74"
2958,"https://www.carmudi.co.id/mobil-bekas-dijual/indonesia_maluku-utara?page_size=25&page_number=74",74,"indonesia_maluku-utara?page_size=25&page_number=74","https://www.carmudi.co.id/mobil-bekas-dijual/indonesia_maluku-utara?page_size=25&page_number=74"
2959,"https://www.carmudi.co.id/mobil-bekas-dijual/indonesia_sulawesi-barat?page_size=25&page_number=74",74,"indonesia_sulawesi-barat?page_size=25&page_number=74","https://www.carmudi.co.id/mobil-bekas-dijual/indonesia_sulawesi-barat?page_size=25&page_number=74"
2960,"https://www.carmudi.co.id/mobil-bekas-dijual/indonesia_sulawesi-tenggara?page_size=25&page_number=74",74,"indonesia_sulawesi-tenggara?page_size=25&page_number=74","https://www.carmudi.co.id/mobil-bekas-dijual/indonesia_sulawesi-tenggara?page_size=25&page_number=74"
2961,"https://www.carmudi.co.id/mobil-bekas-dijual/indonesia?page_number=75&page_size=25",75,"indonesia?page_number=75&page_size=25","https://www.carmudi.co.id/mobil-bekas-dijual/indonesia?page_number=75&page_size=25"
2962,"https://www.carmudi.co.id/mobil-bekas-dijual/indonesia?page_size=25&page_number=75",75,"indonesia?page_size=25&page_number=75","https://www.carmudi.co.id/mobil-bekas-dijual/indonesia?page_size=25&page_number=75"
2963,"https://www.carmudi.co.id/mobil-bekas-dijual/indonesia?transmission=automatic&page_size=25&page_number=75",75,"indonesia?transmission=automatic&page_size=25&page_number=75","https://www.carmudi.co.id/mobil-bekas-dijual/indonesia?transmission=automatic&page_size=25&page_number=75"
2964,"https://www.carmudi.co.id/mobil-bekas-dijual/indonesia?transmission=manual&page_size=25&page_number=75",75,"indonesia?transmission=manual&page_size=25&page_number=75","https://www.carmudi.co.id/mobil-bekas-dijual/indonesia?transmission=manual&page_size=25&page_number=75"
2965,"https://www.carmudi.co.id/mobil-bekas-dijual/indonesia?page_size=25&page_number=75&sort=best.match",75,"indonesia?page_size=25&page_number=75&sort=best.match","https://www.carmudi.co.id/mobil-bekas-dijual/indonesia?page_size=25&page_number=75&sort=best.match"
2966,"https://www.carmudi.co.id/mobil-bekas-dijual/indonesia?page_size=25&page_number=75&sort=modification_date_search.desc",75,"indonesia?page_size=25&page_number=75&sort=modification_date_search.desc","https://www.carmudi.co.id/mobil-bekas-dijual/indonesia?page_size=25&page_number=75&sort=modification_date_search.desc"
2967,"https://www.carmudi.co.id/mobil-bekas-dijual/indonesia?page_size=25&page_number=75&sort=price.asc",75,"indonesia?page_size=25&page_number=75&sort=price.asc","https://www.carmudi.co.id/mobil-bekas-dijual/indonesia?page_size=25&page_number=75&sort=price.asc"
2968,"https://www.carmudi.co.id/mobil-bekas-dijual/indonesia?page_size=25&page_number=75&sort=price.desc",75,"indonesia?page_size=25&page_number=75&sort=price.desc","https://www.carmudi.co.id/mobil-bekas-dijual/indonesia?page_size=25&page_number=75&sort=price.desc"
2969,"https://www.carmudi.co.id/mobil-bekas-dijual/indonesia?page_size=25&page_number=75&sort=year.desc",75,"indonesia?page_size=25&page_number=75&sort=year.desc","https://www.carmudi.co.id/mobil-bekas-dijual/indonesia?page_size=25&page_number=75&sort=year.desc"
2970,"https://www.carmudi.co.id/mobil-bekas-dijual/indonesia?page_size=25&page_number=75&sort=year.asc",75,"indonesia?page_size=25&page_number=75&sort=year.asc","https://www.carmudi.co.id/mobil-bekas-dijual/indonesia?page_size=25&page_number=75&sort=year.asc"
2971,"https://www.carmudi.co.id/mobil-bekas-dijual/indonesia?page_size=25&page_number=75&sort=mileage.asc",75,"indonesia?page_size=25&page_number=75&sort=mileage.asc","https://www.carmudi.co.id/mobil-bekas-dijual/indonesia?page_size=25&page_number=75&sort=mileage.asc"
2972,"https://www.carmudi.co.id/mobil-bekas-dijual/indonesia?page_size=25&page_number=75&sort=mileage.desc",75,"indonesia?page_size=25&page_number=75&sort=mileage.desc","https://www.carmudi.co.id/mobil-bekas-dijual/indonesia?page_size=25&page_number=75&sort=mileage.desc"
2973,"https://www.carmudi.co.id/mobil-bekas-dijual/indonesia_jabodetabek?page_size=25&page_number=75",75,"indonesia_jabodetabek?page_size=25&page_number=75","https://www.carmudi.co.id/mobil-bekas-dijual/indonesia_jabodetabek?page_size=25&page_number=75"
2974,"https://www.carmudi.co.id/mobil-bekas-dijual/indonesia_dki-jakarta?page_size=25&page_number=75",75,"indonesia_dki-jakarta?page_size=25&page_number=75","https://www.carmudi.co.id/mobil-bekas-dijual/indonesia_dki-jakarta?page_size=25&page_number=75"
2975,"https://www.carmudi.co.id/mobil-bekas-dijual/indonesia_banten?page_size=25&page_number=75",75,"indonesia_banten?page_size=25&page_number=75","https://www.carmudi.co.id/mobil-bekas-dijual/indonesia_banten?page_size=25&page_number=75"
2976,"https://www.carmudi.co.id/mobil-bekas-dijual/indonesia_jawa-barat?page_size=25&page_number=75",75,"indonesia_jawa-barat?page_size=25&page_number=75","https://www.carmudi.co.id/mobil-bekas-dijual/indonesia_jawa-barat?page_size=25&page_number=75"
2977,"https://www.carmudi.co.id/mobil-bekas-dijual/indonesia_jawa-timur?page_size=25&page_number=75",75,"indonesia_jawa-timur?page_size=25&page_number=75","https://www.carmudi.co.id/mobil-bekas-dijual/indonesia_jawa-timur?page_size=25&page_number=75"
2978,"https://www.carmudi.co.id/mobil-bekas-dijual/indonesia_jawa-tengah?page_size=25&page_number=75",75,"indonesia_jawa-tengah?page_size=25&page_number=75","https://www.carmudi.co.id/mobil-bekas-dijual/indonesia_jawa-tengah?page_size=25&page_number=75"
2979,"https://www.carmudi.co.id/mobil-bekas-dijual/indonesia_yogyakarta?page_size=25&page_number=75",75,"indonesia_yogyakarta?page_size=25&page_number=75","https://www.carmudi.co.id/mobil-bekas-dijual/indonesia_yogyakarta?page_size=25&page_number=75"
2980,"https://www.carmudi.co.id/mobil-bekas-dijual/indonesia_sumatera-utara?page_size=25&page_number=75",75,"indonesia_sumatera-utara?page_size=25&page_number=75","https://www.carmudi.co.id/mobil-bekas-dijual/indonesia_sumatera-utara?page_size=25&page_number=75"
2981,"https://www.carmudi.co.id/mobil-bekas-dijual/indonesia_bali?page_size=25&page_number=75",75,"indonesia_bali?page_size=25&page_number=75","https://www.carmudi.co.id/mobil-bekas-dijual/indonesia_bali?page_size=25&page_number=75"
2982,"https://www.carmudi.co.id/mobil-bekas-dijual/indonesia_lampung?page_size=25&page_number=75",75,"indonesia_lampung?page_size=25&page_number=75","https://www.carmudi.co.id/mobil-bekas-dijual/indonesia_lampung?page_size=25&page_number=75"
2983,"https://www.carmudi.co.id/mobil-bekas-dijual/indonesia_gorontalo?page_size=25&page_number=75",75,"indonesia_gorontalo?page_size=25&page_number=75","https://www.carmudi.co.id/mobil-bekas-dijual/indonesia_gorontalo?page_size=25&page_number=75"
2984,"https://www.carmudi.co.id/mobil-bekas-dijual/indonesia_riau?page_size=25&page_number=75",75,"indonesia_riau?page_size=25&page_number=75","https://www.carmudi.co.id/mobil-bekas-dijual/indonesia_riau?page_size=25&page_number=75"
2985,"https://www.carmudi.co.id/mobil-bekas-dijual/indonesia_sumatera-selatan?page_size=25&page_number=75",75,"indonesia_sumatera-selatan?page_size=25&page_number=75","https://www.carmudi.co.id/mobil-bekas-dijual/indonesia_sumatera-selatan?page_size=25&page_number=75"
2986,"https://www.carmudi.co.id/mobil-bekas-dijual/indonesia_sumatera-barat?page_size=25&page_number=75",75,"indonesia_sumatera-barat?page_size=25&page_number=75","https://www.carmudi.co.id/mobil-bekas-dijual/indonesia_sumatera-barat?page_size=25&page_number=75"
2987,"https://www.carmudi.co.id/mobil-bekas-dijual/indonesia_jambi?page_size=25&page_number=75",75,"indonesia_jambi?page_size=25&page_number=75","https://www.carmudi.co.id/mobil-bekas-dijual/indonesia_jambi?page_size=25&page_number=75"
2988,"https://www.carmudi.co.id/mobil-bekas-dijual/indonesia_sulawesi-selatan?page_size=25&page_number=75",75,"indonesia_sulawesi-selatan?page_size=25&page_number=75","https://www.carmudi.co.id/mobil-bekas-dijual/indonesia_sulawesi-selatan?page_size=25&page_number=75"
2989,"https://www.carmudi.co.id/mobil-bekas-dijual/indonesia_nangroe-aceh-darussalam?page_size=25&page_number=75",75,"indonesia_nangroe-aceh-darussalam?page_size=25&page_number=75","https://www.carmudi.co.id/mobil-bekas-dijual/indonesia_nangroe-aceh-darussalam?page_size=25&page_number=75"
2990,"https://www.carmudi.co.id/mobil-bekas-dijual/indonesia_sulawesi-utara?page_size=25&page_number=75",75,"indonesia_sulawesi-utara?page_size=25&page_number=75","https://www.carmudi.co.id/mobil-bekas-dijual/indonesia_sulawesi-utara?page_size=25&page_number=75"
2991,"https://www.carmudi.co.id/mobil-bekas-dijual/indonesia_kalimantan-timur?page_size=25&page_number=75",75,"indonesia_kalimantan-timur?page_size=25&page_number=75","https://www.carmudi.co.id/mobil-bekas-dijual/indonesia_kalimantan-timur?page_size=25&page_number=75"
2992,"https://www.carmudi.co.id/mobil-bekas-dijual/indonesia_nusa-tenggara-barat?page_size=25&page_number=75",75,"indonesia_nusa-tenggara-barat?page_size=25&page_number=75","https://www.carmudi.co.id/mobil-bekas-dijual/indonesia_nusa-tenggara-barat?page_size=25&page_number=75"
2993,"https://www.carmudi.co.id/mobil-bekas-dijual/indonesia_sulawesi-tengah?page_size=25&page_number=75",75,"indonesia_sulawesi-tengah?page_size=25&page_number=75","https://www.carmudi.co.id/mobil-bekas-dijual/indonesia_sulawesi-tengah?page_size=25&page_number=75"
2994,"https://www.carmudi.co.id/mobil-bekas-dijual/indonesia_kalimantan-barat?page_size=25&page_number=75",75,"indonesia_kalimantan-barat?page_size=25&page_number=75","https://www.carmudi.co.id/mobil-bekas-dijual/indonesia_kalimantan-barat?page_size=25&page_number=75"
2995,"https://www.carmudi.co.id/mobil-bekas-dijual/indonesia_maluku?page_size=25&page_number=75",75,"indonesia_maluku?page_size=25&page_number=75","https://www.carmudi.co.id/mobil-bekas-dijual/indonesia_maluku?page_size=25&page_number=75"
2996,"https://www.carmudi.co.id/mobil-bekas-dijual/indonesia_maluku-utara?page_size=25&page_number=75",75,"indonesia_maluku-utara?page_size=25&page_number=75","https://www.carmudi.co.id/mobil-bekas-dijual/indonesia_maluku-utara?page_size=25&page_number=75"
2997,"https://www.carmudi.co.id/mobil-bekas-dijual/indonesia_sulawesi-barat?page_size=25&page_number=75",75,"indonesia_sulawesi-barat?page_size=25&page_number=75","https://www.carmudi.co.id/mobil-bekas-dijual/indonesia_sulawesi-barat?page_size=25&page_number=75"
2998,"https://www.carmudi.co.id/mobil-bekas-dijual/indonesia_sulawesi-tenggara?page_size=25&page_number=75",75,"indonesia_sulawesi-tenggara?page_size=25&page_number=75","https://www.carmudi.co.id/mobil-bekas-dijual/indonesia_sulawesi-tenggara?page_size=25&page_number=75"
2999,"https://www.carmudi.co.id/mobil-bekas-dijual/indonesia?page_number=76&page_size=25",76,"indonesia?page_number=76&page_size=25","https://www.carmudi.co.id/mobil-bekas-dijual/indonesia?page_number=76&page_size=25"
3000,"https://www.carmudi.co.id/mobil-bekas-dijual/indonesia?page_size=25&page_number=76",76,"indonesia?page_size=25&page_number=76","https://www.carmudi.co.id/mobil-bekas-dijual/indonesia?page_size=25&page_number=76"
3001,"https://www.carmudi.co.id/mobil-bekas-dijual/indonesia?transmission=automatic&page_size=25&page_number=76",76,"indonesia?transmission=automatic&page_size=25&page_number=76","https://www.carmudi.co.id/mobil-bekas-dijual/indonesia?transmission=automatic&page_size=25&page_number=76"
3002,"https://www.carmudi.co.id/mobil-bekas-dijual/indonesia?transmission=manual&page_size=25&page_number=76",76,"indonesia?transmission=manual&page_size=25&page_number=76","https://www.carmudi.co.id/mobil-bekas-dijual/indonesia?transmission=manual&page_size=25&page_number=76"
3003,"https://www.carmudi.co.id/mobil-bekas-dijual/indonesia?page_size=25&page_number=76&sort=best.match",76,"indonesia?page_size=25&page_number=76&sort=best.match","https://www.carmudi.co.id/mobil-bekas-dijual/indonesia?page_size=25&page_number=76&sort=best.match"
3004,"https://www.carmudi.co.id/mobil-bekas-dijual/indonesia?page_size=25&page_number=76&sort=modification_date_search.desc",76,"indonesia?page_size=25&page_number=76&sort=modification_date_search.desc","https://www.carmudi.co.id/mobil-bekas-dijual/indonesia?page_size=25&page_number=76&sort=modification_date_search.desc"
3005,"https://www.carmudi.co.id/mobil-bekas-dijual/indonesia?page_size=25&page_number=76&sort=price.asc",76,"indonesia?page_size=25&page_number=76&sort=price.asc","https://www.carmudi.co.id/mobil-bekas-dijual/indonesia?page_size=25&page_number=76&sort=price.asc"
3006,"https://www.carmudi.co.id/mobil-bekas-dijual/indonesia?page_size=25&page_number=76&sort=price.desc",76,"indonesia?page_size=25&page_number=76&sort=price.desc","https://www.carmudi.co.id/mobil-bekas-dijual/indonesia?page_size=25&page_number=76&sort=price.desc"
3007,"https://www.carmudi.co.id/mobil-bekas-dijual/indonesia?page_size=25&page_number=76&sort=year.desc",76,"indonesia?page_size=25&page_number=76&sort=year.desc","https://www.carmudi.co.id/mobil-bekas-dijual/indonesia?page_size=25&page_number=76&sort=year.desc"
3008,"https://www.carmudi.co.id/mobil-bekas-dijual/indonesia?page_size=25&page_number=76&sort=year.asc",76,"indonesia?page_size=25&page_number=76&sort=year.asc","https://www.carmudi.co.id/mobil-bekas-dijual/indonesia?page_size=25&page_number=76&sort=year.asc"
3009,"https://www.carmudi.co.id/mobil-bekas-dijual/indonesia?page_size=25&page_number=76&sort=mileage.asc",76,"indonesia?page_size=25&page_number=76&sort=mileage.asc","https://www.carmudi.co.id/mobil-bekas-dijual/indonesia?page_size=25&page_number=76&sort=mileage.asc"
3010,"https://www.carmudi.co.id/mobil-bekas-dijual/indonesia?page_size=25&page_number=76&sort=mileage.desc",76,"indonesia?page_size=25&page_number=76&sort=mileage.desc","https://www.carmudi.co.id/mobil-bekas-dijual/indonesia?page_size=25&page_number=76&sort=mileage.desc"
3011,"https://www.carmudi.co.id/mobil-bekas-dijual/indonesia_jabodetabek?page_size=25&page_number=76",76,"indonesia_jabodetabek?page_size=25&page_number=76","https://www.carmudi.co.id/mobil-bekas-dijual/indonesia_jabodetabek?page_size=25&page_number=76"
3012,"https://www.carmudi.co.id/mobil-bekas-dijual/indonesia_dki-jakarta?page_size=25&page_number=76",76,"indonesia_dki-jakarta?page_size=25&page_number=76","https://www.carmudi.co.id/mobil-bekas-dijual/indonesia_dki-jakarta?page_size=25&page_number=76"
3013,"https://www.carmudi.co.id/mobil-bekas-dijual/indonesia_banten?page_size=25&page_number=76",76,"indonesia_banten?page_size=25&page_number=76","https://www.carmudi.co.id/mobil-bekas-dijual/indonesia_banten?page_size=25&page_number=76"
3014,"https://www.carmudi.co.id/mobil-bekas-dijual/indonesia_jawa-barat?page_size=25&page_number=76",76,"indonesia_jawa-barat?page_size=25&page_number=76","https://www.carmudi.co.id/mobil-bekas-dijual/indonesia_jawa-barat?page_size=25&page_number=76"
3015,"https://www.carmudi.co.id/mobil-bekas-dijual/indonesia_jawa-timur?page_size=25&page_number=76",76,"indonesia_jawa-timur?page_size=25&page_number=76","https://www.carmudi.co.id/mobil-bekas-dijual/indonesia_jawa-timur?page_size=25&page_number=76"
3016,"https://www.carmudi.co.id/mobil-bekas-dijual/indonesia_jawa-tengah?page_size=25&page_number=76",76,"indonesia_jawa-tengah?page_size=25&page_number=76","https://www.carmudi.co.id/mobil-bekas-dijual/indonesia_jawa-tengah?page_size=25&page_number=76"
3017,"https://www.carmudi.co.id/mobil-bekas-dijual/indonesia_yogyakarta?page_size=25&page_number=76",76,"indonesia_yogyakarta?page_size=25&page_number=76","https://www.carmudi.co.id/mobil-bekas-dijual/indonesia_yogyakarta?page_size=25&page_number=76"
3018,"https://www.carmudi.co.id/mobil-bekas-dijual/indonesia_sumatera-utara?page_size=25&page_number=76",76,"indonesia_sumatera-utara?page_size=25&page_number=76","https://www.carmudi.co.id/mobil-bekas-dijual/indonesia_sumatera-utara?page_size=25&page_number=76"
3019,"https://www.carmudi.co.id/mobil-bekas-dijual/indonesia_bali?page_size=25&page_number=76",76,"indonesia_bali?page_size=25&page_number=76","https://www.carmudi.co.id/mobil-bekas-dijual/indonesia_bali?page_size=25&page_number=76"
3020,"https://www.carmudi.co.id/mobil-bekas-dijual/indonesia_lampung?page_size=25&page_number=76",76,"indonesia_lampung?page_size=25&page_number=76","https://www.carmudi.co.id/mobil-bekas-dijual/indonesia_lampung?page_size=25&page_number=76"
3021,"https://www.carmudi.co.id/mobil-bekas-dijual/indonesia_gorontalo?page_size=25&page_number=76",76,"indonesia_gorontalo?page_size=25&page_number=76","https://www.carmudi.co.id/mobil-bekas-dijual/indonesia_gorontalo?page_size=25&page_number=76"
3022,"https://www.carmudi.co.id/mobil-bekas-dijual/indonesia_riau?page_size=25&page_number=76",76,"indonesia_riau?page_size=25&page_number=76","https://www.carmudi.co.id/mobil-bekas-dijual/indonesia_riau?page_size=25&page_number=76"
3023,"https://www.carmudi.co.id/mobil-bekas-dijual/indonesia_sumatera-selatan?page_size=25&page_number=76",76,"indonesia_sumatera-selatan?page_size=25&page_number=76","https://www.carmudi.co.id/mobil-bekas-dijual/indonesia_sumatera-selatan?page_size=25&page_number=76"
3024,"https://www.carmudi.co.id/mobil-bekas-dijual/indonesia_sumatera-barat?page_size=25&page_number=76",76,"indonesia_sumatera-barat?page_size=25&page_number=76","https://www.carmudi.co.id/mobil-bekas-dijual/indonesia_sumatera-barat?page_size=25&page_number=76"
3025,"https://www.carmudi.co.id/mobil-bekas-dijual/indonesia_jambi?page_size=25&page_number=76",76,"indonesia_jambi?page_size=25&page_number=76","https://www.carmudi.co.id/mobil-bekas-dijual/indonesia_jambi?page_size=25&page_number=76"
3026,"https://www.carmudi.co.id/mobil-bekas-dijual/indonesia_sulawesi-selatan?page_size=25&page_number=76",76,"indonesia_sulawesi-selatan?page_size=25&page_number=76","https://www.carmudi.co.id/mobil-bekas-dijual/indonesia_sulawesi-selatan?page_size=25&page_number=76"
3027,"https://www.carmudi.co.id/mobil-bekas-dijual/indonesia_nangroe-aceh-darussalam?page_size=25&page_number=76",76,"indonesia_nangroe-aceh-darussalam?page_size=25&page_number=76","https://www.carmudi.co.id/mobil-bekas-dijual/indonesia_nangroe-aceh-darussalam?page_size=25&page_number=76"
3028,"https://www.carmudi.co.id/mobil-bekas-dijual/indonesia_sulawesi-utara?page_size=25&page_number=76",76,"indonesia_sulawesi-utara?page_size=25&page_number=76","https://www.carmudi.co.id/mobil-bekas-dijual/indonesia_sulawesi-utara?page_size=25&page_number=76"
3029,"https://www.carmudi.co.id/mobil-bekas-dijual/indonesia_kalimantan-timur?page_size=25&page_number=76",76,"indonesia_kalimantan-timur?page_size=25&page_number=76","https://www.carmudi.co.id/mobil-bekas-dijual/indonesia_kalimantan-timur?page_size=25&page_number=76"
3030,"https://www.carmudi.co.id/mobil-bekas-dijual/indonesia_nusa-tenggara-barat?page_size=25&page_number=76",76,"indonesia_nusa-tenggara-barat?page_size=25&page_number=76","https://www.carmudi.co.id/mobil-bekas-dijual/indonesia_nusa-tenggara-barat?page_size=25&page_number=76"
3031,"https://www.carmudi.co.id/mobil-bekas-dijual/indonesia_sulawesi-tengah?page_size=25&page_number=76",76,"indonesia_sulawesi-tengah?page_size=25&page_number=76","https://www.carmudi.co.id/mobil-bekas-dijual/indonesia_sulawesi-tengah?page_size=25&page_number=76"
3032,"https://www.carmudi.co.id/mobil-bekas-dijual/indonesia_kalimantan-barat?page_size=25&page_number=76",76,"indonesia_kalimantan-barat?page_size=25&page_number=76","https://www.carmudi.co.id/mobil-bekas-dijual/indonesia_kalimantan-barat?page_size=25&page_number=76"
3033,"https://www.carmudi.co.id/mobil-bekas-dijual/indonesia_maluku?page_size=25&page_number=76",76,"indonesia_maluku?page_size=25&page_number=76","https://www.carmudi.co.id/mobil-bekas-dijual/indonesia_maluku?page_size=25&page_number=76"
3034,"https://www.carmudi.co.id/mobil-bekas-dijual/indonesia_maluku-utara?page_size=25&page_number=76",76,"indonesia_maluku-utara?page_size=25&page_number=76","https://www.carmudi.co.id/mobil-bekas-dijual/indonesia_maluku-utara?page_size=25&page_number=76"
3035,"https://www.carmudi.co.id/mobil-bekas-dijual/indonesia_sulawesi-barat?page_size=25&page_number=76",76,"indonesia_sulawesi-barat?page_size=25&page_number=76","https://www.carmudi.co.id/mobil-bekas-dijual/indonesia_sulawesi-barat?page_size=25&page_number=76"
3036,"https://www.carmudi.co.id/mobil-bekas-dijual/indonesia_sulawesi-tenggara?page_size=25&page_number=76",76,"indonesia_sulawesi-tenggara?page_size=25&page_number=76","https://www.carmudi.co.id/mobil-bekas-dijual/indonesia_sulawesi-tenggara?page_size=25&page_number=76"
3037,"https://www.carmudi.co.id/mobil-bekas-dijual/indonesia?page_number=77&page_size=25",77,"indonesia?page_number=77&page_size=25","https://www.carmudi.co.id/mobil-bekas-dijual/indonesia?page_number=77&page_size=25"
3038,"https://www.carmudi.co.id/mobil-bekas-dijual/indonesia?page_size=25&page_number=77",77,"indonesia?page_size=25&page_number=77","https://www.carmudi.co.id/mobil-bekas-dijual/indonesia?page_size=25&page_number=77"
3039,"https://www.carmudi.co.id/mobil-bekas-dijual/indonesia?transmission=automatic&page_size=25&page_number=77",77,"indonesia?transmission=automatic&page_size=25&page_number=77","https://www.carmudi.co.id/mobil-bekas-dijual/indonesia?transmission=automatic&page_size=25&page_number=77"
3040,"https://www.carmudi.co.id/mobil-bekas-dijual/indonesia?transmission=manual&page_size=25&page_number=77",77,"indonesia?transmission=manual&page_size=25&page_number=77","https://www.carmudi.co.id/mobil-bekas-dijual/indonesia?transmission=manual&page_size=25&page_number=77"
3041,"https://www.carmudi.co.id/mobil-bekas-dijual/indonesia?page_size=25&page_number=77&sort=best.match",77,"indonesia?page_size=25&page_number=77&sort=best.match","https://www.carmudi.co.id/mobil-bekas-dijual/indonesia?page_size=25&page_number=77&sort=best.match"
3042,"https://www.carmudi.co.id/mobil-bekas-dijual/indonesia?page_size=25&page_number=77&sort=modification_date_search.desc",77,"indonesia?page_size=25&page_number=77&sort=modification_date_search.desc","https://www.carmudi.co.id/mobil-bekas-dijual/indonesia?page_size=25&page_number=77&sort=modification_date_search.desc"
3043,"https://www.carmudi.co.id/mobil-bekas-dijual/indonesia?page_size=25&page_number=77&sort=price.asc",77,"indonesia?page_size=25&page_number=77&sort=price.asc","https://www.carmudi.co.id/mobil-bekas-dijual/indonesia?page_size=25&page_number=77&sort=price.asc"
3044,"https://www.carmudi.co.id/mobil-bekas-dijual/indonesia?page_size=25&page_number=77&sort=price.desc",77,"indonesia?page_size=25&page_number=77&sort=price.desc","https://www.carmudi.co.id/mobil-bekas-dijual/indonesia?page_size=25&page_number=77&sort=price.desc"
3045,"https://www.carmudi.co.id/mobil-bekas-dijual/indonesia?page_size=25&page_number=77&sort=year.desc",77,"indonesia?page_size=25&page_number=77&sort=year.desc","https://www.carmudi.co.id/mobil-bekas-dijual/indonesia?page_size=25&page_number=77&sort=year.desc"
3046,"https://www.carmudi.co.id/mobil-bekas-dijual/indonesia?page_size=25&page_number=77&sort=year.asc",77,"indonesia?page_size=25&page_number=77&sort=year.asc","https://www.carmudi.co.id/mobil-bekas-dijual/indonesia?page_size=25&page_number=77&sort=year.asc"
3047,"https://www.carmudi.co.id/mobil-bekas-dijual/indonesia?page_size=25&page_number=77&sort=mileage.asc",77,"indonesia?page_size=25&page_number=77&sort=mileage.asc","https://www.carmudi.co.id/mobil-bekas-dijual/indonesia?page_size=25&page_number=77&sort=mileage.asc"
3048,"https://www.carmudi.co.id/mobil-bekas-dijual/indonesia?page_size=25&page_number=77&sort=mileage.desc",77,"indonesia?page_size=25&page_number=77&sort=mileage.desc","https://www.carmudi.co.id/mobil-bekas-dijual/indonesia?page_size=25&page_number=77&sort=mileage.desc"
3049,"https://www.carmudi.co.id/mobil-bekas-dijual/indonesia_jabodetabek?page_size=25&page_number=77",77,"indonesia_jabodetabek?page_size=25&page_number=77","https://www.carmudi.co.id/mobil-bekas-dijual/indonesia_jabodetabek?page_size=25&page_number=77"
3050,"https://www.carmudi.co.id/mobil-bekas-dijual/indonesia_dki-jakarta?page_size=25&page_number=77",77,"indonesia_dki-jakarta?page_size=25&page_number=77","https://www.carmudi.co.id/mobil-bekas-dijual/indonesia_dki-jakarta?page_size=25&page_number=77"
3051,"https://www.carmudi.co.id/mobil-bekas-dijual/indonesia_banten?page_size=25&page_number=77",77,"indonesia_banten?page_size=25&page_number=77","https://www.carmudi.co.id/mobil-bekas-dijual/indonesia_banten?page_size=25&page_number=77"
3052,"https://www.carmudi.co.id/mobil-bekas-dijual/indonesia_jawa-barat?page_size=25&page_number=77",77,"indonesia_jawa-barat?page_size=25&page_number=77","https://www.carmudi.co.id/mobil-bekas-dijual/indonesia_jawa-barat?page_size=25&page_number=77"
3053,"https://www.carmudi.co.id/mobil-bekas-dijual/indonesia_jawa-timur?page_size=25&page_number=77",77,"indonesia_jawa-timur?page_size=25&page_number=77","https://www.carmudi.co.id/mobil-bekas-dijual/indonesia_jawa-timur?page_size=25&page_number=77"
3054,"https://www.carmudi.co.id/mobil-bekas-dijual/indonesia_jawa-tengah?page_size=25&page_number=77",77,"indonesia_jawa-tengah?page_size=25&page_number=77","https://www.carmudi.co.id/mobil-bekas-dijual/indonesia_jawa-tengah?page_size=25&page_number=77"
3055,"https://www.carmudi.co.id/mobil-bekas-dijual/indonesia_yogyakarta?page_size=25&page_number=77",77,"indonesia_yogyakarta?page_size=25&page_number=77","https://www.carmudi.co.id/mobil-bekas-dijual/indonesia_yogyakarta?page_size=25&page_number=77"
3056,"https://www.carmudi.co.id/mobil-bekas-dijual/indonesia_sumatera-utara?page_size=25&page_number=77",77,"indonesia_sumatera-utara?page_size=25&page_number=77","https://www.carmudi.co.id/mobil-bekas-dijual/indonesia_sumatera-utara?page_size=25&page_number=77"
3057,"https://www.carmudi.co.id/mobil-bekas-dijual/indonesia_bali?page_size=25&page_number=77",77,"indonesia_bali?page_size=25&page_number=77","https://www.carmudi.co.id/mobil-bekas-dijual/indonesia_bali?page_size=25&page_number=77"
3058,"https://www.carmudi.co.id/mobil-bekas-dijual/indonesia_lampung?page_size=25&page_number=77",77,"indonesia_lampung?page_size=25&page_number=77","https://www.carmudi.co.id/mobil-bekas-dijual/indonesia_lampung?page_size=25&page_number=77"
3059,"https://www.carmudi.co.id/mobil-bekas-dijual/indonesia_gorontalo?page_size=25&page_number=77",77,"indonesia_gorontalo?page_size=25&page_number=77","https://www.carmudi.co.id/mobil-bekas-dijual/indonesia_gorontalo?page_size=25&page_number=77"
3060,"https://www.carmudi.co.id/mobil-bekas-dijual/indonesia_riau?page_size=25&page_number=77",77,"indonesia_riau?page_size=25&page_number=77","https://www.carmudi.co.id/mobil-bekas-dijual/indonesia_riau?page_size=25&page_number=77"
3061,"https://www.carmudi.co.id/mobil-bekas-dijual/indonesia_sumatera-selatan?page_size=25&page_number=77",77,"indonesia_sumatera-selatan?page_size=25&page_number=77","https://www.carmudi.co.id/mobil-bekas-dijual/indonesia_sumatera-selatan?page_size=25&page_number=77"
3062,"https://www.carmudi.co.id/mobil-bekas-dijual/indonesia_sumatera-barat?page_size=25&page_number=77",77,"indonesia_sumatera-barat?page_size=25&page_number=77","https://www.carmudi.co.id/mobil-bekas-dijual/indonesia_sumatera-barat?page_size=25&page_number=77"
3063,"https://www.carmudi.co.id/mobil-bekas-dijual/indonesia_jambi?page_size=25&page_number=77",77,"indonesia_jambi?page_size=25&page_number=77","https://www.carmudi.co.id/mobil-bekas-dijual/indonesia_jambi?page_size=25&page_number=77"
3064,"https://www.carmudi.co.id/mobil-bekas-dijual/indonesia_sulawesi-selatan?page_size=25&page_number=77",77,"indonesia_sulawesi-selatan?page_size=25&page_number=77","https://www.carmudi.co.id/mobil-bekas-dijual/indonesia_sulawesi-selatan?page_size=25&page_number=77"
3065,"https://www.carmudi.co.id/mobil-bekas-dijual/indonesia_nangroe-aceh-darussalam?page_size=25&page_number=77",77,"indonesia_nangroe-aceh-darussalam?page_size=25&page_number=77","https://www.carmudi.co.id/mobil-bekas-dijual/indonesia_nangroe-aceh-darussalam?page_size=25&page_number=77"
3066,"https://www.carmudi.co.id/mobil-bekas-dijual/indonesia_sulawesi-utara?page_size=25&page_number=77",77,"indonesia_sulawesi-utara?page_size=25&page_number=77","https://www.carmudi.co.id/mobil-bekas-dijual/indonesia_sulawesi-utara?page_size=25&page_number=77"
3067,"https://www.carmudi.co.id/mobil-bekas-dijual/indonesia_kalimantan-timur?page_size=25&page_number=77",77,"indonesia_kalimantan-timur?page_size=25&page_number=77","https://www.carmudi.co.id/mobil-bekas-dijual/indonesia_kalimantan-timur?page_size=25&page_number=77"
3068,"https://www.carmudi.co.id/mobil-bekas-dijual/indonesia_nusa-tenggara-barat?page_size=25&page_number=77",77,"indonesia_nusa-tenggara-barat?page_size=25&page_number=77","https://www.carmudi.co.id/mobil-bekas-dijual/indonesia_nusa-tenggara-barat?page_size=25&page_number=77"
3069,"https://www.carmudi.co.id/mobil-bekas-dijual/indonesia_sulawesi-tengah?page_size=25&page_number=77",77,"indonesia_sulawesi-tengah?page_size=25&page_number=77","https://www.carmudi.co.id/mobil-bekas-dijual/indonesia_sulawesi-tengah?page_size=25&page_number=77"
3070,"https://www.carmudi.co.id/mobil-bekas-dijual/indonesia_kalimantan-barat?page_size=25&page_number=77",77,"indonesia_kalimantan-barat?page_size=25&page_number=77","https://www.carmudi.co.id/mobil-bekas-dijual/indonesia_kalimantan-barat?page_size=25&page_number=77"
3071,"https://www.carmudi.co.id/mobil-bekas-dijual/indonesia_maluku?page_size=25&page_number=77",77,"indonesia_maluku?page_size=25&page_number=77","https://www.carmudi.co.id/mobil-bekas-dijual/indonesia_maluku?page_size=25&page_number=77"
3072,"https://www.carmudi.co.id/mobil-bekas-dijual/indonesia_maluku-utara?page_size=25&page_number=77",77,"indonesia_maluku-utara?page_size=25&page_number=77","https://www.carmudi.co.id/mobil-bekas-dijual/indonesia_maluku-utara?page_size=25&page_number=77"
3073,"https://www.carmudi.co.id/mobil-bekas-dijual/indonesia_sulawesi-barat?page_size=25&page_number=77",77,"indonesia_sulawesi-barat?page_size=25&page_number=77","https://www.carmudi.co.id/mobil-bekas-dijual/indonesia_sulawesi-barat?page_size=25&page_number=77"
3074,"https://www.carmudi.co.id/mobil-bekas-dijual/indonesia_sulawesi-tenggara?page_size=25&page_number=77",77,"indonesia_sulawesi-tenggara?page_size=25&page_number=77","https://www.carmudi.co.id/mobil-bekas-dijual/indonesia_sulawesi-tenggara?page_size=25&page_number=77"
3075,"https://www.carmudi.co.id/mobil-bekas-dijual/indonesia?page_number=78&page_size=25",78,"indonesia?page_number=78&page_size=25","https://www.carmudi.co.id/mobil-bekas-dijual/indonesia?page_number=78&page_size=25"
3076,"https://www.carmudi.co.id/mobil-bekas-dijual/indonesia?page_size=25&page_number=78",78,"indonesia?page_size=25&page_number=78","https://www.carmudi.co.id/mobil-bekas-dijual/indonesia?page_size=25&page_number=78"
3077,"https://www.carmudi.co.id/mobil-bekas-dijual/indonesia?transmission=automatic&page_size=25&page_number=78",78,"indonesia?transmission=automatic&page_size=25&page_number=78","https://www.carmudi.co.id/mobil-bekas-dijual/indonesia?transmission=automatic&page_size=25&page_number=78"
3078,"https://www.carmudi.co.id/mobil-bekas-dijual/indonesia?transmission=manual&page_size=25&page_number=78",78,"indonesia?transmission=manual&page_size=25&page_number=78","https://www.carmudi.co.id/mobil-bekas-dijual/indonesia?transmission=manual&page_size=25&page_number=78"
3079,"https://www.carmudi.co.id/mobil-bekas-dijual/indonesia?page_size=25&page_number=78&sort=best.match",78,"indonesia?page_size=25&page_number=78&sort=best.match","https://www.carmudi.co.id/mobil-bekas-dijual/indonesia?page_size=25&page_number=78&sort=best.match"
3080,"https://www.carmudi.co.id/mobil-bekas-dijual/indonesia?page_size=25&page_number=78&sort=modification_date_search.desc",78,"indonesia?page_size=25&page_number=78&sort=modification_date_search.desc","https://www.carmudi.co.id/mobil-bekas-dijual/indonesia?page_size=25&page_number=78&sort=modification_date_search.desc"
3081,"https://www.carmudi.co.id/mobil-bekas-dijual/indonesia?page_size=25&page_number=78&sort=price.asc",78,"indonesia?page_size=25&page_number=78&sort=price.asc","https://www.carmudi.co.id/mobil-bekas-dijual/indonesia?page_size=25&page_number=78&sort=price.asc"
3082,"https://www.carmudi.co.id/mobil-bekas-dijual/indonesia?page_size=25&page_number=78&sort=price.desc",78,"indonesia?page_size=25&page_number=78&sort=price.desc","https://www.carmudi.co.id/mobil-bekas-dijual/indonesia?page_size=25&page_number=78&sort=price.desc"
3083,"https://www.carmudi.co.id/mobil-bekas-dijual/indonesia?page_size=25&page_number=78&sort=year.desc",78,"indonesia?page_size=25&page_number=78&sort=year.desc","https://www.carmudi.co.id/mobil-bekas-dijual/indonesia?page_size=25&page_number=78&sort=year.desc"
3084,"https://www.carmudi.co.id/mobil-bekas-dijual/indonesia?page_size=25&page_number=78&sort=year.asc",78,"indonesia?page_size=25&page_number=78&sort=year.asc","https://www.carmudi.co.id/mobil-bekas-dijual/indonesia?page_size=25&page_number=78&sort=year.asc"
3085,"https://www.carmudi.co.id/mobil-bekas-dijual/indonesia?page_size=25&page_number=78&sort=mileage.asc",78,"indonesia?page_size=25&page_number=78&sort=mileage.asc","https://www.carmudi.co.id/mobil-bekas-dijual/indonesia?page_size=25&page_number=78&sort=mileage.asc"
3086,"https://www.carmudi.co.id/mobil-bekas-dijual/indonesia?page_size=25&page_number=78&sort=mileage.desc",78,"indonesia?page_size=25&page_number=78&sort=mileage.desc","https://www.carmudi.co.id/mobil-bekas-dijual/indonesia?page_size=25&page_number=78&sort=mileage.desc"
3087,"https://www.carmudi.co.id/mobil-bekas-dijual/indonesia_jabodetabek?page_size=25&page_number=78",78,"indonesia_jabodetabek?page_size=25&page_number=78","https://www.carmudi.co.id/mobil-bekas-dijual/indonesia_jabodetabek?page_size=25&page_number=78"
3088,"https://www.carmudi.co.id/mobil-bekas-dijual/indonesia_dki-jakarta?page_size=25&page_number=78",78,"indonesia_dki-jakarta?page_size=25&page_number=78","https://www.carmudi.co.id/mobil-bekas-dijual/indonesia_dki-jakarta?page_size=25&page_number=78"
3089,"https://www.carmudi.co.id/mobil-bekas-dijual/indonesia_banten?page_size=25&page_number=78",78,"indonesia_banten?page_size=25&page_number=78","https://www.carmudi.co.id/mobil-bekas-dijual/indonesia_banten?page_size=25&page_number=78"
3090,"https://www.carmudi.co.id/mobil-bekas-dijual/indonesia_jawa-barat?page_size=25&page_number=78",78,"indonesia_jawa-barat?page_size=25&page_number=78","https://www.carmudi.co.id/mobil-bekas-dijual/indonesia_jawa-barat?page_size=25&page_number=78"
3091,"https://www.carmudi.co.id/mobil-bekas-dijual/indonesia_jawa-timur?page_size=25&page_number=78",78,"indonesia_jawa-timur?page_size=25&page_number=78","https://www.carmudi.co.id/mobil-bekas-dijual/indonesia_jawa-timur?page_size=25&page_number=78"
3092,"https://www.carmudi.co.id/mobil-bekas-dijual/indonesia_jawa-tengah?page_size=25&page_number=78",78,"indonesia_jawa-tengah?page_size=25&page_number=78","https://www.carmudi.co.id/mobil-bekas-dijual/indonesia_jawa-tengah?page_size=25&page_number=78"
3093,"https://www.carmudi.co.id/mobil-bekas-dijual/indonesia_yogyakarta?page_size=25&page_number=78",78,"indonesia_yogyakarta?page_size=25&page_number=78","https://www.carmudi.co.id/mobil-bekas-dijual/indonesia_yogyakarta?page_size=25&page_number=78"
3094,"https://www.carmudi.co.id/mobil-bekas-dijual/indonesia_sumatera-utara?page_size=25&page_number=78",78,"indonesia_sumatera-utara?page_size=25&page_number=78","https://www.carmudi.co.id/mobil-bekas-dijual/indonesia_sumatera-utara?page_size=25&page_number=78"
3095,"https://www.carmudi.co.id/mobil-bekas-dijual/indonesia_bali?page_size=25&page_number=78",78,"indonesia_bali?page_size=25&page_number=78","https://www.carmudi.co.id/mobil-bekas-dijual/indonesia_bali?page_size=25&page_number=78"
3096,"https://www.carmudi.co.id/mobil-bekas-dijual/indonesia_lampung?page_size=25&page_number=78",78,"indonesia_lampung?page_size=25&page_number=78","https://www.carmudi.co.id/mobil-bekas-dijual/indonesia_lampung?page_size=25&page_number=78"
3097,"https://www.carmudi.co.id/mobil-bekas-dijual/indonesia_gorontalo?page_size=25&page_number=78",78,"indonesia_gorontalo?page_size=25&page_number=78","https://www.carmudi.co.id/mobil-bekas-dijual/indonesia_gorontalo?page_size=25&page_number=78"
3098,"https://www.carmudi.co.id/mobil-bekas-dijual/indonesia_riau?page_size=25&page_number=78",78,"indonesia_riau?page_size=25&page_number=78","https://www.carmudi.co.id/mobil-bekas-dijual/indonesia_riau?page_size=25&page_number=78"
3099,"https://www.carmudi.co.id/mobil-bekas-dijual/indonesia_sumatera-selatan?page_size=25&page_number=78",78,"indonesia_sumatera-selatan?page_size=25&page_number=78","https://www.carmudi.co.id/mobil-bekas-dijual/indonesia_sumatera-selatan?page_size=25&page_number=78"
3100,"https://www.carmudi.co.id/mobil-bekas-dijual/indonesia_sumatera-barat?page_size=25&page_number=78",78,"indonesia_sumatera-barat?page_size=25&page_number=78","https://www.carmudi.co.id/mobil-bekas-dijual/indonesia_sumatera-barat?page_size=25&page_number=78"
3101,"https://www.carmudi.co.id/mobil-bekas-dijual/indonesia_jambi?page_size=25&page_number=78",78,"indonesia_jambi?page_size=25&page_number=78","https://www.carmudi.co.id/mobil-bekas-dijual/indonesia_jambi?page_size=25&page_number=78"
3102,"https://www.carmudi.co.id/mobil-bekas-dijual/indonesia_sulawesi-selatan?page_size=25&page_number=78",78,"indonesia_sulawesi-selatan?page_size=25&page_number=78","https://www.carmudi.co.id/mobil-bekas-dijual/indonesia_sulawesi-selatan?page_size=25&page_number=78"
3103,"https://www.carmudi.co.id/mobil-bekas-dijual/indonesia_nangroe-aceh-darussalam?page_size=25&page_number=78",78,"indonesia_nangroe-aceh-darussalam?page_size=25&page_number=78","https://www.carmudi.co.id/mobil-bekas-dijual/indonesia_nangroe-aceh-darussalam?page_size=25&page_number=78"
3104,"https://www.carmudi.co.id/mobil-bekas-dijual/indonesia_sulawesi-utara?page_size=25&page_number=78",78,"indonesia_sulawesi-utara?page_size=25&page_number=78","https://www.carmudi.co.id/mobil-bekas-dijual/indonesia_sulawesi-utara?page_size=25&page_number=78"
3105,"https://www.carmudi.co.id/mobil-bekas-dijual/indonesia_kalimantan-timur?page_size=25&page_number=78",78,"indonesia_kalimantan-timur?page_size=25&page_number=78","https://www.carmudi.co.id/mobil-bekas-dijual/indonesia_kalimantan-timur?page_size=25&page_number=78"
3106,"https://www.carmudi.co.id/mobil-bekas-dijual/indonesia_nusa-tenggara-barat?page_size=25&page_number=78",78,"indonesia_nusa-tenggara-barat?page_size=25&page_number=78","https://www.carmudi.co.id/mobil-bekas-dijual/indonesia_nusa-tenggara-barat?page_size=25&page_number=78"
3107,"https://www.carmudi.co.id/mobil-bekas-dijual/indonesia_sulawesi-tengah?page_size=25&page_number=78",78,"indonesia_sulawesi-tengah?page_size=25&page_number=78","https://www.carmudi.co.id/mobil-bekas-dijual/indonesia_sulawesi-tengah?page_size=25&page_number=78"
3108,"https://www.carmudi.co.id/mobil-bekas-dijual/indonesia_kalimantan-barat?page_size=25&page_number=78",78,"indonesia_kalimantan-barat?page_size=25&page_number=78","https://www.carmudi.co.id/mobil-bekas-dijual/indonesia_kalimantan-barat?page_size=25&page_number=78"
3109,"https://www.carmudi.co.id/mobil-bekas-dijual/indonesia_maluku?page_size=25&page_number=78",78,"indonesia_maluku?page_size=25&page_number=78","https://www.carmudi.co.id/mobil-bekas-dijual/indonesia_maluku?page_size=25&page_number=78"
3110,"https://www.carmudi.co.id/mobil-bekas-dijual/indonesia_maluku-utara?page_size=25&page_number=78",78,"indonesia_maluku-utara?page_size=25&page_number=78","https://www.carmudi.co.id/mobil-bekas-dijual/indonesia_maluku-utara?page_size=25&page_number=78"
3111,"https://www.carmudi.co.id/mobil-bekas-dijual/indonesia_sulawesi-barat?page_size=25&page_number=78",78,"indonesia_sulawesi-barat?page_size=25&page_number=78","https://www.carmudi.co.id/mobil-bekas-dijual/indonesia_sulawesi-barat?page_size=25&page_number=78"
3112,"https://www.carmudi.co.id/mobil-bekas-dijual/indonesia_sulawesi-tenggara?page_size=25&page_number=78",78,"indonesia_sulawesi-tenggara?page_size=25&page_number=78","https://www.carmudi.co.id/mobil-bekas-dijual/indonesia_sulawesi-tenggara?page_size=25&page_number=78"
3113,"https://www.carmudi.co.id/mobil-bekas-dijual/indonesia?page_number=79&page_size=25",79,"indonesia?page_number=79&page_size=25","https://www.carmudi.co.id/mobil-bekas-dijual/indonesia?page_number=79&page_size=25"
3114,"https://www.carmudi.co.id/mobil-bekas-dijual/indonesia?page_size=25&page_number=79",79,"indonesia?page_size=25&page_number=79","https://www.carmudi.co.id/mobil-bekas-dijual/indonesia?page_size=25&page_number=79"
3115,"https://www.carmudi.co.id/mobil-bekas-dijual/indonesia?transmission=automatic&page_size=25&page_number=79",79,"indonesia?transmission=automatic&page_size=25&page_number=79","https://www.carmudi.co.id/mobil-bekas-dijual/indonesia?transmission=automatic&page_size=25&page_number=79"
3116,"https://www.carmudi.co.id/mobil-bekas-dijual/indonesia?transmission=manual&page_size=25&page_number=79",79,"indonesia?transmission=manual&page_size=25&page_number=79","https://www.carmudi.co.id/mobil-bekas-dijual/indonesia?transmission=manual&page_size=25&page_number=79"
3117,"https://www.carmudi.co.id/mobil-bekas-dijual/indonesia?page_size=25&page_number=79&sort=best.match",79,"indonesia?page_size=25&page_number=79&sort=best.match","https://www.carmudi.co.id/mobil-bekas-dijual/indonesia?page_size=25&page_number=79&sort=best.match"
3118,"https://www.carmudi.co.id/mobil-bekas-dijual/indonesia?page_size=25&page_number=79&sort=modification_date_search.desc",79,"indonesia?page_size=25&page_number=79&sort=modification_date_search.desc","https://www.carmudi.co.id/mobil-bekas-dijual/indonesia?page_size=25&page_number=79&sort=modification_date_search.desc"
3119,"https://www.carmudi.co.id/mobil-bekas-dijual/indonesia?page_size=25&page_number=79&sort=price.asc",79,"indonesia?page_size=25&page_number=79&sort=price.asc","https://www.carmudi.co.id/mobil-bekas-dijual/indonesia?page_size=25&page_number=79&sort=price.asc"
3120,"https://www.carmudi.co.id/mobil-bekas-dijual/indonesia?page_size=25&page_number=79&sort=price.desc",79,"indonesia?page_size=25&page_number=79&sort=price.desc","https://www.carmudi.co.id/mobil-bekas-dijual/indonesia?page_size=25&page_number=79&sort=price.desc"
3121,"https://www.carmudi.co.id/mobil-bekas-dijual/indonesia?page_size=25&page_number=79&sort=year.desc",79,"indonesia?page_size=25&page_number=79&sort=year.desc","https://www.carmudi.co.id/mobil-bekas-dijual/indonesia?page_size=25&page_number=79&sort=year.desc"
3122,"https://www.carmudi.co.id/mobil-bekas-dijual/indonesia?page_size=25&page_number=79&sort=year.asc",79,"indonesia?page_size=25&page_number=79&sort=year.asc","https://www.carmudi.co.id/mobil-bekas-dijual/indonesia?page_size=25&page_number=79&sort=year.asc"
3123,"https://www.carmudi.co.id/mobil-bekas-dijual/indonesia?page_size=25&page_number=79&sort=mileage.asc",79,"indonesia?page_size=25&page_number=79&sort=mileage.asc","https://www.carmudi.co.id/mobil-bekas-dijual/indonesia?page_size=25&page_number=79&sort=mileage.asc"
3124,"https://www.carmudi.co.id/mobil-bekas-dijual/indonesia?page_size=25&page_number=79&sort=mileage.desc",79,"indonesia?page_size=25&page_number=79&sort=mileage.desc","https://www.carmudi.co.id/mobil-bekas-dijual/indonesia?page_size=25&page_number=79&sort=mileage.desc"
3125,"https://www.carmudi.co.id/mobil-bekas-dijual/indonesia_jabodetabek?page_size=25&page_number=79",79,"indonesia_jabodetabek?page_size=25&page_number=79","https://www.carmudi.co.id/mobil-bekas-dijual/indonesia_jabodetabek?page_size=25&page_number=79"
3126,"https://www.carmudi.co.id/mobil-bekas-dijual/indonesia_dki-jakarta?page_size=25&page_number=79",79,"indonesia_dki-jakarta?page_size=25&page_number=79","https://www.carmudi.co.id/mobil-bekas-dijual/indonesia_dki-jakarta?page_size=25&page_number=79"
3127,"https://www.carmudi.co.id/mobil-bekas-dijual/indonesia_banten?page_size=25&page_number=79",79,"indonesia_banten?page_size=25&page_number=79","https://www.carmudi.co.id/mobil-bekas-dijual/indonesia_banten?page_size=25&page_number=79"
3128,"https://www.carmudi.co.id/mobil-bekas-dijual/indonesia_jawa-barat?page_size=25&page_number=79",79,"indonesia_jawa-barat?page_size=25&page_number=79","https://www.carmudi.co.id/mobil-bekas-dijual/indonesia_jawa-barat?page_size=25&page_number=79"
3129,"https://www.carmudi.co.id/mobil-bekas-dijual/indonesia_jawa-timur?page_size=25&page_number=79",79,"indonesia_jawa-timur?page_size=25&page_number=79","https://www.carmudi.co.id/mobil-bekas-dijual/indonesia_jawa-timur?page_size=25&page_number=79"
3130,"https://www.carmudi.co.id/mobil-bekas-dijual/indonesia_jawa-tengah?page_size=25&page_number=79",79,"indonesia_jawa-tengah?page_size=25&page_number=79","https://www.carmudi.co.id/mobil-bekas-dijual/indonesia_jawa-tengah?page_size=25&page_number=79"
3131,"https://www.carmudi.co.id/mobil-bekas-dijual/indonesia_yogyakarta?page_size=25&page_number=79",79,"indonesia_yogyakarta?page_size=25&page_number=79","https://www.carmudi.co.id/mobil-bekas-dijual/indonesia_yogyakarta?page_size=25&page_number=79"
3132,"https://www.carmudi.co.id/mobil-bekas-dijual/indonesia_sumatera-utara?page_size=25&page_number=79",79,"indonesia_sumatera-utara?page_size=25&page_number=79","https://www.carmudi.co.id/mobil-bekas-dijual/indonesia_sumatera-utara?page_size=25&page_number=79"
3133,"https://www.carmudi.co.id/mobil-bekas-dijual/indonesia_bali?page_size=25&page_number=79",79,"indonesia_bali?page_size=25&page_number=79","https://www.carmudi.co.id/mobil-bekas-dijual/indonesia_bali?page_size=25&page_number=79"
3134,"https://www.carmudi.co.id/mobil-bekas-dijual/indonesia_lampung?page_size=25&page_number=79",79,"indonesia_lampung?page_size=25&page_number=79","https://www.carmudi.co.id/mobil-bekas-dijual/indonesia_lampung?page_size=25&page_number=79"
3135,"https://www.carmudi.co.id/mobil-bekas-dijual/indonesia_gorontalo?page_size=25&page_number=79",79,"indonesia_gorontalo?page_size=25&page_number=79","https://www.carmudi.co.id/mobil-bekas-dijual/indonesia_gorontalo?page_size=25&page_number=79"
3136,"https://www.carmudi.co.id/mobil-bekas-dijual/indonesia_riau?page_size=25&page_number=79",79,"indonesia_riau?page_size=25&page_number=79","https://www.carmudi.co.id/mobil-bekas-dijual/indonesia_riau?page_size=25&page_number=79"
3137,"https://www.carmudi.co.id/mobil-bekas-dijual/indonesia_sumatera-selatan?page_size=25&page_number=79",79,"indonesia_sumatera-selatan?page_size=25&page_number=79","https://www.carmudi.co.id/mobil-bekas-dijual/indonesia_sumatera-selatan?page_size=25&page_number=79"
3138,"https://www.carmudi.co.id/mobil-bekas-dijual/indonesia_sumatera-barat?page_size=25&page_number=79",79,"indonesia_sumatera-barat?page_size=25&page_number=79","https://www.carmudi.co.id/mobil-bekas-dijual/indonesia_sumatera-barat?page_size=25&page_number=79"
3139,"https://www.carmudi.co.id/mobil-bekas-dijual/indonesia_jambi?page_size=25&page_number=79",79,"indonesia_jambi?page_size=25&page_number=79","https://www.carmudi.co.id/mobil-bekas-dijual/indonesia_jambi?page_size=25&page_number=79"
3140,"https://www.carmudi.co.id/mobil-bekas-dijual/indonesia_sulawesi-selatan?page_size=25&page_number=79",79,"indonesia_sulawesi-selatan?page_size=25&page_number=79","https://www.carmudi.co.id/mobil-bekas-dijual/indonesia_sulawesi-selatan?page_size=25&page_number=79"
3141,"https://www.carmudi.co.id/mobil-bekas-dijual/indonesia_nangroe-aceh-darussalam?page_size=25&page_number=79",79,"indonesia_nangroe-aceh-darussalam?page_size=25&page_number=79","https://www.carmudi.co.id/mobil-bekas-dijual/indonesia_nangroe-aceh-darussalam?page_size=25&page_number=79"
3142,"https://www.carmudi.co.id/mobil-bekas-dijual/indonesia_sulawesi-utara?page_size=25&page_number=79",79,"indonesia_sulawesi-utara?page_size=25&page_number=79","https://www.carmudi.co.id/mobil-bekas-dijual/indonesia_sulawesi-utara?page_size=25&page_number=79"
3143,"https://www.carmudi.co.id/mobil-bekas-dijual/indonesia_kalimantan-timur?page_size=25&page_number=79",79,"indonesia_kalimantan-timur?page_size=25&page_number=79","https://www.carmudi.co.id/mobil-bekas-dijual/indonesia_kalimantan-timur?page_size=25&page_number=79"
3144,"https://www.carmudi.co.id/mobil-bekas-dijual/indonesia_nusa-tenggara-barat?page_size=25&page_number=79",79,"indonesia_nusa-tenggara-barat?page_size=25&page_number=79","https://www.carmudi.co.id/mobil-bekas-dijual/indonesia_nusa-tenggara-barat?page_size=25&page_number=79"
3145,"https://www.carmudi.co.id/mobil-bekas-dijual/indonesia_sulawesi-tengah?page_size=25&page_number=79",79,"indonesia_sulawesi-tengah?page_size=25&page_number=79","https://www.carmudi.co.id/mobil-bekas-dijual/indonesia_sulawesi-tengah?page_size=25&page_number=79"
3146,"https://www.carmudi.co.id/mobil-bekas-dijual/indonesia_kalimantan-barat?page_size=25&page_number=79",79,"indonesia_kalimantan-barat?page_size=25&page_number=79","https://www.carmudi.co.id/mobil-bekas-dijual/indonesia_kalimantan-barat?page_size=25&page_number=79"
3147,"https://www.carmudi.co.id/mobil-bekas-dijual/indonesia_maluku?page_size=25&page_number=79",79,"indonesia_maluku?page_size=25&page_number=79","https://www.carmudi.co.id/mobil-bekas-dijual/indonesia_maluku?page_size=25&page_number=79"
3148,"https://www.carmudi.co.id/mobil-bekas-dijual/indonesia_maluku-utara?page_size=25&page_number=79",79,"indonesia_maluku-utara?page_size=25&page_number=79","https://www.carmudi.co.id/mobil-bekas-dijual/indonesia_maluku-utara?page_size=25&page_number=79"
3149,"https://www.carmudi.co.id/mobil-bekas-dijual/indonesia_sulawesi-barat?page_size=25&page_number=79",79,"indonesia_sulawesi-barat?page_size=25&page_number=79","https://www.carmudi.co.id/mobil-bekas-dijual/indonesia_sulawesi-barat?page_size=25&page_number=79"
3150,"https://www.carmudi.co.id/mobil-bekas-dijual/indonesia_sulawesi-tenggara?page_size=25&page_number=79",79,"indonesia_sulawesi-tenggara?page_size=25&page_number=79","https://www.carmudi.co.id/mobil-bekas-dijual/indonesia_sulawesi-tenggara?page_size=25&page_number=79"
3151,"https://www.carmudi.co.id/mobil-bekas-dijual/indonesia?page_number=80&page_size=25",80,"indonesia?page_number=80&page_size=25","https://www.carmudi.co.id/mobil-bekas-dijual/indonesia?page_number=80&page_size=25"
3152,"https://www.carmudi.co.id/mobil-bekas-dijual/indonesia?page_size=25&page_number=80",80,"indonesia?page_size=25&page_number=80","https://www.carmudi.co.id/mobil-bekas-dijual/indonesia?page_size=25&page_number=80"
3153,"https://www.carmudi.co.id/mobil-bekas-dijual/indonesia?transmission=automatic&page_size=25&page_number=80",80,"indonesia?transmission=automatic&page_size=25&page_number=80","https://www.carmudi.co.id/mobil-bekas-dijual/indonesia?transmission=automatic&page_size=25&page_number=80"
3154,"https://www.carmudi.co.id/mobil-bekas-dijual/indonesia?transmission=manual&page_size=25&page_number=80",80,"indonesia?transmission=manual&page_size=25&page_number=80","https://www.carmudi.co.id/mobil-bekas-dijual/indonesia?transmission=manual&page_size=25&page_number=80"
3155,"https://www.carmudi.co.id/mobil-bekas-dijual/indonesia?page_size=25&page_number=80&sort=best.match",80,"indonesia?page_size=25&page_number=80&sort=best.match","https://www.carmudi.co.id/mobil-bekas-dijual/indonesia?page_size=25&page_number=80&sort=best.match"
3156,"https://www.carmudi.co.id/mobil-bekas-dijual/indonesia?page_size=25&page_number=80&sort=modification_date_search.desc",80,"indonesia?page_size=25&page_number=80&sort=modification_date_search.desc","https://www.carmudi.co.id/mobil-bekas-dijual/indonesia?page_size=25&page_number=80&sort=modification_date_search.desc"
3157,"https://www.carmudi.co.id/mobil-bekas-dijual/indonesia?page_size=25&page_number=80&sort=price.asc",80,"indonesia?page_size=25&page_number=80&sort=price.asc","https://www.carmudi.co.id/mobil-bekas-dijual/indonesia?page_size=25&page_number=80&sort=price.asc"
3158,"https://www.carmudi.co.id/mobil-bekas-dijual/indonesia?page_size=25&page_number=80&sort=price.desc",80,"indonesia?page_size=25&page_number=80&sort=price.desc","https://www.carmudi.co.id/mobil-bekas-dijual/indonesia?page_size=25&page_number=80&sort=price.desc"
3159,"https://www.carmudi.co.id/mobil-bekas-dijual/indonesia?page_size=25&page_number=80&sort=year.desc",80,"indonesia?page_size=25&page_number=80&sort=year.desc","https://www.carmudi.co.id/mobil-bekas-dijual/indonesia?page_size=25&page_number=80&sort=year.desc"
3160,"https://www.carmudi.co.id/mobil-bekas-dijual/indonesia?page_size=25&page_number=80&sort=year.asc",80,"indonesia?page_size=25&page_number=80&sort=year.asc","https://www.carmudi.co.id/mobil-bekas-dijual/indonesia?page_size=25&page_number=80&sort=year.asc"
3161,"https://www.carmudi.co.id/mobil-bekas-dijual/indonesia?page_size=25&page_number=80&sort=mileage.asc",80,"indonesia?page_size=25&page_number=80&sort=mileage.asc","https://www.carmudi.co.id/mobil-bekas-dijual/indonesia?page_size=25&page_number=80&sort=mileage.asc"
3162,"https://www.carmudi.co.id/mobil-bekas-dijual/indonesia?page_size=25&page_number=80&sort=mileage.desc",80,"indonesia?page_size=25&page_number=80&sort=mileage.desc","https://www.carmudi.co.id/mobil-bekas-dijual/indonesia?page_size=25&page_number=80&sort=mileage.desc"
3163,"https://www.carmudi.co.id/mobil-bekas-dijual/indonesia_jabodetabek?page_size=25&page_number=80",80,"indonesia_jabodetabek?page_size=25&page_number=80","https://www.carmudi.co.id/mobil-bekas-dijual/indonesia_jabodetabek?page_size=25&page_number=80"
3164,"https://www.carmudi.co.id/mobil-bekas-dijual/indonesia_dki-jakarta?page_size=25&page_number=80",80,"indonesia_dki-jakarta?page_size=25&page_number=80","https://www.carmudi.co.id/mobil-bekas-dijual/indonesia_dki-jakarta?page_size=25&page_number=80"
3165,"https://www.carmudi.co.id/mobil-bekas-dijual/indonesia_banten?page_size=25&page_number=80",80,"indonesia_banten?page_size=25&page_number=80","https://www.carmudi.co.id/mobil-bekas-dijual/indonesia_banten?page_size=25&page_number=80"
3166,"https://www.carmudi.co.id/mobil-bekas-dijual/indonesia_jawa-barat?page_size=25&page_number=80",80,"indonesia_jawa-barat?page_size=25&page_number=80","https://www.carmudi.co.id/mobil-bekas-dijual/indonesia_jawa-barat?page_size=25&page_number=80"
3167,"https://www.carmudi.co.id/mobil-bekas-dijual/indonesia_jawa-timur?page_size=25&page_number=80",80,"indonesia_jawa-timur?page_size=25&page_number=80","https://www.carmudi.co.id/mobil-bekas-dijual/indonesia_jawa-timur?page_size=25&page_number=80"
3168,"https://www.carmudi.co.id/mobil-bekas-dijual/indonesia_jawa-tengah?page_size=25&page_number=80",80,"indonesia_jawa-tengah?page_size=25&page_number=80","https://www.carmudi.co.id/mobil-bekas-dijual/indonesia_jawa-tengah?page_size=25&page_number=80"
3169,"https://www.carmudi.co.id/mobil-bekas-dijual/indonesia_yogyakarta?page_size=25&page_number=80",80,"indonesia_yogyakarta?page_size=25&page_number=80","https://www.carmudi.co.id/mobil-bekas-dijual/indonesia_yogyakarta?page_size=25&page_number=80"
3170,"https://www.carmudi.co.id/mobil-bekas-dijual/indonesia_sumatera-utara?page_size=25&page_number=80",80,"indonesia_sumatera-utara?page_size=25&page_number=80","https://www.carmudi.co.id/mobil-bekas-dijual/indonesia_sumatera-utara?page_size=25&page_number=80"
3171,"https://www.carmudi.co.id/mobil-bekas-dijual/indonesia_bali?page_size=25&page_number=80",80,"indonesia_bali?page_size=25&page_number=80","https://www.carmudi.co.id/mobil-bekas-dijual/indonesia_bali?page_size=25&page_number=80"
3172,"https://www.carmudi.co.id/mobil-bekas-dijual/indonesia_lampung?page_size=25&page_number=80",80,"indonesia_lampung?page_size=25&page_number=80","https://www.carmudi.co.id/mobil-bekas-dijual/indonesia_lampung?page_size=25&page_number=80"
3173,"https://www.carmudi.co.id/mobil-bekas-dijual/indonesia_gorontalo?page_size=25&page_number=80",80,"indonesia_gorontalo?page_size=25&page_number=80","https://www.carmudi.co.id/mobil-bekas-dijual/indonesia_gorontalo?page_size=25&page_number=80"
3174,"https://www.carmudi.co.id/mobil-bekas-dijual/indonesia_riau?page_size=25&page_number=80",80,"indonesia_riau?page_size=25&page_number=80","https://www.carmudi.co.id/mobil-bekas-dijual/indonesia_riau?page_size=25&page_number=80"
3175,"https://www.carmudi.co.id/mobil-bekas-dijual/indonesia_sumatera-selatan?page_size=25&page_number=80",80,"indonesia_sumatera-selatan?page_size=25&page_number=80","https://www.carmudi.co.id/mobil-bekas-dijual/indonesia_sumatera-selatan?page_size=25&page_number=80"
3176,"https://www.carmudi.co.id/mobil-bekas-dijual/indonesia_sumatera-barat?page_size=25&page_number=80",80,"indonesia_sumatera-barat?page_size=25&page_number=80","https://www.carmudi.co.id/mobil-bekas-dijual/indonesia_sumatera-barat?page_size=25&page_number=80"
3177,"https://www.carmudi.co.id/mobil-bekas-dijual/indonesia_jambi?page_size=25&page_number=80",80,"indonesia_jambi?page_size=25&page_number=80","https://www.carmudi.co.id/mobil-bekas-dijual/indonesia_jambi?page_size=25&page_number=80"
3178,"https://www.carmudi.co.id/mobil-bekas-dijual/indonesia_sulawesi-selatan?page_size=25&page_number=80",80,"indonesia_sulawesi-selatan?page_size=25&page_number=80","https://www.carmudi.co.id/mobil-bekas-dijual/indonesia_sulawesi-selatan?page_size=25&page_number=80"
3179,"https://www.carmudi.co.id/mobil-bekas-dijual/indonesia_nangroe-aceh-darussalam?page_size=25&page_number=80",80,"indonesia_nangroe-aceh-darussalam?page_size=25&page_number=80","https://www.carmudi.co.id/mobil-bekas-dijual/indonesia_nangroe-aceh-darussalam?page_size=25&page_number=80"
3180,"https://www.carmudi.co.id/mobil-bekas-dijual/indonesia_sulawesi-utara?page_size=25&page_number=80",80,"indonesia_sulawesi-utara?page_size=25&page_number=80","https://www.carmudi.co.id/mobil-bekas-dijual/indonesia_sulawesi-utara?page_size=25&page_number=80"
3181,"https://www.carmudi.co.id/mobil-bekas-dijual/indonesia_kalimantan-timur?page_size=25&page_number=80",80,"indonesia_kalimantan-timur?page_size=25&page_number=80","https://www.carmudi.co.id/mobil-bekas-dijual/indonesia_kalimantan-timur?page_size=25&page_number=80"
3182,"https://www.carmudi.co.id/mobil-bekas-dijual/indonesia_nusa-tenggara-barat?page_size=25&page_number=80",80,"indonesia_nusa-tenggara-barat?page_size=25&page_number=80","https://www.carmudi.co.id/mobil-bekas-dijual/indonesia_nusa-tenggara-barat?page_size=25&page_number=80"
3183,"https://www.carmudi.co.id/mobil-bekas-dijual/indonesia_sulawesi-tengah?page_size=25&page_number=80",80,"indonesia_sulawesi-tengah?page_size=25&page_number=80","https://www.carmudi.co.id/mobil-bekas-dijual/indonesia_sulawesi-tengah?page_size=25&page_number=80"
3184,"https://www.carmudi.co.id/mobil-bekas-dijual/indonesia_kalimantan-barat?page_size=25&page_number=80",80,"indonesia_kalimantan-barat?page_size=25&page_number=80","https://www.carmudi.co.id/mobil-bekas-dijual/indonesia_kalimantan-barat?page_size=25&page_number=80"
3185,"https://www.carmudi.co.id/mobil-bekas-dijual/indonesia_maluku?page_size=25&page_number=80",80,"indonesia_maluku?page_size=25&page_number=80","https://www.carmudi.co.id/mobil-bekas-dijual/indonesia_maluku?page_size=25&page_number=80"
3186,"https://www.carmudi.co.id/mobil-bekas-dijual/indonesia_maluku-utara?page_size=25&page_number=80",80,"indonesia_maluku-utara?page_size=25&page_number=80","https://www.carmudi.co.id/mobil-bekas-dijual/indonesia_maluku-utara?page_size=25&page_number=80"
3187,"https://www.carmudi.co.id/mobil-bekas-dijual/indonesia_sulawesi-barat?page_size=25&page_number=80",80,"indonesia_sulawesi-barat?page_size=25&page_number=80","https://www.carmudi.co.id/mobil-bekas-dijual/indonesia_sulawesi-barat?page_size=25&page_number=80"
3188,"https://www.carmudi.co.id/mobil-bekas-dijual/indonesia_sulawesi-tenggara?page_size=25&page_number=80",80,"indonesia_sulawesi-tenggara?page_size=25&page_number=80","https://www.carmudi.co.id/mobil-bekas-dijual/indonesia_sulawesi-tenggara?page_size=25&page_number=80"
